row_id,split,z_ph,z_Hardness,z_Solids,z_Chloramines,z_Sulfate,z_Conductivity,z_Organic_carbon,z_Trihalomethanes,z_Turbidity,label_true
0,train,-0.03567408905656294,0.2503623255334097,-0.11643673852295305,0.12655768017097033,0.9527631808180405,1.6801070190836382,-1.1882703836706052,1.3228291118966935,-1.2886327483469397,0
1,test,-2.2929843637885594,-2.0625349003634836,-0.3624168230786953,-0.2877570106502453,-0.02048549852678704,2.0323201359897936,0.28025431687742497,-0.6203243539213172,0.6774743064094922,0
2,train,0.6910543165703517,0.8432643750445707,-0.2167946455371364,1.3575226250249628,-0.02048549852678704,-0.1157022283522517,0.7968515953942115,0.01917929336934404,-1.1699667005079888,0
3,train,0.8392278734516182,0.5409914335503947,0.02322328689268088,0.599536422112019,0.6333719142926088,-0.797774118795817,1.2765122793699377,2.1689107818622366,0.841300603220204,0
4,validation,1.3671704014389607,-0.4787112808097701,-0.43651736838505606,-0.34298886220621266,-0.6504867601811946,-0.36461422504304697,-0.8277353676933409,-2.162271796885524,0.13326218232095985,0
5,train,-1.021218966458519,-0.25768662455164926,0.7892170125730843,0.27899397945034865,-0.19619344971715588,-1.8182820181208348,-1.7940226118329023,-0.7097580403726618,-1.8045158005310764,0
6,train,2.1376061025401953,1.5737640009703715,0.7893341036125007,0.25939226415588323,1.643348429251795,-1.779042116138819,-0.1450828052809114,1.1715301632823931,-1.65965818670583,0
7,train,1.0564639991016598,0.20350423399785744,-0.9266989032109213,-1.5788881785596334,-0.8379413360155094,0.5745256658191823,-0.5812989774236405,-0.2103460326366296,0.5505818063258572,0
8,test,-0.03567408905656294,-2.3823222006658074,-0.8568753937904217,0.44055678852978913,-1.7898514250814699,-0.4759753037653715,-0.4766005488834068,-0.7724355120542304,-0.4806129877047844,0
9,train,2.7887519942007835,0.935060303418264,0.41771026566038366,1.2337305366075793,1.9283554658589135,1.674891338123284,1.120881179494437,0.3713150330956917,0.5111159845656604,0
10,train,0.18828386498794733,-0.9562223765545661,1.21077282877861,0.2826277475016093,-0.1976766549840898,-0.03217191936759517,0.4047050010235419,0.7999367125619646,-0.39458549363020184,0
11,test,0.6062231377457236,0.6733861053611832,-0.3467562584827939,0.6313450338616738,-0.02048549852678704,-0.7875230878598319,0.08009560385169835,0.6570860815176207,0.05224392207471009,0
12,train,0.02433310140990184,-1.226405424346583,-0.3509494823143917,-2.1751409364157963,-1.4137016178790773,-0.989449065125983,0.5095543132456561,0.8481489537767047,-0.671480652442681,0
13,test,-0.03567408905656294,-1.426536256188683,0.6279066035802856,-0.16128949563040346,-0.9448780235007095,-0.5944662987096018,1.562335496474385,0.6586123925765438,0.5666294565818798,0
14,validation,0.28059689369482016,0.2642924683892228,0.7481665364784574,-1.261407771523429,-0.02048549852678704,0.20523492697335272,-0.316825948150766,0.2650763293962054,1.031338156231858,0
15,train,-0.5016316960424507,-0.3061233790008025,2.1910028724021715,1.5779073652639708,0.8421256010579031,1.0938551018940998,-0.8333945000298222,0.5674572393493731,0.5185152930661919,0
16,test,-0.021988532854363477,0.43911924938385744,1.0432382206907154,1.8677553983222777,-0.02048549852678704,-1.390926618760039,1.8762832789174322,-0.5998846366227379,0.38051316288726095,0
17,validation,1.4279919941083925,2.3626961627257503,0.25345705314474704,-0.1196900142205122,1.7720660783816307,0.6160245199429711,-0.2681743186967225,0.3384090193071381,0.6813163419599141,0
18,train,1.2876791425115577,2.5325867282177543,-0.26791312431940884,-0.55624979291794,-0.02048549852678704,0.04252572101831547,-0.4207044223887881,-0.14551943226892305,-1.9625984266910828,0
19,test,0.1953712742692948,0.5447677178790796,0.43430554749204103,-1.6600976350564587,0.053053593970069694,0.5166824309140372,-0.5368331892597705,-0.21041142211210678,-1.8037601607311031,0
20,test,-0.03567408905656294,0.9412995129926899,0.05590474923295494,2.01674302989991,-0.02048549852678704,1.563158685947019,0.6325855068407932,-1.3140279153956094,0.20787377254323877,0
21,validation,-0.2885775192845647,-0.8715446609629152,1.0391139483214131,-0.7715497627169319,-0.6286511656660205,1.1792441618640779,1.1075515239842162,0.6923475670441962,-0.2828105234838543,0
22,test,-0.03567408905656294,0.5901643888137377,-0.5357354200799351,-0.9283797432388181,-0.18889914038701566,0.10183701586351897,-0.022905297607540103,-0.3968438517965925,1.90327863357078,0
23,train,-2.1660835846482076,0.005573714428260566,-0.07362235443507657,-0.06279088130693661,-0.02048549852678704,0.20318315622742777,0.7174315373087468,1.5250354811079418,0.7131085323460097,0
24,train,-1.1463423071980074,-1.715722552814622,-0.5175970996016671,1.8441142465029845,-0.15006067281603358,0.5531590786373273,-0.9200944969128478,-0.582120858492805,1.091956157191101,0
25,train,-0.3878381418642114,0.06270400705172595,-0.06779480237413532,0.9806036516089185,-0.28083166545812305,-0.18121998001453019,0.19459033593555738,0.8701436656423108,1.5728928941687585,0
26,validation,-2.477497410810489,0.3434023893038078,1.3214168353370708,1.0498946679300087,1.378164811907487,0.1699913546465022,-0.14012466409064794,-2.2708557755168335,0.2730572639579226,0
27,train,-0.03567408905656294,-1.561592253411345,-0.9775911804972575,0.5042780134507293,-0.818931557662026,-1.5899857276516927,-0.4694186600048288,-1.0507720063365842,0.04348833655108507,0
28,train,-0.03567408905656294,2.1361250915415373,0.517690229704776,0.3756898065140877,1.6907504166574192,-0.7828163938184806,-1.1977028531810041,-0.8307686214631016,0.026472144610608952,0
29,train,-0.03567408905656294,-1.4885014311602298,-0.7535523826913246,1.2148098356065515,-0.7362764843641686,1.6738962250346727,0.7050789025871826,-0.8518210856960856,2.6435913149671206,0
30,train,0.06628772990809365,0.3954830550592849,-0.7532318254845429,-0.6868697796525857,0.12396023013305285,-1.058516198332961,-1.9399919604930695,0.3435163612476615,1.4296406517530473,0
31,train,1.8663886157362997,-0.18280556382667454,-0.2431593934312158,-0.21155980272983713,-0.02048549852678704,0.3061890537998644,0.8061520722757622,-1.2063463458743557,-1.423749404037676,0
32,train,2.280188217483045,-2.419018063820461,0.05833177514934235,0.6631961296811544,-0.717170742854553,-0.18496210646825262,-0.4201080127240204,-0.024333889447256056,1.3892967190526178,0
33,train,0.2247129325764116,1.1745118378843267,1.2225226926482644,-0.15647413198826346,1.465172908970583,-0.19733005290481254,-1.2295608749214813,-1.370653329737511,-1.0360932942794576,0
34,test,-0.03567408905656294,1.0897994016506514,-0.799784132727596,-1.0107145889507432,-0.02048549852678704,-0.5424554044823422,-0.6415299413146498,1.2651437715540463,1.353307803272131,0
35,validation,-1.3400235427546883,-0.14614723782653793,-0.2496862560188468,-0.6457263206755951,-0.27423983092695425,0.16952920465534757,-1.0087814960542192,-1.0696964598556475,-0.08794475413998319,0
36,train,-2.3436711840025364,-0.3926769961138226,0.3343493635815676,-0.9712129268708554,-1.3116664660922066,0.35578387691773555,-1.5999626670950615,0.4738569889572134,-0.6476999523482219,0
37,validation,-0.9980864194553055,3.295060035291655,-0.5158464531246624,-0.620573011114458,-0.02048549852678704,-0.3515402514521923,-0.6115292879084306,0.9804865217308354,-1.3737828117770534,0
38,train,-0.03567408905656294,-1.6325245207160743,-0.2130693693068237,-0.7516208597724585,-0.02048549852678704,-0.01063671875247754,2.5104322657238436,-0.8234354846692593,-1.3596948404278537,0
39,train,1.4862884285209985,0.05801625759995646,0.3265703564149132,-0.6146359106435927,-0.15776945762881708,-0.3835193832096234,0.675499882188272,-2.264599704103703,0.4515807817318912,0
40,test,-0.03567408905656294,1.1381779440886288,-1.1507024211953163,-1.5562216649851164,-0.6805965488008642,-0.9686859977840823,1.2466439336983894,-1.4854755762470504,-0.5893236576467874,0
41,train,-1.192883652459881,-0.05661577936681121,-0.5867633183358273,0.5587241414937926,-0.4709011961040452,-1.1446801709049188,-1.2492324328436528,-0.4147634946684423,0.5932864049729062,0
42,train,0.041998297117648874,1.2862343377632641,0.7928195071030448,-0.1763643247462735,1.4322277007334934,-1.1827365410285269,-0.9700273802988628,0.001304922035570111,1.5494989383805744,0
43,train,1.9312029113741849,0.18683073748550902,-1.347598134485877,-0.13385931631668405,0.09688540539736605,-1.1684422424430272,2.953327044618098,0.3622540668203523,0.9205022384830435,0
44,train,-1.5833313148268504,-0.4098172123447135,-0.02799137088820117,-1.4740018233374326,-0.02048549852678704,-0.29641461463045427,1.3473973107463697,0.05037857473534164,0.7313675249069373,0
45,train,-0.9403114567230865,0.6169079319194641,1.5697198909358558,0.05436928904219663,-0.02048549852678704,0.9446584969093506,0.5741828573033679,0.7236455812518207,0.21339333944686287,0
46,test,-0.08865493110582018,0.3958720494532283,-1.2791676839529456,-1.6413821418449084,-0.500246176713952,-0.45368213890739295,-0.2993810717662788,1.3481733732009964,-0.9912272003373244,0
47,train,2.4501708097084482,-0.7154948056270238,-0.6892106801215504,-0.9509824684024488,-0.7269176270323912,-1.2841086209725388,-1.2766570563690212,0.78300131878499,0.03697214402391822,0
48,train,-0.03567408905656294,-2.0482025049711376,1.4342153488884937,-0.4829726971876711,-0.8042879656026066,0.5217926613063547,1.3263434875903541,0.398377625451951,0.5559030555051552,0
49,train,1.1391207513177841,0.10634766406173622,-0.03165662202696249,-1.3595129873229816,-0.43773429551047127,-0.2868794709951489,-0.1516211012216951,-1.1525484849781833,-0.440820466690854,0
50,validation,-0.03567408905656294,-0.8683363528883761,0.6462243119013671,-0.031691881749421315,-0.9337642520344492,-0.5447565531205716,0.5868104845715039,0.6091454207336909,-1.1800388207387527,0
51,train,0.4939638535174133,-2.950251380130794,-1.115462807591238,-1.1743306759413663,-2.3788042791825172,2.184348375348451,-1.4233559524112485,-0.002109082118558403,-1.948073250225097,0
52,train,-0.2938360839271055,-1.5848233847771134,-0.22109146785107173,-1.3308737640681036,-1.2569447368132602,1.45414129992954,-1.0162650727552824,0.3555231670893176,-0.29254286411242086,0
53,validation,1.404597208367635,0.4594917891320368,-1.1260405842380474,0.08330655686958861,0.1628323303955731,1.229008474735721,1.2271928978451763,-1.1713062324400003,-0.22548364893784864,0
54,train,2.3669604792949888,-0.45444279939098914,-0.0034962338761228996,-0.06593833243019322,0.18036569757691148,0.35204079526233234,0.6788241017847668,-2.0194242160107407,-0.007898006117777643,0
55,train,0.2724425300974267,1.9421613003553004,1.0018118434354415,1.4218536838270985,-0.02048549852678704,-0.2874590245167955,0.5110680326750947,0.031913199302705426,1.0362048796061385,0
56,train,0.9781416722879767,1.2753600864430927,0.7927409281805782,0.7387757634276463,1.3134181623420893,0.657241913723154,-2.5231707673577652,-1.712751797969699,-0.0386926680818152,0
57,train,-1.4192725305442746,-0.197196692239037,0.2856137967121079,0.08291362813402758,-0.24522201866084664,-0.2793280433754167,-1.8439430644471295,2.110969000399114,0.6263596153024437,0
58,train,-0.03567408905656294,-1.1928095392696776,-0.5520789095134279,0.7716796929533061,-0.9276194574062929,-0.825758714212207,-0.44055856730985876,0.3548635142126611,0.5556469292645545,0
59,train,-0.03567408905656294,-1.2769514493706506,-0.14307797173112977,0.679279987543048,-0.02048549852678704,-1.698566687567418,0.7214765232363672,-0.41163640544603225,0.1522289625242853,0
60,train,-2.163630836428268,1.1241977230890536,1.1757394720420202,-0.06370800848520095,0.39921216319058545,-1.95409154179878,-1.4102693138546754,-0.1504735502438776,-0.0869333333622979,0
61,train,-0.47162013766590605,0.4994466667803573,-0.09661510460600596,-1.0726188245486636,-0.16949546930773546,-0.7229404798758501,-0.1547471161956893,-3.05471542438452,-0.06024648520513938,0
62,train,-0.03567408905656294,1.0041468264191658,1.5837476580902063,1.0677737684002138,1.4038904595880934,-1.6219463975175348,0.8147346922013192,0.026917555800952335,-0.147389504490758,0
63,train,1.0947552324184133,-0.04835094258953798,0.32344232643114124,0.7070568706613999,-0.02048549852678704,-0.3654202353142076,-0.5761122468434712,-1.1202372846733306,0.6484517292375146,0
64,validation,0.6819556514202699,-2.1141223362447548,1.2336829687628657,-0.3506914995833816,-0.02048549852678704,-0.14487079686860002,-0.9619215583147532,0.7704701848032669,0.1250954157996621,0
65,train,-0.5991883264573347,0.4776497593540549,8.013255321679472e-05,0.4840579015411988,-0.02048549852678704,-0.8120529899497784,0.20468996401638445,-0.14218706974036355,1.5918236954216134,0
66,train,-1.3793121014766174,1.2825398303690956,1.4863510640426212,1.1752101896327718,1.115257474459783,2.9793838327601434,-0.27862461978888997,0.6593604680499516,1.4523970374190676,0
67,train,-0.03567408905656294,-2.858089709681195,0.6380138388225558,0.8225753930251227,-0.02048549852678704,0.7146242410155889,-0.891107343148138,0.11106279451366582,0.8310998943022981,0
68,train,-0.03567408905656294,0.44375070842764114,-1.022484976478254,-1.616827421151442,-0.18841745993765988,-1.1667490322228504,0.5449234337511477,-1.0278588613556563,-0.6791738525500427,0
69,train,0.12082226894053127,-0.5158475956431754,0.35855803158400185,-0.7850593791601245,0.42419771040824,0.9020690773173482,0.9250587784379865,-0.9584901085593571,-0.42774044942419004,0
70,train,0.05200332885309045,-0.41778999914931003,-1.7152817523186477,-2.0523976180976446,-1.5440074100082772,0.0005258654615772228,-1.3657570705263826,1.5157637888651394,-0.10993636844200888,0
71,train,-0.9390595762494492,-2.4647411774407266,1.298519078231012,-0.02902619920539089,-1.00907392023514,0.9414591333060741,-1.6098277019492904,-1.1388496956431617,0.23870544541015679,0
72,train,-0.5901366068505447,-2.0159032791114884,-0.2679148667997877,-0.0028826673858308384,-0.9252292295003782,1.5857584311040398,-0.055166584439146286,-0.5209547074876966,1.7326708007519325,0
73,train,1.0864785448909222,1.3946881139955698,0.1331251447670585,0.26272950167401754,-0.02048549852678704,-0.9250184217180912,1.3584656628489176,0.2402142344346025,-0.12454066381699043,0
74,train,-0.03567408905656294,0.6920079941130411,-0.7915599713329693,-0.9338213671549165,0.29164207603422426,-0.03426528637356479,0.46130899898474576,-1.062486439515323,0.8760136690493148,0
75,train,-0.12714958557877357,0.44864330936088037,0.43663389279527215,-0.2062829854279066,-0.02048549852678704,-0.5543789442611675,-0.10069488190761812,1.5466873109476185,1.3451454126382552,0
76,train,-2.43019194487853,-1.1642802536899013,0.1383164684159159,-0.17159765647381658,-1.2989435816557646,-1.4865962321767987,-1.3924929672524977,0.8703392212463927,-0.2662966123208624,0
77,train,-2.288613256797734,-1.0138720169188926,1.8378328554137968,-0.2570248833973501,-0.19576353236103258,0.4876987943732187,0.09279870049429358,-0.9847918702452938,-0.3938873605611649,0
78,train,-0.42828551512000634,-0.6140980757389882,0.3020236699816818,-0.8350017777274216,-0.5224078905251446,0.6111770784745606,0.6062178981534289,-0.5315603289333477,-2.145017669673365,0
79,train,0.15844013480112645,0.6375149991996675,1.1482649473860793,1.7246079543642967,1.1840351285685788,-0.025639810263332778,-1.6126013111358415,0.21494829588240272,-0.5914098063496188,0
80,train,-3.5671565387211843,1.135277058812293,0.7824915664051706,0.3908730857105292,-0.02048549852678704,-0.21700228239195488,0.4123681482735786,-0.7489493762758331,1.3332270924608138,0
81,train,-1.0654453255733929,-0.8579115115342405,-1.056501722815692,0.39479254614053505,-0.02048549852678704,0.1919855993066625,1.1732779823921595,0.026917555800952335,-0.2709250160683214,0
82,train,0.2211980733526581,0.25254732321078543,-1.3940125068228246,-0.3683330310740894,-0.6143213871876889,0.938591224686133,-0.8357309271133315,0.9499369961922449,-0.25375769105284485,0
83,train,-0.7538748168306869,1.9072402047767276,0.6206931103966619,0.34362448409025903,1.368557135271644,1.061509362498951,-0.6140413635441538,1.0363063338817458,-1.248306407430048,0
84,train,-0.4688931309336875,-1.9273389724255288,0.22909519027365477,-1.2270215774994362,-1.8375944244169187,1.792163156779923,-1.3552790691848726,1.8320761705252402,0.2817790469660247,0
85,train,-0.5953318149234572,-0.0399540545894803,-0.9899089495656673,0.4873948854733117,-0.02048549852678704,-0.13252064429871124,-2.06693250011355,0.2807406427996897,-0.4582317250519665,0
86,train,-0.21871202820189448,1.0835082076530618,0.6083332782388784,0.49091081328449104,0.4564935910235708,0.4612095320617897,-0.12236166849163514,-0.08271494665974499,1.20933629514111,0
87,validation,1.9298589875437093,0.07538903378831234,-0.039162191797515955,-0.18520387922197698,-0.1275366750223784,0.03098586048815524,0.5207228353481191,-0.4325360044078105,-0.7485225864987045,0
88,train,2.0910234400260372,3.1742032605371704,-1.04275751788138,-0.275370250054189,1.780229672092639,0.7329225835882819,-1.5040336755455233,0.11422038289674365,1.319165825277902,0
89,train,1.1149309556857874,0.29569704851703477,0.7732108154420534,-0.4807836242738426,1.196847953748107,0.9730075553816188,-0.21726477245779333,-1.504232968183182,-1.8105020503296436,0
90,train,-0.03567408905656294,0.03856693938608988,-0.5304906873019302,0.3502318068067301,-0.12473869432745097,1.8132934418560975,-0.7320710628943655,0.1896379001424049,0.5281999464961176,0
91,validation,-0.03567408905656294,0.07314055884572246,0.899982756026549,-0.1416837796581984,0.6448259067835604,-0.08977770839007992,-1.541055648774383,-0.6859028733689946,-0.787324766952411,0
92,train,-0.6702183509131671,1.262635649984925,-0.1590572827655032,0.8478253749357446,-0.02048549852678704,-1.6871800241316464,1.531512358741523,1.7123888731466272,-1.0205368981272662,0
93,validation,1.3226208230584788,1.731456180370552,0.7000312000381332,-0.31696084785355055,1.0910835359646545,1.976046942053734,0.5756947625798591,-0.4431715090231019,-2.4958934942571833,0
94,train,-0.08899031584040232,0.1969157462268584,-1.1614936055941458,-0.997740690110828,-0.8112092368374347,1.5178420780467317,-1.4917514960387541,-0.6438404254694119,-0.40791772415806493,0
95,test,-0.6421478013151911,0.03538899693262715,0.5546692222772057,0.3053666944649964,-0.126069548746951,1.4799966682200754,0.4810400813148319,-1.5750742215465239,1.7756711822791895,0
96,train,-0.004227311026695175,0.7339836964886118,0.2343423427206895,-0.5702569893714439,0.2242185229141999,-1.1701885236686045,-1.1019938400663956,1.532392799985746,1.0148754181439281,0
97,train,-1.0864221281906163,-1.8670204734744595,-0.03746923268855037,0.6793402631333305,-1.4615064451248145,0.16438662312273938,0.18243370927356506,1.4049850202622078,1.4014138543886936,0
98,validation,0.08270256471950327,-2.3412839832077235,0.32021320413210796,-0.5574034080640408,-1.2098061070859165,-0.11783353843403063,-0.18991600989470414,-0.15106491874072353,-0.33351060756953704,0
99,train,1.4254796937085845,-1.0250558884686682,-0.10767172760792437,0.39187505205471906,-0.3680211791322867,-0.012316373736410884,-1.238904059349648,-0.23362838945748038,-1.1024022851663977,0
100,train,-1.9153802164066678,-0.9158622367774747,0.29487644340652397,0.1834421119490117,-1.0055427018270058,-0.9672158758409111,-0.24027807047212255,-0.7378339417708601,-0.2646462915195174,0
101,train,0.18025325707291862,0.8134957779969932,-1.1717439108811363,1.1168184481542343,-0.02048549852678704,0.8154927201455612,1.1874412702447719,0.4815166510605144,1.163679747391094,0
102,train,0.9817930810545767,-0.6469258160303187,-1.1355425630594431,0.24088757008749997,-0.6981943225727706,0.5700003195901502,2.319540625303057,-0.8710856296356521,1.4221652664931914,0
103,validation,-0.03567408905656294,-0.8483085677541389,1.6319052393241282,0.7684212982574504,-0.13134616845838373,2.005986496368765,1.0496941696639346,2.3469136962790107,0.0321108489494937,0
104,train,-3.04463330743968,-0.24264473464528252,1.4777374599905835,-0.18732369386821857,-0.02048549852678704,0.4940745338809928,-0.3344314581419958,-1.0516008577526976,1.0157668421653872,0
105,train,0.9575572474046186,0.22686154451031113,0.13377905178640545,0.7312893508129793,0.6872242987743232,0.0863652666648951,0.862812336511848,-0.2342170728164849,-0.12187253998953063,0
106,train,-0.03567408905656294,0.5155091425141334,0.08255345427894048,-0.08715720004812652,0.006004284344981241,0.43637518192945773,-0.8079296756464315,0.22170580743978363,-0.7317912198173605,0
107,train,1.207981114183711,1.7743764135419753,-1.387391059532152,0.5339176123738486,0.4005508442754642,-1.0314984580581614,-1.9360548432430906,0.7599184727122539,1.9882841239207727,0
108,train,-0.6712328893438088,-0.20612139284122005,0.6786148414775597,-0.40747703094409976,0.38742965946482844,-2.244835449870487,0.11409538763996416,0.46308194336222214,0.00831146501776821,0
109,train,0.9094911656340862,-0.33719671090265063,-0.9761054672926506,-1.930757689316925,-0.7052212016124342,0.43943713083515296,0.9011510510129357,-1.098539014053351,-0.01072153532879329,0
110,train,1.4992017650873675,0.7950033875246045,-1.0815785933325999,0.12011159081110016,-0.04347745127030481,-0.9151889416205193,-0.028197741602700697,0.026917555800952335,1.6228879744539262,0
111,train,0.5390768063307808,0.9060468106114807,-1.036169272410498,0.12837372368666872,0.3454913023878039,0.21421745993700933,-2.5087538180932176,-0.18944954658423918,0.34235566113496413,0
112,validation,0.43657190391971223,1.702292465391513,1.6688851128108708,0.8035445883383653,2.546303791902261,-1.091793694446122,0.9856725867271705,-0.35701934556104403,-0.3146060859374936,0
113,train,-2.5162842489528425,0.4691397296873346,-0.18030796569985455,0.9175776249759237,0.42108702010397453,-0.91305881229127,1.2067041542690513,1.03111449026678,-1.4990313912102928,0
114,train,-0.23064384650722705,0.6651522195737415,0.006540688697755513,0.04262962888035929,-0.02048549852678704,-0.6771896385238613,0.7839972754896726,0.5050002284481958,-0.08760739137800444,0
115,train,-0.03567408905656294,-0.19300262011612382,0.7111359261969427,1.5689045948500495,0.6427247492113434,-2.0240633027635107,-0.2504658547609202,0.05945103063755384,2.120365462308516,0
116,validation,0.06790612194162328,1.9960589660504469,-0.8778870052300644,1.190923208157626,0.6838625976996867,-1.6955734515568452,0.8829000207376105,1.0081252114565957,0.8008856320411171,0
117,train,2.0614328923862466,1.3396276822254367,-0.7378587667367075,-1.0619698378625868,0.7711429363928181,-0.30753634332796065,0.5712258400072071,-0.3172675383076664,-0.6970467056541253,0
118,train,0.21331957703150262,-2.2734478783571817,-1.4749346327947395,-0.12984640663421154,-2.532407220065809,0.7624102067213673,-0.27473175655148707,0.026917555800952335,-1.0507566833159094,0
119,validation,0.49612372976479424,-0.004213917791216323,2.3600845936499066,0.14801327999683794,-0.02048549852678704,0.17935724640406583,0.12328392853132235,0.026917555800952335,2.85670982761364,0
120,train,-0.14067410130884142,-1.8340175608169713,0.6395411974220232,-0.0034692430051765063,-0.725695500099085,-1.0574678145709837,1.2665149597256364,0.9554171895163835,-0.18313334372182308,0
121,validation,-0.03567408905656294,-1.5247518838578826,-0.6199305537037018,0.36757363077384375,-0.02048549852678704,0.5047327136790769,1.3269464135211886,-1.049180056744083,0.8867983031877914,0
122,test,-0.03567408905656294,1.044717747984225,0.6378560504523906,0.024554117002599008,0.9745560911718201,-1.8898582911264135,-1.4333794197203726,0.3966839612917091,0.2899345323421331,0
123,train,0.29749434203522845,2.155697533338483,0.5748709843777434,2.0887268300700668,-0.02048549852678704,0.9578601396756031,0.6038443344718993,-0.5754112636859964,-1.3939379727758647,0
124,train,0.9986130037201859,1.058181361136484,0.8085347817131836,0.45199304329817025,0.9732987414981146,0.05289465095714913,0.612578859878805,0.4456435580561882,-0.25316220336176715,0
125,train,2.1952135366409395,0.628225239962585,0.6645400307673852,1.130966716941088,0.9806306435378551,-0.5551530323084055,-2.350607516609851,-0.4145527015250033,-0.8769493734781656,0
126,train,-0.03567408905656294,1.7147040544300287,0.8597796648705605,1.7502152352399551,2.7497592518672818,0.4587795729362182,-0.31905232987902526,1.1458670619805493,1.3834480283825314,0
127,validation,0.19539494685990852,0.3369836891193711,0.35276032590153705,1.569641932031763,0.7820523138061767,-0.7989817131089604,-0.8325132469373867,0.10160370094306227,0.5648588385177196,0
128,train,2.7890312573782605,0.9678345544903121,-0.5934195421659847,-0.6249861393517652,-0.02048549852678704,0.9374147243446159,0.23590509645343202,2.827845312850519,-0.2059058838547648,0
129,train,-0.3932351779880907,0.17054016714649997,-0.5380284525557947,-0.5577065679712755,-0.19663269316297238,0.6628268436079384,0.6948396030851008,-1.2618757366343372,-0.5397444899882053,0
130,test,-0.29965862211902955,-1.3739855669056686,-1.241153123113522,-2.085676126575327,-2.550828998899721,0.12220821633770008,0.30617535942675583,-0.12126468418046842,-0.20192734030954385,0
131,train,-1.3958796327012992,-1.2688068338507437,1.4974903006456102,0.015195145457961577,-0.37642276663335456,0.8953462507966639,1.2385692674202056,-0.18531366368621535,-0.9282638464799374,0
132,train,-0.11674305387997587,-1.2559649558706065,-0.43717833637649234,-1.3587643745977305,-1.5904420737509288,0.14364227650126962,1.2594376523285082,-0.6723925677822213,-1.7373292728632983,0
133,train,0.6083434260088925,1.5070563307770415,1.1786154444428276,1.5816705363301904,1.8059167658942135,0.5628760002338373,-0.775709634025675,-2.6807291894737038,-0.5354556714727249,0
134,validation,-0.6847270925023514,0.023921353321209794,1.6097083929586142,0.6438609102413486,1.255154361679017,-0.8372891336522033,1.784930444735403,-1.536903587845087,0.29503124811386794,0
135,train,-0.5730200193964575,-0.1474961450361351,0.7210114878037203,0.020777372542117506,-0.398631599716322,0.24957075967039047,1.5621163571999157,-0.32814658372106015,0.6877667503980851,0
136,train,-0.6949264020592607,-1.1019052133232474,-0.801156795262051,0.2411335603659119,-0.7687705828322471,-1.2414348256428795,-0.598064057352666,0.1851141805481879,-0.6438843115062397,0
137,train,0.7117928192389987,-0.5768614575096803,0.6851382339001523,1.1893733757574922,0.016916375002337364,-0.38173865926020395,0.5116119145049499,0.9679237294859885,-0.7778971809241444,0
138,train,1.6872773167533412,0.1621949754823658,-0.9984311206303156,-0.7952970798503629,-0.18409751413188724,0.06640794090516577,-0.03820056489144086,-0.16277253229040622,-0.26616297512304204,0
139,train,0.7378047677870105,0.12848607439387053,0.6062821990084256,0.10300892587637168,0.2839181349525908,1.2030008288094476,0.5746399075934252,0.007223429098397097,0.40732426604293576,0
140,train,1.028256107493106,2.2465081022118425,-0.6854622724926654,-0.7379533576819771,-0.02048549852678704,3.01428767867336,1.8111296828973018,-0.7070061441869989,-0.5138930987383016,0
141,train,-0.03567408905656294,-0.8990545283880366,-0.0989889638154017,-1.3295917097831478,-0.02048549852678704,1.7051350261885336,-0.900996810940837,0.026917555800952335,-0.3722031849587077,0
142,train,-0.17606897263739849,-0.29635204209897487,2.7685926758080033,-0.5977228813228643,0.5184722538727294,-0.6725413941977643,-0.5070915711964593,-0.4667622878615616,-1.2063908764243227,0
143,validation,0.5290569682480765,0.23147684615055064,0.3790724568064709,0.5147894680387648,0.12059263022429863,0.5114123022253428,0.5290952919262679,1.2706300721883994,0.23886301444114652,0
144,train,-1.4421752911805057,0.7394419996256488,-0.0013230990736532648,-0.5274287310403772,-0.6103263962898229,-0.5124853847800176,1.1537473685516575,-0.7737453434599555,-0.7021570989512451,0
145,train,-0.5968359322931979,-0.11598131330834066,-0.9528177041537489,-0.7963140831602229,-0.21738863900910393,1.304031133894415,0.1295928060173631,-0.35694655278600107,-0.5390753807405648,0
146,test,-0.03567408905656294,-1.2173247275682983,-0.19886182506845254,0.6068378627278351,-0.02048549852678704,0.7754516282714489,0.9358375849997473,0.37084989332801627,0.5712145579693817,0
147,train,1.8281003725555205,2.0700684096342954,-1.5185748023486054,0.7804593874207324,0.6987975366912577,-0.9218892130563466,0.23958846938499248,-0.8537683334628724,0.8512565245865121,0
148,train,1.733749378277144,-1.3441705786180578,0.20797459243390085,-0.1067824521129216,-0.018515655922424507,-0.13343989465355247,0.7361392660569476,1.513368303059784,1.21382726635648,0
149,validation,-1.2912401136113687,-2.8186258552814065,-0.19966154503109118,-0.1141315656545394,-0.02048549852678704,-0.7293827581164681,0.2681197965715816,2.062124521710836,-0.9815757369009815,0
150,test,0.37409847285745446,0.08984698311673543,-0.6262248116637118,1.7467262591990582,0.6795120702287749,-0.09193978459361699,-1.1394414658903511,2.162638801783723,-1.3347555403801559,0
151,validation,-0.893830179017432,-1.2770995905723055,0.35226032622159703,-0.3525458177655718,-1.0109642411730617,-1.4086666601241007,-0.782913993314703,1.2402744627798308,0.9182667699747507,0
152,validation,-0.34320788700080446,0.01549538383362708,-0.473154089326705,-1.6142252422792032,-1.1954929843007478,-2.13965673099999,-1.3510631701643083,0.48368367517321853,0.7737330843488718,0
153,validation,-1.5542503749991647,-0.4887832520710977,-0.9398280956552508,1.171478199055075,-0.32295565730692527,1.9646505996517682,-0.5698109624900021,-0.2591514351862977,0.5725934880742054,0
154,validation,0.5887221748479001,1.272335084602125,-0.3055784436065375,-0.7757891782993281,-0.02048549852678704,0.0821076591532557,-1.713392519544295,0.07519821257877646,-0.3562752795448781,0
155,train,-0.1205660911411748,0.6149102277256632,-0.2074963992060378,0.127890893410687,0.17255686601100856,-0.881676314294062,-1.4225124217689233,-0.31653891408178314,-2.360707301341979,0
156,train,-0.03567408905656294,2.5911695812270823,0.07258104900435661,-0.2014922165144832,0.26949199786555905,-0.4024406812033143,0.19553286946253792,0.06386242502846777,0.6054728307344226,0
157,test,-0.03567408905656294,-0.1821055240907135,-1.0914755472719677,-1.5270479889417574,-0.6936254503611948,-0.35400784429148013,-0.73029203353906,-0.2681219965398517,-0.6492095017974715,0
158,train,0.9376497717409351,0.4860701233994748,1.433182300446162,0.9857218748426616,1.4014628916228298,0.6082439610090185,-0.1414065115229087,0.026917555800952335,-0.2543673767211428,0
159,test,0.4371178488282146,1.1409015331215948,-0.016673788971481893,-0.48842268944245776,0.1771469608436517,0.5455781100190248,0.04158365151091332,-1.872018018889575,-0.3199765862284417,0
160,test,-0.03567408905656294,1.56119352875383,-0.2577722288177037,1.0421206108849914,-0.02048549852678704,0.1340005804265697,0.722210273151149,-0.0740485612951149,-0.2469592269331667,0
161,test,1.2547371303756558,1.3838522855449418,0.11459674313922309,0.905089444301933,0.9379094496587145,-0.5891003429557429,-1.041576630277794,0.617234037567978,0.8068899416462483,0
162,train,-0.5964393090019696,-1.3331781257159634,-0.5071031850869376,0.6964888227764061,-0.1521535972855127,0.6557243238027655,0.0031077803166021096,-0.21542287541648605,0.46514972321726594,0
163,train,-0.6506252466537233,-1.6926342851374385,-1.3883548016425715,0.330739447524223,-1.534324174470253,-0.1600417807895139,0.664447793217373,-0.977443857141401,0.847762549832603,0
164,train,-0.03567408905656294,0.1695868711431096,-1.1190832561564514,1.3034549295691518,0.1692039445325868,-0.14056590995504314,-0.05650654901059463,-0.21242338189098786,-1.6520854513777217,0
165,train,0.15247898964583845,2.3900075625600663,-0.8210292752344601,0.6284904035635137,1.3934843889363198,-0.15266465467499005,0.7641135595696346,0.17869907001139698,-0.35132798076371397,0
166,validation,-0.03567408905656294,-0.8159043249009664,2.0590882883587276,-0.3377574891391822,-0.02048549852678704,1.077135499404641,-0.2287899607008093,-1.6225711552220594,0.4889637283929387,0
167,train,1.059893729998422,0.14855930069319712,0.5302948422283192,-0.08099488341459347,0.5076083892050953,-1.4544996710059919,1.040506852484513,0.1614422290485219,1.652452326641563,0
168,train,-0.03567408905656294,0.269333228912664,-0.16018555076100985,-0.17883131547774522,0.5888776594001016,0.6697057808962692,-0.5892654247366402,0.2828459328239989,0.16836909719933746,0
169,train,0.7278767558814166,-2.1323509644597007,-1.312657995214132,-0.7904978952455785,-1.8175895418576669,0.7384590089479597,-0.7098927830761964,1.5527727274968264,-1.3619656229358685,0
170,train,0.8235379832186747,0.28928350632011085,1.5253265658215254,-0.40878428370434305,0.36358827186232273,-0.3513916726038663,0.5512009107888745,0.8769036063083403,-0.020648522386305792,0
171,train,-0.03567408905656294,1.1379128210786873,-0.07717484512739405,-0.25371807744784364,-0.02048549852678704,-1.1740487635833585,-1.3823820173888255,0.7232501929619264,-0.8439812995343898,0
172,train,-0.03567408905656294,1.2552022728262722,0.4774128981862179,-0.014055177739032046,1.0649139433466075,-1.0257726476343412,0.05454834717292494,0.4169211493593933,-0.3379240058863999,0
173,train,1.6379638567334882,1.1446436484646743,-0.7170949460224598,-1.4715200205654835,-0.02048549852678704,-1.8490684295959445,0.744715176981808,0.9702315107170549,0.3185431597709835,0
174,train,0.5084954548050548,-0.18150531577794163,-1.6069636783369943,-1.4030622299642541,-1.1343645252461243,0.9792580944481465,0.3863028239682689,1.1972566438503123,0.7901686016549326,0
175,train,-1.8067460867068896,-1.7480037548331786,0.8021427149492726,1.161562796228378,-0.9733375061745236,0.08365827193640726,0.9286017854917679,-0.19487071820845564,0.529022621003994,0
176,train,0.10665392424008267,0.1368543896562107,0.22406743898273748,0.407604242763253,0.19665902986532116,1.8638969419264535,-0.23787572508582544,-0.21972997530193114,-0.5301258776763149,0
177,train,-0.03567408905656294,1.9456302078571492,-0.2613885914883649,1.03869276839003,0.9611279774994336,-2.181221893375702,-0.4464546561666173,-1.1068549708682345,-0.390455150780481,0
178,train,-0.1475881855065983,-0.690686264833627,0.2615181236113483,-0.9764291333754289,-0.9932167831123485,0.6918034054937251,-0.8508612104945525,-0.051525252446275475,-0.18831872172453876,0
179,train,-0.6498005219458275,0.10900731611580643,1.0443021034102615,1.0797734800918606,0.4131822363667339,-1.0674237263955828,-1.5185703662468564,0.8514972154646133,0.8248247144524804,0
180,validation,0.5670952436864863,2.4927189540531467,0.6120773017825784,1.3227835881716121,2.4980917006908214,-0.8530498529284247,0.24179909276277778,-0.587970518418587,-0.39817515096048844,0
181,train,-0.3897423914415771,-0.4550540316378566,0.8333909820565849,0.36678727111517173,0.3275965354998797,0.5835687240589068,-0.5943267799102637,-0.8669399827728607,1.124752701974434,0
182,train,-1.198415196364815,1.0925003114753047,1.7995443461569203,1.1107524798782176,1.283955548324648,1.8845700489902881,-0.6027181122450467,-0.6849056181178971,-1.3940191747709538,0
183,train,-0.21412310423857037,-0.8515218131536234,-1.223172164205849,0.015061910614922458,-0.76969338787331,-1.7064366003804328,1.3099742111689192,-0.26083813776070386,1.5980270004893322,0
184,train,-0.8211362494178597,-1.6888683964674829,-0.9289522410504887,-0.8694389550028387,-1.4840496113831518,1.3619539919466577,-0.6821862040833331,0.1134262690651548,0.0785112617562382,0
185,train,1.6679529312210155,0.16040409647410894,-1.404654879300049,-0.6176913617553759,-0.39122688497277935,-2.075029295092985,0.41657691274761965,0.026917555800952335,-1.5378568679577036,0
186,validation,-0.5065636046692927,0.8675338586391783,2.6641553695622617,-0.8025393258875584,0.8014288057601071,0.09252242028500665,-0.8804596603797489,0.9222664276633624,-0.36426688397289714,0
187,test,1.0739906831600312,2.6778925599253185,0.6002630230455268,0.4989270375027006,-0.02048549852678704,1.038811182268048,0.8101608852785136,0.40231495517638843,-0.38417744539657306,0
188,train,-0.9739571870122673,-1.5363983591563672,-0.6091181021668226,-0.37102897696014847,-0.9385938950054339,-1.9172206694002656,-0.14337904950615468,1.3755314948573192,1.5704638124626835,0
189,validation,-0.31186125742084986,-2.5873267238850253,0.4581578458202925,0.349947029705293,-0.592506120032911,-1.2417079529302721,1.57406458571897,1.2464089849676425,0.28573756782122367,0
190,test,0.48320812949120456,-0.6085045830670973,-0.39489655490319,0.293204824793517,0.12102636204997005,-0.699783283947824,-1.5984404609174085,0.6445485810278133,0.2584006829941287,0
191,train,0.3465646867076539,1.987335831509286,-0.39189452184319884,-0.4981669572195715,-0.02048549852678704,-0.4974949943702252,0.707319886258135,-0.9053867623365477,-0.758971016424006,0
192,train,0.18971112115755043,-0.33801830506565594,-0.6311991731737285,-1.109093227802449,-0.4642145682972542,-0.10766331263019122,0.5385288077103729,-0.09116540625611319,0.5596461936980838,0
193,train,1.5224518587474234,-2.0502471214138116,-0.6615088044561643,-1.6773157881741951,-1.7068167969595491,0.8855704197555738,-0.36315941442196625,1.0596141459614281,0.30043886544406617,0
194,train,-2.290457474902033,1.5978999499993816,0.2021962452418076,0.36552066501645997,0.4869815970686941,-0.00613482611414205,1.875292020240384,-1.743566207888491,-1.6015913664762549,0
195,train,-0.2917140303127112,0.6043638043616615,-0.14141569780406246,1.1758087473473686,-0.02048549852678704,-1.123591087682933,1.0652603270001368,0.3540586547598221,-1.303326454022493,0
196,train,1.895927763946289,0.5346425179028896,-0.7383648690814352,-2.333671621182066,-1.008908599092765,-0.04561362465285485,1.5065446948662184,0.2505195139918581,-0.7869089822009702,0
197,test,-1.016774748872994,0.9951501009420395,1.542893584914591,0.5561142042600501,-0.02048549852678704,0.5105018310983391,-0.30053679732771216,0.6892040957558909,0.9667134855895066,0
198,train,-1.0414051940082139,0.9930258896724594,1.0846502529279023,0.41392559023106795,-0.02048549852678704,-1.4928403670782489,-0.08845395984881868,1.3407261209007124,-2.3975932254514554,0
199,train,-2.0135451005266267,-2.183532675433761,-1.2062407691766757,-1.0785681619469245,-1.9876365593507508,0.2125820252445776,1.3191574717432677,1.2875100685994896,0.6257420448527762,0
200,validation,-0.7584593931145172,1.0336799244064716,-0.6248635793908126,-1.1234863641109338,-0.5117932213907543,-1.2350700604780331,-0.2869441324700668,-1.6834049290029514,1.8641783991743104,0
201,test,-0.03567408905656294,1.0129014850598828,-0.6432845777604086,-1.347948236094089,-0.02048549852678704,0.2570091271541134,-1.6665264332642,0.026917555800952335,0.8056963678411708,0
202,test,0.874894687843353,-0.40519174796734386,-1.0059346907026163,-0.30918585185488867,-0.4921578755238818,0.8069514398253133,-0.39061718830371817,1.3252651827651811,-0.4361992009339235,0
203,train,-0.5445390028312717,-0.20545319593963393,-1.0934819946487002,0.5069362934013595,-0.02048549852678704,-0.4034354701396136,-0.3113717233189222,-0.4556386502826638,-0.7592336067531281,0
204,train,2.848353131418509,-1.0673025368941522,-1.795289736094673,0.06749285223322012,-0.02048549852678704,-1.3737378705055656,-0.7634813406740694,-2.572471489628696,0.23335207271597475,0
205,validation,1.5072782551139043,-1.0322885239861677,-0.890458311453282,-1.77409774164887,-0.02048549852678704,-0.35146887015495404,0.3371172859366601,1.1284115506029961,-0.37024770675035995,0
206,test,0.5524031390891188,-1.3011613969786782,-1.5984786543135503,0.06739809829002141,-2.07364524891522,-0.24972621756185992,0.6596135345050915,-0.19654906180997395,0.3402560753120176,0
207,test,0.5878167382547408,2.2399710073657366,1.4370516061666299,-0.08648489740025114,1.5456064890294845,-0.02915971243537742,-0.15745270045935297,-0.6008854617066085,-0.3452742077741934,0
208,train,2.003007092382253,0.8441868150656234,-0.7798700551618778,0.20637263723208188,0.08651632329154944,1.1033400647794132,1.4056121694498822,-0.047783806600974456,0.2703470947831691,0
209,train,-0.40569035178670665,0.8814405131905984,1.4852690838831664,1.1555315038157659,1.4193201536795013,-1.2754572336301244,-0.47950814045441553,1.9642893228678227,0.7943743051631728,0
210,train,-0.8267443100309453,0.3372482022424942,0.048922402729620375,-0.31111031679033047,0.514677139531433,0.46370792306831166,0.17565359561683283,0.7418055005495713,0.9187219837480434,0
211,train,-0.03567408905656294,0.7383712927478687,-0.0459862832964887,-0.48113416800635317,0.0555642811216501,-0.5644421012004449,-1.4573302374079466,1.322776127796067,-0.3975483236291586,0
212,train,-1.2118088024168852,-1.095743612612621,0.3966551696042657,-0.5053318065601767,-0.9150843003447952,0.8602572473570681,0.22916960851177645,-0.31699079356525106,0.2491787483296864,0
213,train,0.30604750889092436,-0.3004424089447375,-1.1576673770388306,-0.7516646541405688,-0.02048549852678704,-0.7948181935791667,-1.0780253125137353,-1.0483980643737851,-0.6497319497638914,0
214,train,-2.046851205289562,0.3406988958882616,-0.4119373779277632,0.5151998013736061,-0.02048549852678704,-1.7209466315737343,-0.2928470282244773,-1.9197688194514797,-1.5501078144017963,0
215,train,-0.03567408905656294,-2.784703932066933,1.833960268458234,-0.9268969235927101,-0.02048549852678704,-0.8517306713386389,-0.6292404042398576,0.31702221390323715,-0.12405083552101231,0
216,validation,0.0014196302046466781,-0.23218618708397915,-1.9928555285800813,-2.169001023203768,-2.0445233969235503,-0.3338809338740694,-0.38881045411014986,-0.14038293215231362,-0.7088412554798452,0
217,test,-0.5535503079454092,0.5125287482241118,0.3450557059165043,0.7949687957235628,-0.02048549852678704,1.4223022685270625,1.1174302995938628,1.1699656183195046,1.704215915051017,0
218,train,0.5948172497729861,2.4521798048330314,-0.5294558679259155,0.4638393497776052,1.7468407468525755,1.065241451323654,0.08132959496936779,-0.35221471821509454,-0.6651001060318434,0
219,validation,1.2197188595926507,0.9868583280077571,0.7595141366316133,-1.1080261072966167,0.4981103188389264,0.5765577692706227,0.12850098881185984,-0.8579889182957958,0.04619984074234168,0
220,train,-0.03567408905656294,-0.1309942167346771,-0.4048109484420616,0.2337474276266775,-0.5505029416893638,0.42409439425687134,-0.1015033455547378,-0.8195175833778643,0.49543389354083317,0
221,train,-0.3202373594805449,-1.7037743122609805,0.43638257727449387,0.07843221485115978,-1.0596386109423148,-0.655987683741166,-0.06903891642296366,0.518509559983314,-0.5512589791826521,0
222,train,0.44363338643462263,-1.8205647478714817,-0.5793539935755495,0.3605884810858751,-1.408323413543431,2.062441704909543,1.3742914123169592,-0.19485308514843805,-2.330206286743247,0
223,train,1.9341646362914646,1.2869534801350924,-1.2644383300075315,-0.6150053879682457,0.4881333663995478,-0.272306360747866,-0.21830016736514285,-0.4217374212379886,0.9372490985168151,0
224,train,1.306141980819064,0.19214142042973123,-0.26077399327849843,0.09200356360236646,-0.09504686062376859,-0.7580227845784947,0.43609139194622726,-0.6603559605228211,1.1943215205544064,0
225,test,-1.3536742753104607,2.3502729030892264,0.5113546393362565,1.9456431234319307,1.273658023909975,1.0585347929780045,1.226307606503347,-0.2973656660962901,0.4876272809683999,0
226,train,1.028433781617819,2.0547120847636937,0.1599929926131557,-0.43777950933332527,1.3769451153597456,1.9826172801780508,-0.20923569556783733,1.2721723844381065,1.001530667360732,0
227,train,-0.0002070664005173144,-2.571366430243733,-1.506218308332527,-1.7986572916918393,-2.7179083343690884,0.08324474109456091,2.7948302836611236,1.7771755278904475,-0.10636911100066894,0
228,train,0.4076642537732781,-0.49097440991181185,-1.1049724952648807,-1.0594371951433534,-1.032122120613842,0.5157096535220244,0.47964297857374694,-0.2734796539123043,-0.24584751368016872,0
229,validation,-0.03567408905656294,-1.9279860745986255,-0.4031109545380472,-0.7384643378754597,-0.02048549852678704,-0.1575397969921521,-0.8441861310926868,1.7021066520600718,-0.840988363890319,0
230,validation,-0.452272180984282,0.36896208386509155,1.0180946783902831,0.41793338520188134,-0.02048549852678704,1.1783675714325714,1.8259586272139396,0.026917555800952335,-1.1197125272788837,0
231,train,-1.7979243093735338,-0.5444596358152333,0.36353787775302876,-1.3385074329012723,-0.9679215196415885,0.019117523971386344,1.0602822393052933,-0.6191448293335063,-0.8983712937843774,0
232,train,-0.07177071438942607,-0.4130860187398081,0.1479658342174185,-0.37150923461529456,-0.2929306493235917,0.5187056565361765,0.5564566128331152,-0.007714909094115348,1.0179891408126154,0
233,train,-0.31349427062017926,0.19334819949263457,-0.5288978553721311,-0.6526498396145703,-0.6068070799054608,-0.21877730964180073,0.5049544290214645,-0.06947167254947013,-1.3499737259581646,0
234,train,-2.32795745778357,0.13411178993011355,0.7157015138743501,-0.8816658031326237,-0.10432850858813968,-1.686642494553894,0.9810184217007155,0.5693701189995047,-0.8372050051283991,0
235,train,-1.5454125535983267,0.2602794407085666,-0.4739142626102363,0.6380090788488277,0.4576647347839829,-0.17209615361820807,-0.9987073089445702,-1.1860227815422515,1.5600628331670061,0
236,train,-0.8880605135372412,0.08779606859661827,0.2670040174947575,1.4710722899461164,-0.02048549852678704,0.006896803078060877,0.5379956180635718,-0.07888426703609279,0.8766027054393852,0
237,train,-0.09957889657597357,-0.5866939577845232,-1.045735447577911,0.17682074168849546,-0.02048549852678704,0.1433581415929563,-1.503844560349366,1.0802523042623884,-0.3155614922871721,0
238,train,0.24012276239844776,0.3485433306328366,0.7659909840002792,-0.37199077702320493,0.14283944048463998,1.168427981847796,0.8723053981188272,-0.051090281029271,-0.31099103643989456,0
239,train,-1.6072461745364375,1.7025806690930494,0.11595540664777614,-0.7318722839035283,1.2285875644199291,-0.20581396442835345,0.7099480126154413,0.03871793493762137,-0.06812675769667782,0
240,train,1.5635407700338082,2.0944504525915697,-0.757720637040868,-1.7604881780450732,-0.013403563702033362,0.9265695037321934,-0.9109078252414738,2.0848982670351086,0.08118326787306533,0
241,test,0.4943131350314843,-0.28828136999244264,-0.1588240874472767,0.07340047441951657,-0.2359991036411921,-0.9466676943667415,0.775975889629243,0.1500702748398553,0.0804475535780052,0
242,train,1.601652145173891,-1.622267373718868,-0.1239926410513525,0.3757126840853762,-0.02048549852678704,0.5147939195418875,-0.01473626784258384,-0.002501719362107143,0.562976392361521,0
243,train,1.5810157060855083,0.6142012848680591,0.6981552508979817,-0.586287627191214,0.5945653602929822,-0.9861452875025588,0.6353455187521523,-2.1552817087900804,-1.1170977363376646,0
244,train,-0.5193413387053691,0.32291293210725686,-1.5116934120399226,-0.6911078824444511,-1.2998653815882215,0.7859970671557626,-1.1371488507534808,0.5314097682843292,0.6784984955202906,0
245,test,-0.03567408905656294,0.632822364523837,-0.43590948060256496,0.9327687080173557,-0.02048549852678704,-0.2313794518102686,-1.2390555885395758,-3.024024265904934,-0.467650261356304,0
246,validation,-1.6194709267684209,-2.867013417301825,-0.2570591081950542,-0.20548043053227988,-0.02048549852678704,-0.7125867653754074,-1.5544507095461617,1.7607097182690832,-0.6821020756988222,0
247,train,1.2338639388293775,0.7825831957107188,-1.473137653525461,-0.6764872159229753,-0.04997850197548297,-0.03410152289980581,-1.0451102300460564,0.026917555800952335,-0.34515669946826544,0
248,train,-0.3419082991527834,2.3372261245914947,1.7476104320827686,0.6340531792914397,2.259048439936625,-0.9430840426507603,0.26475030575196346,0.8329550255706607,0.29513605202425547,0
249,train,-0.22394518826249188,1.0585290425942022,-0.3730423352656993,1.0343092199963118,0.23961865692626239,-0.5284919002503701,-0.11475340778127029,0.8355792759942969,1.5241017136065356,0
250,train,1.6074340782451848,-1.560451495362697,-0.9840109835425701,1.4625629910751303,-0.6381937766236865,2.0295304774915675,-1.7307988899971047,0.7262613877819956,-0.12237324534524356,1
251,validation,1.3212982168822924,-2.103180617344609,-0.22246997014177922,0.5728010236350567,-0.9247045683002038,0.28532555223940087,0.15508382701405346,0.48547772876001105,0.018398437946488506,1
252,train,-0.03567408905656294,-0.8197164760911236,0.18087961779039904,0.8863923519649636,-0.02048549852678704,0.5864307757518953,-0.4098905503614612,-0.9667979687679014,-1.5646159297660907,1
253,train,-0.1933268031674397,1.3879276933074916,1.972273051521813,1.4982167507125077,-4.027350230437005,-0.6352040074608015,-0.866225112721742,0.4854301592965604,-0.14823643691342034,1
254,train,0.06130865106927348,0.2049572970040129,-0.16084853666081433,0.36431445912032584,-1.283487090160583,-1.3858901447277208,0.08247093273769743,0.525250366903368,-0.0395991404502004,1
255,train,0.39072473792333434,1.233243469564949,-0.8614045600997076,-0.5034490711671123,1.0804317876597607,-0.14013103929138251,-1.1624330827884302,1.2506972058688326,-1.9610502448821268,1
256,test,0.8434630742690183,0.32275211200225173,0.7096568539936482,1.0778787277121027,-0.9888912570314715,-0.8537384288561359,1.359953791402465,-0.3299248832739611,0.10392801178599023,1
257,train,-0.7828029696968108,0.831675477352381,0.16335426344044135,-1.5540646230387252,-0.02048549852678704,-1.856285223567651,-0.8862948848640213,0.03209806632174446,1.594644388361938,1
258,train,1.8508870713906829,-3.0019223266801154,0.6308765344838057,1.3215512859686032,-0.29174155641057836,1.0406774701027632,-0.02906323022610262,-0.42225893559188216,-1.5424668269944157,1
259,validation,-0.6686466736269149,0.5684116843903406,-0.6643782735696545,1.0966321061767215,-0.6958825755241099,-0.12510215733513805,-0.34161578220732913,-0.22889341029040483,-0.5565974863913629,1
260,train,-1.4203912512489762,2.5548136977935947,0.5730296003121164,-0.6020848848737915,1.1097501411301909,-1.6069837141190852,0.4000428176246172,0.2815573822605461,-0.7240671532077793,1
261,validation,-1.5443020298966161,0.6425482878433961,-0.6171220190493807,0.2268447837394061,-1.5126129305638474,0.6592389088908714,0.38343868028959743,0.7336072766040751,0.517077362648751,1
262,train,-0.3649590640308078,2.50892490949184,0.4204279500509958,-0.21664581368525346,0.9075898844373228,0.8544812019524516,0.7033996455254121,0.8369254996682625,-0.45907473298646456,1
263,train,4.1470561524535015,-4.575358097426734,-0.2932306984125817,1.1276977551225926,1.1348601213425635,0.8905224897023158,-0.6669346600269555,0.026917555800952335,0.17398922000107134,1
264,train,-0.3173086411165881,1.1321293440658031,-0.25215424900331174,-1.4928803611452959,2.7114270761755215,-0.3244467347199028,-0.7641430384299772,0.44833415806477256,0.5969634432252325,1
265,train,0.4792738131487056,0.48944414293259547,0.9178683349044082,-0.06113980141689783,0.7372365257689406,-0.8433456780361542,0.17279096934096375,1.124176180717952,-0.7699432421197436,1
266,train,-1.2882699105148336,0.4404916081207535,-0.7908045429225266,0.08822658175546275,-0.29420740638123577,-0.4840974317278144,1.075663096061375,1.1019364894743766,-0.14202037630010322,1
267,train,-0.9924525988752629,1.0462041647503901,-0.8390254942184986,-1.1755431024832803,-0.02048549852678704,-1.00376872031043,-0.885732277182244,-1.4526660468061283,-2.5927246976054494,1
268,test,-0.14599670129277081,1.6725016794968823,-0.009736581928823186,1.0629959460812068,-1.4842018578750458,1.373927568270834,-0.3884654407665208,-0.6152144396478935,0.9665311829481957,1
269,train,1.344298426540126,-1.2677010814666023,-0.6916316784898746,0.09650554476762979,0.25845655621564406,0.43625696986696183,1.098445525522316,1.0810094687721237,-0.4075741722391245,1
270,test,0.14147667607733086,-2.1201101590540583,0.6794283134914163,1.6557150687190338,-2.375108283379289,0.14365802069001032,0.9242414642942803,-0.4158018191566892,1.7363527634760478,1
271,train,0.13059757081656914,-0.658953758677393,0.09451007237984922,0.4920721182553321,-1.1125589082324479,-0.6735464253611215,0.9629844473302855,-0.590525440066104,1.3956742118050203,1
272,train,-0.38898052698975694,0.997348191265079,0.07519375208202354,3.416206770232459,-3.8938059728853944,0.634840596617029,-1.309515972906197,0.0349265868480368,0.8210874968787131,1
273,train,0.08428723194072726,-0.6390353578166575,1.5922381128251937,0.6037275541683678,-0.3767886810900732,0.5000222012960375,0.5813113617486765,0.3187187564906853,-0.2661358208362482,1
274,train,-0.03567408905656294,-1.2320555660031312,-0.6451175624104943,-0.29127525251174713,0.5088948513278082,2.480906120300832,-0.23135659553326127,-1.5068511822749948,-0.2531204418972918,1
275,train,-1.1976484143920147,2.5550357149839513,1.539925624117887,3.7051699849653565,-4.218594606718755,-0.4384336603984819,-1.1500182284334086,-0.6991869492799856,0.5834626118777205,1
276,train,-0.0012135902863751019,-0.8352217512594603,0.9141874913546824,-1.0303584362852996,0.45530054083869587,-0.9239363667887268,1.436515637752875,-2.2642333073174243,-0.6205592804205851,1
277,train,-1.1913565174427878,0.8601719332457451,0.8061528508703163,-0.6533204313356312,-0.02048549852678704,-0.8358261356647958,-0.6169313703746226,0.06573722730733333,1.4328338373148664,1
278,train,2.5039084073797544,-3.5247929533976734,0.47637474066849816,0.8600144343869895,-0.42278563101940553,-0.43495073624041936,-0.4734491327088719,-0.8790218165751074,0.8835351788735524,1
279,train,-0.5427969994479891,1.8872371307852782,-0.9147161433518055,0.24060648213306463,-0.14120668483272014,1.6693362992722676,0.6720941480803478,0.4689136451216113,0.17135343835499087,1
280,train,1.8453302093672084,-2.048803623517,-0.12879540181898036,1.4291491430527428,-1.1490770359000455,-0.010719582190181567,-0.7375023217124245,0.7981276362721923,-1.3112879310666232,1
281,train,0.7668421286976334,-0.9077564731932141,-0.8969943815303075,2.0721480800850705,-2.4808223688388633,-0.455104976518573,-0.15812685254350375,-0.3206222843784851,1.2853913144120133,1
282,train,-0.09692327525526724,-0.7167546969439909,-0.19377256114721514,-0.2491594693403035,-0.02048549852678704,-0.659500156292909,1.7356984454208113,0.026917555800952335,0.7574306646075245,1
283,train,2.2276483217720013,-1.8510411323629423,3.0510130192035096,1.2845124681460622,-0.16202008389512343,-0.767530889227375,1.135491513792019,0.7124709729503762,0.2953746376313759,1
284,train,0.5956450844401565,-0.7734761539309968,0.20616625062193175,1.5206722346111117,-2.0278637382486666,-1.2370761195853153,0.5669386172422997,2.6386589609275792,0.9298380012067733,1
285,test,-2.179594073563274,1.4430892958000074,-1.6005052839607319,-4.091481646163363,-0.02048549852678704,-1.068624943659051,-0.3895508763142702,-0.38071577763415104,-0.3028867343688593,1
286,train,-0.9615202787778743,0.592155022611109,-0.6675392137837508,0.2513951249337551,-0.02048549852678704,-0.6835353674435929,1.111066186810248,0.7186835225694909,-0.17608784016926546,1
287,train,1.987444619250451,-1.6435406672613406,2.765614256714632,3.623162963672269,-0.02048549852678704,1.8063956149923297,0.8258146695672726,-1.8600003121614415,0.9916962503985964,1
288,train,-0.3616728310666367,0.06391729566036625,1.3876165273210825,0.9932326435534987,-1.6180105194065202,0.6060320614857955,0.03233546995900603,0.7640068767710221,0.9170226599128275,1
289,train,0.37068257950934613,-1.2236869565240345,0.5041546398478437,0.7729207591390415,-2.1634373073305215,0.8377834544774557,-0.19272219857602063,-0.03248608327313361,0.2700652144885991,1
290,train,-1.5612721755775034,2.206610327132346,-0.4497899632087051,-1.5841437388731754,1.1923612999697804,2.2290485096414696,-1.0577829113284478,1.1144102925628239,-0.9104758155162659,1
291,validation,0.426786582501065,-0.45307101376381664,-1.7369881811667314,-1.0640899048487262,1.5591224288722065,1.0881953901940924,0.8403386403948732,-0.4991124084060603,0.4067505363075818,1
292,validation,0.8218896612312003,0.4442566478527763,-0.20557343268710215,1.0410020566542866,-1.5943116540074513,0.5905667065921019,-0.5045562695081641,0.03140349080976178,-0.6984038714094681,1
293,train,-0.6065462947065878,0.8876163987377029,-1.0164252909764169,-1.46901039560637,-0.02048549852678704,-0.47560047399808736,0.0906164978262538,0.6553055860707805,-0.6447687305273189,1
294,train,1.3266191488714265,-2.307147906971614,-0.7052094463875314,-0.5854278366222481,1.073898386737685,-0.46017860728002696,0.2344575064170901,-0.18960335612152537,1.2229410736355464,1
295,train,-0.6430899229008052,1.224451803972829,-1.5629859619943094,-0.5272854001091759,-0.02048549852678704,-0.14488077410422373,-0.45489036335553024,2.5298579550954914,-0.9078570502155767,1
296,train,0.030869153309841503,-0.5623533319652426,0.45823578397433784,0.24345111042534545,-0.5723027889402473,-1.2903821144598508,0.655365803983683,0.19266549477296685,-0.7061928973133685,1
297,train,-0.03567408905656294,-0.16660527512530074,0.015245881661290612,-0.9160887110541094,0.5949973675060714,1.0034318850262025,0.7426514479849873,1.1401083716349936,0.1773980951255076,1
298,train,-1.1339501393497058,-0.27412951335730323,1.6034399592179318,-1.7071895117929703,-0.02048549852678704,0.326945410079631,-2.413730032573578,2.3610170199764613,0.6849976052069926,1
299,test,0.6749668941592206,-0.0280850165737364,0.872859952912939,2.1163849090722326,-0.9635126821405102,-1.309493251084417,-1.3806063146944219,0.4193409199138827,-0.3682075854268015,1
300,test,-0.03567408905656294,0.8754886062788925,0.07936452284183318,-0.02461821371750935,1.1892803152933742,-1.6841127199339458,-0.8180234788584371,0.40502481694554604,0.14173515482544022,1
301,train,2.019016138781647,-1.9580292249161422,-1.1674206577234183,0.9056093199441144,-0.2832559270005388,0.18209682891635692,-0.2715983105867529,1.6514336686489794,1.4866957711583713,1
302,train,-0.9643274023637429,1.017713675940619,-0.5531858876082413,1.045009006753739,-1.105298064075746,1.5545366004946248,-0.0028429901080791586,-0.7402508294619927,-0.4317690624819812,1
303,train,-0.03567408905656294,-0.4607010932127353,0.6785328060476405,0.3070317290629204,-0.9775320385927537,-0.12771941980144516,-1.7235502167336159,0.4313100146834635,-0.20836312238876253,1
304,test,1.2526282811527079,-1.8628491602435655,0.6948752927866764,3.2811633915688065,-0.02048549852678704,-0.15239096166169894,-0.7079234512182265,0.20263226254515931,0.236211602616235,1
305,train,-0.4460809662433033,0.885461015815724,-0.7076788426889828,-0.587931479568127,-0.02048549852678704,0.46898209564954224,1.1476740739692446,1.3337712159059376,0.273551377349971,1
306,train,-0.08406673629450677,0.15305617089467238,-1.1911343292750076,-1.7440735274994685,-0.02048549852678704,0.5003742048244398,-1.1543718620451586,1.4936351730982147,1.2889270979442013,1
307,test,-0.8240625209355744,0.20253594213415935,-0.29565111747162304,1.3182044047049382,-0.02048549852678704,-0.09493408549999917,-0.9620394843748801,-0.05626955069571025,1.8429726249449778,1
308,train,-0.19649264367140412,-0.27393914898633365,-0.7413259749079756,0.2426879598066671,-0.46316315878613673,0.8710484072518965,1.632583178903184,-0.6791327105473404,1.5245600245158117,1
309,train,2.0131299893955834,-2.540386073901696,-0.63142841120634,0.5246082832523381,0.8250772839113313,1.5960173131815834,-0.32691252228450174,0.5776986618038916,-0.2088202197629237,1
310,train,-0.03567408905656294,2.3455891163693963,2.5826576945820086,0.8196987798719538,-2.7470210936979274,0.7105905956364289,0.13493864974219197,-0.8842651233252011,0.1968228460902245,1
311,train,0.14430165265401643,1.1956788456235137,1.6194865941855723,-1.1843631133896553,1.190974590621465,-0.5223333390943615,0.8531656959974463,1.489665109027562,0.25276239041320714,1
312,train,-0.03567408905656294,-1.0694443766510586,0.8518638610438011,-0.04255066195744152,0.4560994456475226,-0.64353431146136,1.6821886948717075,1.304291482364295,-0.6052142593236562,1
313,train,-0.8315750421784287,-0.3572331447836261,2.532902038043301,-1.6912182928539532,2.1658597927424865,-1.1884377713399263,0.3188213729667508,-0.41266593114886746,1.9648760698979804,1
314,train,0.1416492488612278,-0.681631419288062,1.3859356016837323,1.5045083033805247,-2.050245282493844,0.0876855279407098,0.6209360108798966,0.9868943487440937,0.6343244874316427,1
315,train,0.6663281346612479,0.11559439409818068,-1.1661851241836674,1.7401237128718654,-0.02048549852678704,1.0158505052200733,-1.1053172795465298,-1.5922382582645394,0.640628010807091,1
316,validation,0.5023644485488354,-1.2118002532438692,0.1711543556439951,1.237992191746313,-0.24635837083400505,-1.6436512394861755,0.8941761132379313,0.4088179331575235,-0.5599708262920775,1
317,train,2.871477407890797,-3.6550852861964462,1.981857960345027,0.8853059146841807,0.101024406938189,-0.21122361911847293,0.019259728557235387,-0.8236151221019246,-0.8456156858140613,1
318,train,-0.3338160659786413,1.1276087219907562,0.42967227395533053,1.675166986327235,-0.02048549852678704,0.7605841507489414,0.03844761739543146,-1.2455105471192907,-2.077056264668975,1
319,train,1.4140547783405328,-2.3561698401608946,0.5467233706225729,-0.6177755747445179,0.2599740230535457,-0.594918056106466,-1.0291439831512026,-0.7311229210588959,1.172868830931084,1
320,train,-0.03567408905656294,-1.5907968400014736,-0.8316732820695055,-0.7962712370916795,0.5433279086532876,-1.6898344346994603,-1.628106383219553,0.09315231038906248,2.495763478680852,1
321,train,-1.6619560776909998,3.4014105662630385,-0.6485578230259667,0.3802249856409331,-0.02048549852678704,0.14729492952165468,1.2778172243650168,-0.3784422967100274,0.015350900894750065,1
322,validation,0.4863535612278389,-0.25518521514120746,1.2394486246429395,2.480895536550434,-2.0769872432702945,0.975969735628632,1.2263140065167797,1.2079133031944873,0.1744274647427764,1
323,train,-1.034661062140491,1.8231462520070625,-1.2028502881868062,0.07175447497275618,-0.12314447673727388,-0.7202610787670222,0.42099349410142933,-0.9485190421584229,-2.154536128893849,1
324,train,0.5463588576691939,0.5005120072670899,1.9391108740133782,2.5381649424381685,-1.4313671897965452,-1.2556690377288247,-1.1866216245695946,-0.09220556097284345,0.7917016340955982,1
325,train,0.24448433390556137,-0.11022656227106771,-0.9403722434827313,-1.7344939442164735,-0.02048549852678704,0.030734288713279292,1.5701434730914923,0.3775880322210899,-1.670087607991,1
326,train,-2.333123087202667,2.4225611541294985,0.2187997876368795,1.2484173803576422,-0.02048549852678704,-0.02172374343226328,1.1386709376735216,-0.6605148133282074,-0.8391588439774035,1
327,train,1.7109600603497477,-0.9081614962708705,-0.0752359151664007,0.5279696693871715,0.3364771176682896,-1.1437285459919395,0.025619126990611505,-0.980706279972699,1.5016252555816376,1
328,train,-0.08160052701616724,0.49168255321030674,0.9267606834629344,0.36019063888751185,-0.34524240003788687,-0.6151268698298263,-0.34760763264174854,0.3784382183470037,0.0250314060550098,1
329,train,0.4008813189001184,-1.3436841525063457,0.13372838100330053,-0.5390580351765871,0.26408736960911805,-0.3309656719011125,-0.0034416911734495947,-0.11573039011353346,0.3802556530376042,1
330,train,-0.23629640377492003,0.7165011774500819,0.32782465092563806,0.7953817776927394,-0.02048549852678704,-0.5384256859064797,-2.299306334520261,-3.671964174959271,0.11803847253673792,1
331,train,-0.03567408905656294,-1.0265993618322893,-0.3692197259707394,0.6306978972898891,-1.0334571931940506,0.4406011063257236,0.8064917074054271,-0.30214118279632574,0.21084390932791366,1
332,train,-1.1584694749263613,1.326943069231164,-0.4125700838207277,-0.962691729394856,1.7542033815983686,1.5219447000799304,-0.44212836945738854,0.8658385899084505,0.2589057233172182,1
333,test,-0.041618916457060555,2.0780353151685196,-0.6642156322038429,2.4044664419711927,-1.970616893291858,-0.18838124040927556,-2.737641602812346,0.6278442231775976,1.2800869754417363,1
334,test,-0.03567408905656294,1.6544792604511465,0.6307032618252337,-0.38321495724157767,1.1955712516144288,1.624756999840682,-0.18660807790409648,0.7478248780442867,-1.2809593215730697,1
335,validation,2.003051107020405,-3.1453632945918173,0.42062261048962907,-0.30092345417819294,1.4164922311836556,-0.4871702662351194,-0.7271212184710373,0.20004022743826236,-0.3000388475004453,1
336,train,-1.0213916481726881,1.9771501914429395,1.5324166479176973,-0.3130714339401799,-0.02048549852678704,-1.8408232642618687,-0.21370488123855536,1.087328153898696,-0.12877764942166717,1
337,train,0.5915226346243613,0.7554159835403917,-0.36339936576708853,-0.13562252982674225,-0.02048549852678704,-1.4634806263462266,1.4663284850287828,0.4164847482348204,1.648505069029034,1
338,train,-1.0783392759553618,1.77606774002001,-0.08325642260185108,0.7926990132952743,0.38430212672590885,0.5152135587444198,-0.23480873279785136,-0.38477810664064643,0.26548958992800753,1
339,test,0.3129139578806028,-1.075676086762952,-0.30710880915124367,0.8699914411710358,-1.2045538296769078,0.15147362874680842,-0.28364545480098624,0.8952011970656982,-0.4351925077003058,1
340,train,-0.16050306956364754,-1.1503057453990144,-1.0216857880233465,-1.2041544773824113,1.1031249347963292,1.612403710511724,-0.614870272358467,0.23161493759065954,0.5444180210713406,1
341,train,-0.03567408905656294,-0.47537067326705906,0.9635903417110852,2.047041699514331,-2.119858582799572,0.7395551417013265,-0.8925852751219674,0.17278242676504246,-0.24463563582700107,1
342,train,-0.7991611403421962,2.636232248718441,-0.7476986365180954,-0.28694406184307025,0.8118349093662609,3.2954562704083514,-0.34434660247042137,1.5009113719148688,-0.39633594450542764,1
343,train,1.1115906245443186,-1.3099188139014872,-1.1472282783846317,0.016524680765783454,-0.02048549852678704,0.23460244243079997,-0.46742415333302684,-1.659749353231824,-0.9791833579186904,1
344,test,-0.7265608792029636,0.7485954874683465,-0.5870835693850505,-1.180951853052825,-0.02048549852678704,-0.5519944576656891,2.525110225402365,0.9828465335508717,0.5772367637008928,1
345,train,1.690965138867529,-0.7235857694954808,1.931762303887384,-1.2131565462291114,3.052344729009722,0.7939617384405782,-0.4159742220211032,-1.1176546656103425,0.29034865088044937,1
346,train,-1.8979984654372253,2.495514108247373,-0.24377458346981956,-1.3345175652783172,2.219317696811952,-1.20695955961993,-0.908834682840575,0.288228403481095,0.24611654527770171,1
347,train,-2.404978911372019,3.8739341976239308,1.9524679193834473,1.1392216403723134,-0.02048549852678704,1.069446760618864,-1.2554155555724469,0.31576162945916014,-0.006225885161910804,1
348,train,0.9841755753762084,-1.1958961335497633,-0.4109385656397546,1.1400384833137156,-0.6667925904184225,0.8708623549172332,-0.604547139410834,-0.8928519171990076,-0.24912872721225546,1
349,train,0.6680529045946372,-0.6926597267925969,-0.050998164472187746,0.2453955295276287,-0.5119501721204712,0.8507526085496424,-0.8709510086826874,-1.2614036029603086,-0.2742550804628579,1
350,validation,1.4122550800385236,-0.3079594049573924,-0.6848527970157734,0.656701244015642,-0.00028237889139917844,-0.027628880338393388,-0.6367263427049599,2.9472052160681304,0.7089065998757622,1
351,test,1.2012987539501545,-0.2390939919785155,1.1630529504212308,3.7570048928910977,-4.158435731448368,0.6384234792415922,-0.6710497952413869,0.7322107698107152,0.05603382165023721,1
352,train,1.641697104132856,-0.3323051856994279,-0.42406978623564157,0.26809446597525116,1.5089291889576817,-0.22854193339400494,-0.570932047825768,-0.17480393531285798,0.25278177756376496,1
353,validation,0.6595800901543066,0.0696647770919478,-1.4555903418740954,0.07520251400547286,0.12562109246547376,-1.227102220388673,-1.5667827149318851,-1.4806750269898445,-0.4296836925387755,1
354,train,-2.9176524829311687,3.5141302893200637,0.5823678315032149,0.01234151455040911,-0.02048549852678704,1.1480519104613018,-0.008804468012212232,-1.5233166915056724,-0.3933573308774665,1
355,validation,-0.4481182666593322,-0.23724598588337242,-1.1209433829829367,0.2953517077225367,0.868652998608859,0.9243567932119306,-0.12159001104031239,1.9456101288378755,-0.305527207753967,1
356,train,0.4583149023287081,0.5003849546644092,0.3921332554732768,0.3352465882615716,0.8200771184982459,1.4239914964806166,0.3028954657359137,2.602887208586974,0.24880614829307132,1
357,train,0.4524497152119204,1.3198960844870147,0.8555187768041705,2.2529946892098587,-3.2081622008591824,0.16683206021309893,0.6502346819332288,0.026917555800952335,-1.865765098057926,1
358,train,-1.3389524593005078,0.8868190284209827,1.0356708696906454,-0.5541260137315246,1.0388002084035748,-0.8767074143099581,-1.893851217226746,0.7142634143137397,-0.04306099552548012,1
359,train,0.27059107221490436,0.6601423456802176,-1.1069420876451284,-1.3872022611440828,2.017741891550351,1.113973383450905,0.8740449688827117,-0.5961189529247404,0.3723759291304333,1
360,train,-1.1640973942089021,0.1412871206047698,-0.27362249273403433,-2.4034654032541347,1.393429072262386,-0.9590919853773014,-0.248672021550452,0.026917555800952335,-0.4195382116167427,1
361,train,-0.013913275782345589,-1.719590173057653,-0.4407483838959291,-0.5120225584544519,1.159544089292906,-0.3130605901743352,-0.5580720131864815,-2.322579317682404,-0.7352775399651592,1
362,train,-0.14135892550638918,-0.18011178569360922,0.018740665637321782,-0.9137395811237478,0.8241110477429158,-0.9713180036342725,-1.441594277497384,0.14534077178231164,0.734614869428427,1
363,test,-1.5465712782647176,1.6384983747016577,-1.1778296049797148,-1.703729441443145,1.7668863857419606,2.206612806507344,1.2072217324108119,-0.22852422253243576,-1.2146435264497257,1
364,train,-1.4232778129167372,1.4066969325534713,-0.9006712416173779,-0.3921209014098311,-0.02048549852678704,0.022606116481102348,0.9210661979740855,-0.3087347938440711,-1.0448081528485202,1
365,test,-1.562619832312249,1.1698892053432384,0.7238805745047956,2.3383166405510427,-4.020390910623646,0.20781050197326087,-0.7584367442354283,1.4508439400039004,-1.3733924792942425,1
366,train,-2.0743016243787116,2.903567413156903,3.4718207047021767,0.42515829829186735,-0.02048549852678704,-0.3301843489714642,0.6972060784152324,1.3750381411796375,-1.1838861400901173,1
367,train,-0.39365405437232287,1.33520865380936,0.8786744927085843,-0.20050892083049307,0.21710601191670192,-2.005830843223928,-0.21222552364031877,1.7141922287049167,0.6734747836681727,1
368,test,-0.20717805184521207,-1.3127912643542101,0.2959940926287242,0.14055151382499115,-0.02048549852678704,0.39296222072602066,0.1585798159959199,1.7616106317630644,-1.5879000446419715,1
369,train,-0.08957576771622654,0.45897554905566634,1.3569857242404844,-0.49609330519811184,-0.02048549852678704,-0.40163672800519346,-0.024944656381127417,-1.6676465705002539,0.17216187780185513,1
370,train,-0.9910450897215859,0.9227575500615899,0.7420760553958998,0.5703550961198537,-1.0956857408722465,-0.9469741933195747,0.2310695100136984,-1.9607014441133426,1.3808219192123317,1
371,train,-0.761206592795964,-0.05900152175009717,-0.5080976667819745,-1.63897092819986,1.9439634129408592,-0.2611382881298292,-0.8333316471254374,-1.137181188252272,0.2637764658072692,1
372,train,-0.5205857104791733,-0.4828759281922751,1.6462340287843986,1.7841131677610766,-1.599133302794956,-1.4827480808015128,1.2032139075554502,1.741302208642502,-1.685056810433943,1
373,train,0.6421198978149637,-0.10325063700312825,-1.6047234888833324,-0.6291997770117007,-0.02048549852678704,0.15955318552723283,2.52107472018298,-0.2604913291088447,-0.6268719021125179,1
374,train,1.2245132716640903,-1.8755803207805228,-1.9299439831132084,-1.175910553612012,-0.02048549852678704,1.2860463316515924,1.845461814610645,-2.9012227504744454,-0.18278706422606433,1
375,test,-0.7439935768607622,0.8546745728342822,0.9297112672574044,0.17864986139539782,-0.11234696846105308,2.1770905496100803,1.0638016960228396,-0.06340386687953248,1.1121296260742564,1
376,train,2.1706814929863913,-1.0143355155769034,-0.33227970532066253,1.8511877949070925,-1.7623972707099875,0.2274864795485486,-0.7363745702058796,1.0347666630421215,-1.0114642103794529,1
377,train,-0.03567408905656294,-1.997414195512852,-0.021382372715018146,0.0690082835400605,-0.02048549852678704,-0.45650808274431803,0.17775059428195125,-2.5103516393882304,0.9683489677591611,1
378,test,-0.6664783457520314,1.6065463583270123,2.667221766273702,0.16964140305325776,0.1359027932850906,-1.393098038684795,-0.9215027935588798,1.4284415884713055,-1.1096657774766576,1
379,test,1.6062283876110763,-3.776675031816789,-0.15662353617855057,0.5781160258826257,-0.4947794733893675,0.3781804056902725,-0.5278031894277417,-0.9673963825036852,-0.6191922682791662,1
380,train,-0.13389493610391756,0.823858285240604,0.8393459286676327,2.129235626789091,-2.1967388457919887,-0.5099028768646823,-0.9029893137843413,0.11399185846426428,0.7587160450933698,1
381,train,-0.3888690715775785,-0.842928008330248,0.3797994330503669,-1.547546879739892,1.147630031680035,-1.625929467740848,0.2523189312857874,0.5043567079455981,0.5539265725256808,1
382,test,-0.8927959916081089,0.5100419914210954,0.4905988595259114,0.9555453931913034,-1.6626335929725582,0.46300298422767433,-1.9144134927354048,-0.389945094510682,3.226784468243036,1
383,validation,-1.4784057026313693,3.4181995796294085,2.5321993848223774,0.5176939127250203,-1.4524336208313293,-1.2389030888538002,0.1817357070437543,0.026917555800952335,1.1847757599907123,1
384,train,1.8078876409089466,-0.9124555898319614,-0.9322679774852302,0.08650098682816118,1.4070583477121819,-0.7198201354857058,-0.5939071507312517,0.15136128049511724,-1.7938105423306339,1
385,train,-1.0498864314818506,-0.3386406777074176,-0.19021658094161215,1.9558438049245526,-3.4149385451523435,1.1085529269704184,1.2849225180541528,-1.0612622410021302,-0.38092305751216055,1
386,train,-0.03567408905656294,-0.0986229016401692,2.327931503486867,1.1893329023070511,-2.071453686492388,-0.53378892248833,-1.5842955437343285,0.5907797014954879,-0.4720219519162519,1
387,train,-0.03567408905656294,-1.637229874137107,-0.6318002367156251,-0.5404142462384566,-0.02048549852678704,0.9326516080806119,1.6280149918774507,0.026917555800952335,-0.6638288288956115,1
388,train,-0.4324206199101862,1.333886495806541,-0.8917498274390557,1.2342194772474597,-0.5281507707820404,0.5639710779515404,0.9645814189421057,1.1348514611159828,-0.4458586450579932,1
389,train,-1.0935039670501632,0.4498286718957167,0.6313548151872178,-0.8016512445891979,0.18677606881163902,-0.8621409843118513,0.723657563378066,0.026917555800952335,-0.2514109353643722,1
390,validation,0.994414553934219,-0.46915251857927,1.0943151166753973,0.2853248578895677,0.45516962681580264,-0.42033881522444494,-1.228821410271952,1.052283663886117,-2.113405560737331,1
391,train,0.20050918433816062,-0.635598139911289,-1.4060539038212894,-0.7203074940448245,-0.02048549852678704,-0.32013101890057866,0.42081037172855773,-1.8205958401942264,-0.9662798658943393,1
392,validation,-0.28599653630562666,0.08787692303901364,-0.6727982836129175,-1.1459973204188991,0.3504701161084987,-0.9939069765813665,0.527874214028818,-0.3143885914377284,-2.229036142938122,1
393,train,-0.21003144969157006,0.6648546898139753,-0.4376672870691593,0.7208978654660905,-0.02048549852678704,-0.8538393955226035,-1.1453247118903271,-0.5623353445782461,0.46389724500593027,1
394,train,1.1249011392654897,-0.06263429572628447,0.2810376961076877,1.0956255067473932,-0.13232121168499775,-1.163126095218634,0.6890409584099173,0.07180344230085324,-0.21578492540584593,1
395,test,0.04281850870820059,-0.004863689368426572,-0.5580451395669795,-0.12871458991692208,-0.37682430752163587,1.1353672585878811,-0.4312650778234698,0.044153799088557814,0.07020284538060806,1
396,train,-0.03567408905656294,1.4155520355689537,-1.3839273569218336,-0.5253088509726809,0.7097079796295878,1.979092028876593,0.2854555515033318,-0.20879076809822694,2.1500407781522184,1
397,train,-1.3914150560478813,1.0883904435751497,0.4369653840379759,-0.7275999463757836,-0.15084776073323986,1.2455689024170458,-0.22165221723037354,-1.7599291742589669,-0.4699885657765196,1
398,test,-0.03567408905656294,2.6007774531378542,-0.012164108623373145,-1.283399685845469,0.3959241755728187,-0.9864605632181938,0.33840647258126566,1.254980091983535,0.04214294170273317,1
399,train,0.45030135289432166,-0.8693418080061303,-0.8510659494125785,-1.1419343184629132,-0.02048549852678704,-0.0802165352008357,-2.070374856554553,0.095523782050397,0.09267378815055134,1
400,validation,-0.5612847439814428,0.357290955654218,1.7689278755749556,0.914902038869727,-2.1241489575412045,-0.5885704500613659,-2.660423466289081,0.14730624134951084,0.3101516603568976,1
401,test,1.0296007461784946,-0.22060804975670723,-0.8303124526954005,-1.2292754643833406,2.448726508242315,-0.9854253661694886,0.9465833176871205,0.026917555800952335,-0.5766891829562876,1
402,train,-0.8964509412893727,2.3215784944843816,-0.7279991116653778,0.3936317371266287,-0.5057846354559642,-0.04353903506315736,0.3121486736846034,-0.33558323552555247,-0.09561506459659783,1
403,train,0.0033070112485318473,0.2955266326551068,-0.9076213414214532,0.6175488758069433,-0.34399992652079625,-0.7151606715455401,0.1933949498702328,0.03531202485489023,2.1613988709307446,1
404,train,0.6434364175121858,-1.1854784913118879,-0.2448009260373038,0.8326336962475407,-1.388259611297973,0.04080914471624265,1.967809656867142,-0.3894004532426413,0.5341195400972073,1
405,test,-0.03567408905656294,2.742357038818644,2.858705138497768,0.21366919304592397,-1.957932076657338,1.5952262484273074,0.06354631634499255,0.5023245750943163,0.1919006070009986,1
406,train,-1.6055625264616564,1.622777573500155,-0.11154558130461197,-1.2841792485264956,1.2406263735865333,-0.2080391443362386,1.0724940859684602,0.8048431286227233,-1.041583035584533,1
407,test,0.7568489982752549,0.5454113139691612,-1.3002963955370619,-0.49949875984810577,-0.18203583590755598,-0.3057109479853426,0.24569318277139776,0.4207598108832375,-0.9618173289959537,1
408,validation,-0.4359454435305984,-0.003229958885234541,0.44683553496433576,-2.874001650748715,2.7970090422125815,-0.9322775268104556,0.8139167814980433,-2.09548271754903,0.6749534474339315,1
409,validation,-0.03062907200066022,-0.5233428809110068,0.7981709773319594,-1.340538183401717,1.539703480691347,2.0386166455238066,-0.6683690125594149,-0.4913952607779908,0.5053224912014136,1
410,train,-0.03567408905656294,-0.33607074644028995,0.6294786293155711,1.14373776503309,-0.02048549852678704,-1.4064871117411684,-0.2581443779514503,-0.5793993879544772,0.5584351994621599,0
411,train,-0.03567408905656294,-0.33327970821589675,-0.7787579634391474,-0.2683816735281009,0.3477687411801233,-0.11758332735935564,1.3522878296149727,0.10108120176400769,1.457203064856325,0
412,validation,-0.09453725703932657,0.7428562165231272,1.6643977728594637,-0.9628973527663387,0.11372952896351937,-0.7394579937350672,1.8039963447898406,-0.8308103333081743,1.0897766839295442,0
413,validation,-0.9136341402857877,-0.2606508522438528,0.5710282711158295,-0.5572464900312245,-0.4241742297522053,0.8645956575358167,-1.409279692810128,-0.7990728842835406,-0.828366394110135,0
414,train,-1.0126807312198987,-0.5978604092505072,-0.4426216515966475,0.8338933533416069,-0.8262866156464929,1.532205455585288,-1.200445549568449,-0.525800476950392,1.6166594971641417,0
415,train,0.18129794944537664,-0.0946401874797059,0.5601562816079749,2.0682521389796737,-0.6702279362949712,1.5961359233474894,0.690108824513525,-0.3194072496824232,-0.3925006160063003,0
416,train,-0.559142041953119,0.31163580916946126,1.0926246238988813,-1.6006532704665195,0.4369782512796326,1.7136145043437556,0.5199570486548165,0.43760404812797626,0.05326621991213021,0
417,test,1.9355142789612365,0.360702276355499,-0.24439992109500414,0.5679384406558697,0.17617625935667283,0.6760209630824986,-0.8882639566832042,1.2491980529163642,0.10341362762614084,0
418,train,-1.159205789101999,-0.6481066580472818,-0.7332268817212653,0.2243991366018674,-0.5895431120388357,-1.4699491559940774,-0.6378577989993953,0.026917555800952335,0.5028104914158185,0
419,train,-1.4451850563903132,-0.9335687804227722,0.04721655313550307,1.7601413933538568,-1.0625237916743473,0.26072091886748167,-0.6921272911048313,-0.17044162184485911,-0.08698688491503449,0
420,train,-0.4268607561768956,-0.13657901162370384,-0.39542391414277733,1.0810415802919928,0.05897646006867952,1.10234610409541,2.786799362025422,-0.9075318560279638,-1.7052122386918047,0
421,train,-0.37084882037051353,0.5491194380825911,-0.06645993948588079,-0.3809991655824594,0.08656882236594735,1.2889566216457355,1.2236366563467913,1.571070359446999,0.7116273315373973,0
422,validation,-0.5662149267442829,0.8907019693886565,0.23967751603481605,-0.049174865901552504,-0.8247069419229272,0.6975081447847197,-0.25405111046933987,0.0813672404038749,-1.595823651462254,0
423,test,0.6013370526803694,-0.4961743417005189,-0.2766039813699146,1.726595762844731,-0.22864019548659942,-0.5168978039850165,-0.9174188324060537,0.07318080394099537,0.1259520040744368,0
424,train,-0.03567408905656294,0.49067717777625797,1.7318204095031053,-1.281494191262797,0.4734971094359977,1.3225990306839532,0.49900355764054816,-2.075277643400385,1.0932424443117172,0
425,train,0.3577256415590454,0.8142145832454546,2.1698967584326314,-0.041365220831129666,-0.6368460523075502,-0.711444053290517,0.03409094897807664,0.4841425466618321,-1.0549952417848556,0
426,train,-0.13358886042072743,-0.7170417728146281,-0.21242621536038073,0.2439993291340848,0.007565127386266433,0.16033748252353416,-1.0656794938676617,1.450496517262221,1.8971875517292935,0
427,train,1.902867559773195,0.3734181682686971,-0.812705983664463,-0.533865211546159,0.9061106941124185,0.17679005745865797,1.6404128488736618,0.044306206168907,0.3170900275564436,0
428,test,0.3776330436947956,-0.5654400549651587,-0.39901405424784603,-0.3420556114430638,0.782950092741417,-0.41674764021677213,-0.909262639379321,1.005846325401331,0.6723213524282485,0
429,test,-0.08318972233264782,0.8236370403692335,1.0570191224211387,-2.1215394143104596,0.2747497154935545,1.259975495744691,-0.18002455357010652,0.27361587194184445,-0.6702374029804754,0
430,train,0.6648330537384081,0.3469713151790768,-0.7198736638897412,-0.9201314398357782,0.7729965626280081,-0.056361090541494886,0.3388507136666187,0.5911571671081849,-0.47308307392609333,0
431,train,0.10633540667735256,0.5118684216207624,0.18421723481643917,-0.7284968402556653,-0.15003416376308884,-1.264637365919095,-0.07047996877828039,-0.3514933851175716,-0.17680723887472363,0
432,train,0.2741614981321886,0.09060658029258284,0.40763817024939286,-1.331190293005436,0.23702436451125225,0.20564444966569387,0.566425239491764,-1.4560353168299904,1.3784573543525767,0
433,train,0.9030165960222772,1.169362735105063,0.6532850506734894,-0.8818646251650306,0.7872530725336073,1.1220593505589977,0.0667777265688752,-0.6647224287615743,-1.2704430653927243,0
434,train,-0.6400754730084746,-0.6573079990195203,0.826033529947002,3.0937785061542327,-1.2666672292571017,0.5175300645606449,-0.3430801156822546,1.0876300332297162,-0.6325336163047852,0
435,train,-0.6725786078005215,-0.6696420159713312,-0.6259882611317975,0.6018344610013203,-0.02048549852678704,0.09601436524449361,-1.1028873608710033,-0.25564039279960205,1.4981959779780027,0
436,test,-0.4760655922908355,1.4394154234206469,2.0652465713900714,-0.2488709731849147,-1.0061246130247747,0.11997625018406456,0.521165589623468,-0.7089686935004408,0.2226764380713546,0
437,train,1.6193729579554197,0.8789089680159198,-1.0914397996781007,-2.5643407269236453,1.4630694198759415,0.7112073749082352,-0.32414291953083313,-0.24207147173744245,-1.4330697884966084,0
438,train,0.5338018245345747,0.07093661177037396,-0.15709232713578616,-0.5520922189527065,0.11241685163108565,1.4965397938095282,0.684558125291817,0.026917555800952335,0.44121491567196053,0
439,validation,-0.8244156653894273,-1.3193169858838227,0.0109708534406076,1.6547198644610464,-0.39725964843809136,-0.9310152037548001,-0.03359827913257163,-0.055947733408205864,1.4705964721317513,0
440,train,-0.03567408905656294,-0.30182864184055747,0.476895460044906,0.870067476478301,-0.3605500805353455,1.3081529314472968,1.7211788554819472,-0.7442272961636598,1.500297079121403,0
441,train,-0.3777012575231025,0.4070811102480206,0.8144152444013744,-1.7738177820587682,-0.02048549852678704,-0.06379665404608884,-2.194309947725599,1.1136447196488217,-0.7797497439379797,0
442,train,-1.3152509892286637,0.3241863451359908,0.5902053967090312,-0.25251657379667203,-0.02048549852678704,-0.9612250049619604,-0.542540168733004,-1.0307386244770789,0.9193968703946819,0
443,validation,0.5273447736338097,0.4362183916903434,0.5564878425609571,-0.3663752124116958,0.2064963326247647,-0.6645841426731038,-1.6679033499590934,0.42348395198348654,-0.7012572773690904,0
444,test,0.42232746257347453,1.1619897459356825,0.027657645652642747,0.640079538926344,-0.02048549852678704,-0.37707687818563795,0.1938449699352101,-0.9630891527024371,-1.2013848318020788,0
445,train,-0.24242351781634738,0.1350183269225267,0.12228296863184684,0.3532125621934229,-0.39432814757801066,-1.2627906615676194,0.7722761373134012,-0.4535160180829888,0.562439205506022,0
446,train,2.3014374499456,-0.17550439112870067,-1.7201268962184202,-0.1353488145587566,-0.02048549852678704,0.8743267013269873,0.09123617025495188,0.03702078396397372,1.260204064460412,0
447,train,1.3811698436248743,0.28256118057248386,-0.1076379523971377,-0.08367689577685701,-0.07931725420746764,-0.07338640070703967,0.5705685109029164,0.7401446695983019,0.7624235022849126,0
448,validation,0.6779038245040798,-0.6914182178933953,-1.039857725512027,0.1234421939706339,-0.006591000730010792,1.9912384806823071,0.17997485898855867,-1.684980542792258,-0.46010148215764257,0
449,train,-0.0036925913827537027,1.0990364685054994,0.4966148100221917,-1.9830404332708291,0.009298088410912928,-0.5858622979981964,-1.4165391414690816,-1.531454723875284,-0.350662481431384,0
450,train,-0.03567408905656294,-1.7588716008093808,-2.1513155374089328,2.0194322193073195,0.2607645656883113,1.2928071480837822,-0.9745618999499186,-1.5174564887540403,0.15630825505908216,0
451,train,0.6534496190180494,-0.8285008107823948,-1.470259072298054,0.4615462567503022,-0.13408943115062263,0.035042302525758295,-0.6119911198528833,0.6474745897389665,-1.0369565768180113,0
452,train,-0.029845688373546765,-0.115400376193119,-0.09400296604190325,-0.4203986200347068,-0.35353739934129624,-0.574801283152058,0.3464699663694609,1.4056896975200461,0.02883210085017973,0
453,validation,-1.0893769979896961,-0.936576064898434,-0.07618597897656881,0.31808614247471184,-0.30453834928397366,-1.499207828993132,-0.028428114552755,-0.12553829430683452,0.11860538396942162,0
454,train,0.9874009544437571,1.589263925071449,0.06350017226342168,-2.5566365125778794,0.8876730092974997,-1.062843427105709,0.13123333565559422,0.7979671230794702,-1.8236644984715287,0
455,validation,0.12425630462549205,-0.6088964613982055,-0.7916062659978148,0.7256725855620055,-0.18263026427753315,0.21006767682364907,1.7314821061698777,1.327592301805096,-0.7844158260965708,0
456,train,-0.5633274963575999,-0.47960624834118515,-0.558659987027795,2.7969612899813505,-0.02048549852678704,0.6570970792654183,-1.1087412408437616,0.5348593535250977,0.26877828543476096,0
457,train,0.10638933737435623,0.16169092088332654,-0.8367201585336956,-0.22424825093885883,-0.543181812985861,1.3164196313410783,-0.01533901021662769,1.0664733080792523,-0.24026562043143695,0
458,train,1.094771101516645,-1.6085389133848764,-2.192202759025939,1.3118835824779482,0.3886582097561403,1.1022878565131564,-0.09193521533895929,-1.503778112043486,-2.1577492348455762,0
459,train,1.058977741465947,-0.8614242266852291,-1.6845674659901746,0.8439439175174266,0.5874489139932084,-0.10112542055007384,1.1213670573784602,-2.058114383008509,0.2839717220574311,0
460,train,0.06520902610055145,-0.48629038414086784,-1.2468029068937523,0.7267475472965172,0.20541398993511314,-0.8619914367041429,-0.6726184103883375,1.0908151662979793,-0.11817629744810253,0
461,validation,0.054407959167682464,0.21637852485733527,1.4126157601508424,1.442353038806033,-0.37248416342679186,-0.15303151497895848,0.5987347160994648,1.5251959790910097,-0.7884019551953244,0
462,train,1.2540801412667533,-0.20636347806617647,-0.7471553092839219,-0.013001976426581175,0.21157610483644104,-0.8145966106802887,2.145828071033957,0.026917555800952335,-1.5584509130739392,0
463,train,-0.49765673441128383,0.2926361982031438,-0.38757188213872973,-2.1017816227392325,0.39510425960019896,-0.4721832332051708,-0.3238273089257797,-0.36922145287879665,-1.4254078666494299,0
464,validation,-0.27404789440055094,1.2807947633616314,0.49142746528346076,-0.4938575082811118,-0.6751676194349732,-1.2567675011742934,-1.8740249668192883,-1.2693847274591656,-1.2968005250818733,0
465,train,-1.115689192408888,0.14275878669125722,0.7041337147344136,0.06969340256250374,-0.0613792484260769,-0.7752797847662478,-0.7572198453142447,-0.01095649659928469,-0.030527849098957997,0
466,train,0.3103142191512164,-0.3339178337131621,-0.0272155699116076,0.2155226588800143,-0.020401953679722716,0.19871835992483022,0.47927627493602737,-1.080486053485635,0.7170355447657675,0
467,train,-0.03567408905656294,0.09796902056533976,-0.7373797564905633,0.6201252879718282,-0.8374632118930523,-0.34989015348956726,-0.7471365476692218,-0.5003444405253085,0.6542054917945714,0
468,train,-1.847461929511804,-0.24724458071153171,0.879544922547748,0.6355380083108079,-0.9007630680358167,0.3489847883273526,0.6372188473493533,-1.2307470857374314,0.867657584656315,0
469,train,2.2006074369346047,0.629668618333839,-1.267635878243428,-2.275155711651093,1.7557105227303675,0.7914344498100365,-0.4439631603064013,0.39066419785199835,-0.7205933967928624,0
470,train,-0.32984725550378896,0.0490937084578056,-0.0837076772183467,-0.5376136359933563,-0.06390155199679787,0.24643110048599579,-0.4061589907130862,-0.3982289779656065,0.935340260209679,0
471,train,-1.9651699331933172,-0.22212461761089786,1.078694101034868,0.005055956394685503,-0.02048549852678704,-0.7052748949421807,-0.6967607539845855,-1.0009615510526941,1.5800476363416927,0
472,train,0.5696449752511151,-0.7160571212733647,-0.9514483820372632,-0.09295730549994335,0.6301309525758729,0.5346050107030941,0.677295792649754,0.1193358753111347,-0.7628214840614124,0
473,test,-0.5128916794043937,-0.9189177850602334,-0.3889191927787152,0.6101871004100039,-0.02048549852678704,0.11090290403968048,-0.41567814797713054,0.09703140868190131,-0.0394651707770064,0
474,train,-0.03567408905656294,-0.4727467746784193,0.1843241145338722,0.3940856648268458,-0.02048549852678704,-1.2109839450891167,-0.6082522668813617,-1.7339422467276882,1.4801341151813152,0
475,test,0.46299410021276155,-0.3245256809153031,0.4679664442817054,0.5695511268746759,-0.02048549852678704,-0.3557289451682256,2.625656100676401,-1.956581134000821,0.17175623610682456,0
476,train,0.7850192340503014,-0.20416457864705573,-0.20474679020757577,0.802582372693304,0.6115568201483286,-0.620099445183495,1.0637146289184938,-1.8000357809366938,1.2381469230984292,0
477,test,-0.9564412128421061,-0.2615061618082981,1.573901505819145,1.1125162267288995,-0.320018982609101,-2.1161244698936854,0.2252627582469294,0.026917555800952335,-2.0860143775666597,0
478,train,0.22704279587535078,-0.09039514230373043,0.15851026017674702,0.23366408069298786,-0.02048549852678704,0.8394868132532997,0.4529016604978216,0.4480524600447152,0.8960149809050705,0
479,train,-1.571387100937344,-0.013712285902929656,-0.2991669455117947,-1.3421739054494253,-0.12848457757041912,0.383188439362861,-0.2731887934660245,1.1703066396976398,0.5259490946080213,0
480,test,0.5317239006159336,0.40816176839463836,-0.8540255733910112,-0.3016801243344559,-0.02048549852678704,-0.3036072500109973,-0.4235856215525874,0.5080870184222405,1.0538994466271776,0
481,train,-0.8037811550476779,0.15760978202354123,0.4074211216125057,0.37076184631725123,-0.5540310953401072,0.08290002791189212,1.1450177441110612,-0.3894491900471121,0.7879973609951371,0
482,train,0.4232130343698507,-0.5454816774026346,-0.3798801742633602,0.7035227394861274,0.02931194005406812,1.1098789132937292,-1.1090303611446506,-0.18758350189796896,-0.1392644904826753,0
483,train,0.4977014417881318,-0.1963736760283752,-0.18042376268297408,1.3020760428079126,0.04987588818677869,-0.6011091015147406,0.21886512799334926,0.4631323335829373,-1.1185231413847658,0
484,train,-0.6429202020475996,-0.8666267175467657,0.23670485475217926,1.4937849829680745,-0.4338021129157168,0.8151314788925144,1.484389628863502,-0.37090561797576244,-0.1657787660182169,0
485,train,-1.3906843136556724,-0.1089070430247837,-0.5089790875636695,0.4647323432926454,-0.3217322121983992,0.20287025927210856,0.9816784613269479,0.026917555800952335,0.7324983235251538,0
486,train,1.0832499346791713,0.12303652114058111,-0.7699220548557832,0.9553345803407844,0.63115653958364,0.16397927705771248,1.0980122488959223,0.5367143445946045,1.2886140237870427,0
487,train,0.412079678364576,0.7550185365442157,0.9605244992700203,-0.5157581852189256,-0.3664648069019613,1.2541224992926456,1.1347919696851672,1.1774118255897434,1.2885893886405826,0
488,train,1.0117211634401988,0.10268449381689294,-1.369403583451949,-0.8943378361639901,-0.02048549852678704,1.0250587554222648,-0.7366270770456015,-0.004375339090297618,0.810142576362439,0
489,train,-0.9615281129068954,-0.3659179943693481,-0.4878778152084537,-1.110501321816515,0.14373419036306853,-0.2281921422359486,0.28515895738178565,-2.1658309524808357,-0.897899855212835,0
490,validation,-0.31268215322967424,0.2335819180071685,-0.04223669201012903,-0.6957651118377737,-0.5906335889680833,-0.1848397223313174,-0.7032754812334547,-0.2279623449228784,-1.4449276633723085,0
491,train,-0.36973351803391996,-0.03538239816621282,0.8879847076377632,0.007189183685327882,-0.13247677833073293,1.2671026264752423,-0.7233777062163138,0.12826756902509923,-2.0650920948587097,0
492,train,-0.03567408905656294,-0.8438089454000878,-0.3876563713816446,-1.224471760713669,0.2503195127505577,-0.950263185653494,1.5511461590318663,1.302952502922254,3.539759564363386,0
493,train,1.468594089199711,0.8265642273976957,-0.023193856909955717,-1.8572879654083851,-0.02048549852678704,0.641148350415476,-0.4706720897866241,-0.03591692895148447,1.6558119723931237,0
494,train,-0.03567408905656294,-1.0449321121314563,-0.056384023365137675,0.2979412907839701,-1.2251927517715449,0.36751079181993657,-2.0762165829262766,-0.3725716499953024,0.6957928670486739,0
495,validation,-0.506031620536814,-1.1762124165237031,-0.7427628554129595,0.3131894082498849,0.2368638354850478,-1.1469368650731706,-1.537843615723101,-1.7753176130390484,1.90245861375089,0
496,train,-0.7514323216726279,-0.4738936193362176,-1.13677505550999,-2.123758080775229,0.6136124100508552,1.421762829778466,-1.6627934938806155,-0.37460574299087146,0.3534180707758935,0
497,test,0.3553139525628082,-0.7515781094946482,-1.238778856452803,0.8321291354564486,-0.02048549852678704,-0.33632364833150846,-0.5211445108251169,-0.9172482747802397,-0.9309473677534665,0
498,train,-0.4470027001668276,-0.5637568960668748,0.4756642889658281,0.12303252108095802,-0.11334449481379094,1.7102552744895787,-0.7004721407416729,-0.3409960595841224,2.6369544978167703,0
499,train,-0.03567408905656294,-0.014481733210603684,-0.44444110840755646,-2.1338728071988213,-0.02048549852678704,-0.13195788753643184,0.08967809432706242,-0.5312479828247515,-0.10565998962052134,0
500,test,-0.6638005829918511,-0.15219006997503237,0.5735707537138124,1.2258879266005673,-0.5937435377987869,-0.6464104508384966,0.38244033937971206,0.4862164971920365,1.1639687221986441,0
501,train,-0.8449926319532033,-0.871190981774026,-0.30254364144461343,-0.13628948536102742,-0.06439552443009577,0.9707699800372089,0.08021959952303467,0.9066387663597241,0.22040846753775256,0
502,train,-1.1686425744981261,-0.6524428981587406,0.8188452202142835,-0.3835852133930763,-0.02048549852678704,0.43735599287573756,1.562160031478962,0.07406810479376152,0.37892844842846246,0
503,test,-1.1833885628163172,-0.3658342406659977,0.05235388606966541,1.6386602468058886,-0.4062190712157442,0.79055955532371,-0.724823124163967,1.3422667771992327,-1.304968079314057,0
504,train,-1.1558699132086676,0.48642637392022603,2.086759273978422,0.6399728222027998,-0.4127777591324862,-0.8929257133994841,0.9437474264578039,-0.1208247867364542,-0.39423807988191767,0
505,test,1.930377333606094,0.3170248487784067,-0.5998064167708579,-0.03599969577456739,0.802282755369231,-1.8394161585142463,0.8531125685436838,-1.3826793016456598,0.18749737475807043,0
506,train,-0.03567408905656294,0.6613990986851153,2.3043708583603717,-0.4772103374231521,-0.25487329943454157,0.9261828639745766,0.44304641992801114,-1.116618606093218,0.4567235504579282,0
507,train,0.025445586537328257,0.22810249868833624,-0.14112905352206237,-0.004949200306861605,-0.02048549852678704,-0.9128780536226974,0.6804519445894867,-0.5763616820720255,-0.2509705269752338,0
508,train,1.5891653033026731,-0.7073818582502925,-1.483746887235418,0.8467955795507136,0.6719815027059501,2.0808872422125124,0.7713305139137785,2.481391964869209,0.810434889989995,0
509,train,0.25399921890285976,2.0324040737952282,1.0551297262491954,-3.372692203343184,-0.02048549852678704,1.930255229162461,-0.7508971001126736,-1.3065151779257689,0.1735014556099152,0
510,train,-1.2335370557518965,0.29396553080415944,2.321393041055984,1.0919944234680348,-0.02048549852678704,-0.21378203992870762,-0.7146279517143475,-1.2406696396763064,1.4036771382982736,0
511,train,0.1415234582252139,0.17186127087260805,0.008798567684749677,0.3312552252910736,0.16494951478152672,-0.6005267464790022,-2.021871336933356,-0.13282661078236552,0.341146845891491,0
512,train,0.49001603186359066,0.826464950695683,1.7712094425071612,-0.2692374360046222,-0.02048549852678704,-1.038146038104224,0.7444679963482936,0.5491306741992606,-1.3599207293119424,0
513,train,-0.16321315125480632,0.022651241036711962,0.20423692877286245,0.8095531552066897,-0.02048549852678704,1.2131953228985783,-1.0358224369387363,-0.2585838051584763,-1.3986981684828186,0
514,train,-1.004431045464469,-1.3413623777495354,-0.22516685516667076,1.401197902410853,-0.28640668983154055,2.071649908276039,0.035729600218483856,-1.0576541660864878,0.8610459422855319,0
515,train,-0.9415174047049636,1.127636611287466,2.2304240098389636,-0.748686587887208,-0.649805499764695,1.0078820920097051,2.57680173580641,0.48382095625168114,-0.7259807919478143,0
516,validation,-1.1378588740985687,0.9152931790064951,2.6969424141492753,-0.016763048398687256,-0.7195337669193316,-0.09698584761829618,2.348381487364932,-0.46045442060210007,0.1538886578524245,0
517,train,-0.03567408905656294,0.35110117755964154,-0.5177965572674694,-2.368214460337948,1.4623033238991399,2.5058395809270753,-1.7925433371411492,0.1383531406798843,-0.07508104790913465,0
518,train,-1.4065286602066003,-0.8374188639247357,0.8260185600943442,2.251984575713804,-1.010855692189762,0.48344784122787227,0.5047283054111127,-2.682254554999075,0.40359476573409825,0
519,train,-1.7237158936039254,0.010896809641897565,0.4728762873542959,1.1017798120564635,-0.02048549852678704,0.41711622692035555,-0.4315202798887335,0.20391096739194858,-0.0486671799365351,0
520,train,-0.03567408905656294,0.20792970147023968,-0.04515840708167112,-0.6382965518258656,-0.39270245031582257,-0.9794373917085383,-0.5050771792056743,0.16002404152571098,0.8218740479372058,0
521,train,-0.04001639624501964,0.18657323652841498,0.1921722222581386,-1.157695808055319,0.04740412290481284,0.5316842048628319,-0.11393198808401363,-0.14991643325633178,2.581390080343245,0
522,train,-0.8942237447720793,-0.06807557106854054,-0.6419797342467229,-0.47059351738059774,-0.41285284843474385,-0.5036463625494453,-0.6794720354804291,-0.8622095284781446,0.34521018600209497,0
523,train,0.9216813488441533,-0.41725933938711307,-1.0194752359870913,0.1887439557612622,0.7677584089172597,1.9600606682313935,0.5087542687366662,0.7499505610472594,-0.19870991473545768,0
524,train,-0.8013216769793526,0.5133377309084405,2.2791195349418136,0.5156908710145514,-0.5902294034907652,-0.8718182212841974,0.40842335376083216,-0.7411902430289015,0.41638348470184894,0
525,train,-0.12645570723315483,-0.28520868358361806,-0.31752574040483283,-0.11340925173114307,-0.02048549852678704,0.00977753605089495,-0.5151130457760039,-1.3775665742197987,1.790790961540257,0
526,train,2.1572627131483926,0.6440676722100787,-1.3842527324112297,-1.7188622620059257,0.9742183307408763,1.2340952811177837,1.345308920894731,-0.7583916853584207,-0.8701778219612605,0
527,train,0.7641572514290429,-0.423427639658465,-0.3260059621933264,-0.2704963130257196,0.36551943426252614,-1.1725976606300463,1.243434320843392,0.03618189290809561,0.3251330876635915,0
528,train,0.13758178091956386,0.3592724687321384,1.031677744293271,-0.14961104128963287,0.061138212508113916,-0.9292144279651882,-1.131163134175147,-0.13258515941061683,0.9145083289633603,0
529,test,1.174549665398878,0.900564357182347,-0.41812424970151685,-1.3499928216746162,-0.3576419223614792,-0.9598481834214418,0.02291584636467036,-0.11298342946091498,-0.11740082932832623,0
530,train,-0.3013164646123025,0.06629155746063342,0.6889246927024509,0.14370275690039275,-0.4233031136570191,1.7961499492084965,-0.328020302812228,0.9780860243441606,0.9251108407644789,0
531,train,-0.6392401772984656,0.0251215186366075,2.0307581113719415,1.7464848415688214,-1.2540422577776402,-1.3380174997075867,-0.8188333558928441,3.4166349936809843,0.8056428981285257,0
532,train,-0.8017550179421178,-0.5770943086191431,0.6239154107313654,1.1041760821950635,-0.5988565637266259,-0.5198868186204174,-0.09950251535149945,-0.3487864518407356,1.069845971940702,0
533,train,-1.153460799051742,-1.022925143135288,-0.24676261181324732,1.243401170979419,-0.537842113097677,0.7858138508457035,0.3770230981818961,-1.1046563398249916,-0.5027894276247092,0
534,train,-1.4144052754381162,-1.1102065176545373,0.615098066222106,2.770194188890349,-1.2041192767379225,-1.5374104854810309,0.7053039432124694,0.29035309595528613,-0.39085943060523115,0
535,train,-0.39517520367095216,-1.025613487452632,-0.7755440215472266,0.3394090507671484,0.00770510386380708,1.102299205541646,0.9993828258277604,-1.796763194253449,1.268932855026397,0
536,train,1.7175415177912545,0.12629134304546766,-0.33082398303731986,0.2604383638136269,-0.02048549852678704,-0.7036431122014671,-0.8887814889357676,-0.1106674179052919,0.5556037662885038,0
537,train,1.128889805686541,-0.5305579584306113,-1.3794179389131935,-0.32396805391778144,0.9524303333359948,-1.2848962087926963,-0.10368626103498085,1.2460427878080864,-1.443032003877497,0
538,validation,0.8920805202291004,-0.278217817621013,-1.2759909589835454,0.4630411793655878,0.5221372643196567,-0.6378594360887303,-0.27200134929117364,-0.4542269724921879,-1.4538908490769495,0
539,validation,-0.03567408905656294,0.2513851302455232,-1.0536390779427964,-0.8150154764905635,0.7175602176070586,2.252721735098054,0.5349790182331793,-0.8666415788480051,-0.9119013215847307,0
540,train,-2.2077975119661324,-0.30045710752353105,-0.20779116292306185,0.048513235785111936,-0.02048549852678704,0.6820821688506526,-0.25732581256228737,0.5237348116054641,-0.4286734776236964,0
541,train,-1.8945083102376021,-1.4705836460132828,0.5492286897902483,1.3368177837480706,-0.46845035959992126,-0.7661124664967381,-0.5348233127660353,-0.7627112603296353,-1.1550143251552236,0
542,train,1.9143174623840855,0.4270022571318166,-0.981622019042786,-1.3408044244242328,-0.02048549852678704,0.6549986059361388,-0.7649670432187013,-1.0308043232155406,-0.20131899605150444,0
543,train,-1.8822078998041762,-0.3268626599359569,0.9960031855069392,1.6910379746126765,-1.5650204027688162,-1.7909264445805069,-0.24940618140873247,0.026917555800952335,-0.9320698915711253,0
544,validation,0.8371906867315607,-0.005323041409025207,-1.1954271009764885,-1.1129587292394192,0.8398566947039452,2.217573658288946,-1.776460138260871,0.6703101369613457,0.4081887429353335,0
545,test,-0.03567408905656294,-0.5385421522640382,-1.938171077246855,-0.8691102283909842,1.2241363860322532,1.1031342428512467,0.037717841485166416,0.16284282723907376,-2.0342102501791053,0
546,train,-2.501123156641912,0.327196338857619,3.102589352630831,-0.8907636440049742,-0.8745964934897872,-0.9425472414913229,0.5272474838415211,1.300535268577735,-0.31853304848594405,0
547,test,0.2906124426480521,-0.44526440732575745,-0.536456631684303,-0.7154645836086923,0.6437963872197149,0.8763374957695715,1.9768675267385447,-0.34516505009864434,-0.8036359934549152,0
548,train,-0.07202492632752941,-0.14903604489206743,0.497964355953793,0.11361128637992844,-0.4569229612263186,1.6842841468479623,1.5794938162344931,-0.989319236354294,1.2288998085394132,0
549,train,-0.03567408905656294,-0.9912330672650079,-0.6721590414268022,2.5617787979341835,-0.02048549852678704,-0.8279981765421318,0.9103326595761688,-0.3763334590336919,0.524435928849704,0
550,train,0.25642459362618336,1.2522058406582643,0.38794213490996077,0.11237112425639532,-0.47399974546528056,-0.620097931651025,-2.554289621504786,-0.2581376698547095,-0.02793825595483254,0
551,test,-0.03567408905656294,-0.20456403918915972,-0.3968589144533882,0.4994929879179952,0.5656263007577683,0.2210494123952948,-0.4165885131765564,-0.16862649844975772,0.7323645776334617,0
552,validation,0.09264679430020126,0.24662132882695725,-0.7006664745348153,-2.027664901201618,-0.02048549852678704,-0.25412841179505674,0.27125037599110274,-0.07150675607381991,0.5470784378638812,0
553,train,1.1619918820070085,-0.2844576401470143,-1.5892568502893636,-0.4592881348061368,-0.02048549852678704,-0.5308814660537553,0.7521063114238408,0.7468712979512268,-0.6273438662509018,0
554,train,-0.03567408905656294,0.046370594462310614,0.5317138882019301,-0.38887209189172633,-0.02048549852678704,0.5509362540719092,-0.9886655563198216,-0.15131444010191478,0.22729630998921665,0
555,train,-0.03567408905656294,0.6831941856452369,0.8671490252572176,1.4249204005134355,-0.8528373668684561,-0.01926374660324695,0.9311046924658007,0.24987239640585593,2.3091032718981683,0
556,validation,1.337856310660508,-0.8339858232843581,-1.9884322770797602,-0.8201152303129633,1.4521324980928492,0.5414662256108149,0.5833112496937234,-0.21517663680582966,-1.4793389579282252,0
557,test,1.6550984095127352,0.07232630477783995,-1.4490191291204606,-0.698165345270425,0.9174567060831346,0.9053235788592113,-0.4242641178141156,-0.655711284246095,-0.20201079802217023,0
558,train,-0.6391757865720643,0.5042816012293232,-0.15900909197243404,-0.5316873176013391,-0.02048549852678704,0.09099498131089746,2.8300908425620888,0.9621171078139408,0.15354892812153392,0
559,test,0.2792215393958987,0.41760065262065527,0.8465576338455909,-0.731714246852301,0.1654318323489075,0.2103607068165201,0.8116817083557485,1.1883236579494099,1.9460579829119111,0
560,test,0.005312128215608182,0.7499491235993525,0.8282002434076714,-1.2225271011096552,-0.02048549852678704,1.0731081731467944,1.6258050078891522,-0.22118160632112152,1.4648659010107818,0
561,test,-0.31284139567149866,-0.7559504585834513,-0.789531441915541,-0.01068899527695367,0.1268395010461764,-0.2733180968107652,0.4259175549142364,-0.4789091492762436,0.46400539029382565,0
562,test,-0.7161445805436253,0.11337684256260222,1.2596603328806606,-0.3617312031367785,0.4997007713911264,-0.9615060770623027,-0.04867702282626935,-1.4411557512792996,-0.6995167687862984,0
563,validation,-0.5037941907012523,-0.9777857034590299,-0.7786045056619543,2.2492058274497855,-0.4854755839643311,-1.118809000497283,1.5748453567649456,-0.10979367836115506,-0.16288566505644386,0
564,train,-0.03567408905656294,0.39978662485174143,0.6337574418257765,0.20886433359721385,-0.2709650497771876,-1.5627197261461656,-0.08969850242266858,-0.21413037541262114,0.16953209350002174,0
565,train,0.25534729978485327,0.6429478433929948,-0.2706326445172389,-1.5314687316133668,0.5108448801108713,0.8147027338447949,0.060072296051682114,-0.5653723641250168,-0.16599556042207572,0
566,validation,-0.4918313470119248,-0.6643593050722811,0.45747014196564706,0.7144593949019525,0.0034206883726541253,-1.5505446034997994,-1.1335727545289123,0.252875672065561,-0.3696839436037168,0
567,validation,1.3122731511515062,0.9867949488147946,0.38625722580995503,-0.20565963048961264,-0.02048549852678704,-0.5897411933099125,0.3837526235871363,0.026917555800952335,-1.3728293874921043,0
568,train,0.26015948042614895,0.811020713245289,-0.4043413926599961,-1.1778932299350655,-0.02048549852678704,0.3484140916821963,-0.07354096487776125,2.0921439495802336,-2.4155832505498376,0
569,train,-0.9151959784451937,-0.2112719452509611,-0.6816193725770726,0.6311929046793653,-0.5702539684167234,-0.036691100540099414,0.19433983904269264,0.9668557746886154,-1.5962545305956732,0
570,train,0.4772667320326563,-0.6690985853630471,-0.957182343212189,0.26213203182475814,-0.02048549852678704,0.7818854884120907,-0.13411451916276426,0.5666846547844208,1.1940346058154236,0
571,train,0.03710680774915981,-0.4847712694728784,-1.3756281551715235,-0.86646726640675,-0.02048549852678704,-0.34558389601566364,0.5165468755318396,0.1004721412697316,-0.8931221150361462,0
572,train,1.1717456047961032,-1.2102545088946588,-1.9445807199585063,1.0910882173113277,0.6302824932947841,-1.586422416185186,-1.4757991841635878,-0.28371438031621393,1.541333298439294,0
573,train,0.6256330389883209,-0.31439205285494215,-0.7747376651358043,0.373982790033888,0.601512465015955,1.6468848950875408,-1.257578432769715,0.05595230933887076,-1.0655982612502959,0
574,train,0.04987281135653751,0.5298573827047197,0.21672107455692213,-1.976801276957665,0.2730223896679813,0.9725306237985143,0.3616421343510192,0.026917555800952335,1.5508178566803958,0
575,train,-0.44710298341795307,0.19073818425719272,-0.10176250659562808,-0.9778756223068515,0.13071375807853647,-1.1755873728708046,-0.44509761469508313,0.5693404956614699,-0.5141086386869995,0
576,train,-0.6531805901698183,-0.5253494391903242,0.6984993788223597,0.6096889029457694,-0.8286823524263538,0.48287778795726793,-0.13118714016972743,0.18378547839677076,-0.43459132700782416,0
577,train,0.9353146900011376,0.981052603917421,-0.654742406015892,-1.8409000385925622,0.6174079802610833,-0.706005842383946,-0.06186581379609655,1.0296453339226281,1.2063912461809043,0
578,test,-0.8931504922438517,0.10492470923699654,0.685875346349307,0.02190073556129605,-0.4168469660415243,-0.17228923746976285,0.39347467229040023,-0.2279027446223314,-1.1404888085413556,0
579,train,-0.03567408905656294,0.7433468198998292,-1.1668056714104762,-0.6627488000905647,0.6965555018884322,-0.26532783105097035,-0.035064319685649735,-0.42740625991295894,0.7906508802024185,0
580,train,-0.2201022501213572,-0.14032795218258226,-0.3100751822535462,-1.702557953778596,0.3074740058021017,0.3643465673133405,-0.30329937903413995,0.026917555800952335,1.1951565682612,0
581,train,0.5521147570862218,-0.6751262132476991,-1.291678565600214,0.355908835186757,0.4589686105506145,0.5429148684576036,0.11318577502337958,-0.3330420171434453,-1.1335255031312577,0
582,train,1.0162218947318085,0.7486859131496014,0.3508766522582312,-0.5448443429320105,0.21932962796700559,-0.4769955996678522,0.516466982438727,-1.9034167539674818,-0.0700090312214321,0
583,train,-1.0126113099573595,0.9983055327488716,2.5992655823657715,-0.3714296659263974,-0.2697727245886837,-0.04605508189430149,-0.5819077526975354,-1.629039990696422,-0.18504108869647876,0
584,train,0.7227177494228756,0.6656477051097477,1.0853121200437665,-0.9903187674742702,0.022583116909194862,-0.6325752357386263,0.19040079291677275,-0.8683242191770576,0.4305362069088825,0
585,train,-0.28498074926173816,0.789677472733717,0.3989772221746339,-1.3247103240547287,0.14382399105003876,-1.348736738462162,1.561690211754838,0.41822247159688763,-0.05417724571697235,0
586,train,-0.3982866620980972,-0.7034387989920412,0.2185755699053455,1.1912724503147116,-0.10045222211517753,2.040656846620466,-0.08493787445765996,-0.15359075826042973,0.4923415963524959,0
587,train,1.8053873092228079,0.39964843798368105,-1.2425239236637187,-0.6171565338838867,0.6692643206597079,0.2634398382105036,-0.10777485393749002,-1.2051919996029081,2.049004332924983,0
588,train,1.487033487074245,0.23412002206625604,-0.8514175753518055,1.2293231679505605,-0.15171646292005195,0.042913005383002724,-0.7125465982063486,1.570672294257826,1.642991880537584,0
589,train,-0.03567408905656294,-0.4851004888291258,-0.46763136662385113,-0.5444170324180623,0.4496270075832485,0.24580660318460643,-1.1634163108558886,-2.1574002236094034,0.036141106481634426,0
590,train,2.0258027534555683,-0.6388657633098415,-1.88718897230858,1.605682540570815,-0.02048549852678704,0.6161368491956299,0.6750588533467556,-0.22262515594362764,-0.19446475918784142,0
591,validation,-0.41406970473421567,-0.5953731222443769,-0.6011092105084747,1.8688718995654172,-0.78468778480597,0.476439087717269,-2.290723896621855,-0.06153341582946488,0.428701776590444,0
592,train,-0.6726136983261161,0.12028691231321172,-0.5556125720849728,-0.34572635694682147,-0.02048549852678704,-0.290056252398166,-1.590816368739782,1.136899323285466,-1.2971849139279992,0
593,train,-0.5352817052488907,0.5361239850850779,-0.09008715168773943,0.10070689690137555,-0.05493960271663717,0.07462927549794644,0.49200820223186736,-0.08051921685819168,-2.928735502183513,0
594,train,-1.2254563855261595,-0.3376103459499504,0.5370125547880207,-0.6009701456485073,-0.1560654827280538,1.4197140306341576,0.9589407554780395,-1.2073336419701128,1.0614921445439904,0
595,train,0.8073513532428567,-0.1445832091318145,-1.129613532856429,0.7976083221468168,0.3340697479920973,-0.2792032274798796,0.9580833097013464,1.2248544779078292,-1.1436932407220761,0
596,train,-0.7111209294798204,1.531504649123474,2.0116076294532417,-2.4312611545431735,-0.02048549852678704,-0.8628535943463763,-0.31344715100186404,0.7786760325883268,0.3017505728645261,0
597,validation,-0.5724314419026325,-0.785114213404343,-0.2514521546052921,0.7296919445538204,-0.02048549852678704,1.0464208365172216,0.9038591989531078,-0.7926592357748353,-0.6368482400242923,0
598,train,0.7693313209018005,-0.13927042376368587,-1.023692385633528,0.27348261564014265,0.2651376312093144,-0.11480801660663761,-0.27880126260705274,1.322013544213006,-0.7531830395934642,0
599,train,-0.03567408905656294,0.2732969752866066,2.0405117016284837,-1.5181273573453224,-0.2709414214863416,1.005152453455044,-0.7920732263051604,-0.7018479417939267,-0.06920240248660506,0
600,train,-0.03567408905656294,1.11246885177496,0.5982874714051469,-0.5458972576361822,-0.9806647314384265,-0.8735357133473657,0.766353105379061,-0.9400234295325418,0.40154833121468847,0
601,test,-0.03567408905656294,0.7303667918287277,0.7193799810040691,0.5489224822779704,-0.7186827200418953,-0.08047636115075452,0.9998840398816383,1.313774767524895,-0.51315326686361,0
602,train,1.8735648324645853,1.0343723206362803,-0.6499883766541221,-0.9332062185593273,-0.02048549852678704,-1.5767753487957428,0.03664548741802762,-0.2647847029143975,0.31745684252155093,0
603,test,1.11359494019308,0.7066570556133575,1.0091533776282544,0.10696440050583321,0.1948687007565515,0.6638311106099506,-1.5641255348998335,-1.0101022292286255,-1.385063341887084,0
604,train,-0.05070807131355638,0.7306570979541704,-0.3625717262837661,-0.19651930679355942,-0.02048549852678704,-0.36972560660745524,0.16665143523137957,0.7380535777869246,-1.0855549101545634,0
605,train,-0.40266372008586143,-0.7311722098569428,-0.8181814590858311,0.3984353074611444,0.4278991986082251,2.767544816818397,-1.2395821150748787,-0.5809916861015714,0.8911714285068537,0
606,train,0.4972946845775084,-0.5018257092602189,-0.4891317375499532,0.24418830056455043,0.506796706335212,-0.7146425257830631,0.0077663017575544,0.9357088335478494,-1.3671938979343359,0
607,train,1.7486574766265786,0.2600347964107806,-1.51442331166186,-1.3406245397223377,1.4477583917626593,-0.4341696770696867,-0.555991871153301,-0.7743880008146323,-0.9952431563133782,0
608,train,0.6287033306231203,-1.3786831726187803,-1.473845171806232,2.588457673520136,-0.02048549852678704,0.24022622868745203,-0.5663469123897015,0.026917555800952335,1.6359199733253265,0
609,train,-0.03567408905656294,-0.8020867996382192,-0.48405868632172194,0.7620789436488987,0.424820627840193,-0.6597649566866789,-1.0018493147743066,0.48062477843895357,-0.3250629006359765,0
610,train,-0.03567408905656294,0.24559791422802518,1.363907894280686,-0.3233246289232118,-0.02048549852678704,-0.023579998568030853,-0.09903283023568817,0.18595122426472024,-0.16078448463045408,0
611,train,0.20611955631546178,-0.21838139589022407,0.8317842102837572,0.8247301078368994,-0.33654062009968916,0.37037781302670314,0.8972896402316036,-0.5923868508774872,1.081622344314725,0
612,test,-1.080113695626054,0.24400032030499852,0.8739777261915479,0.3159175745140701,-0.2804901235120112,0.6020948101302165,0.7368216934930749,1.0961335073460206,1.3928828649314542,0
613,train,-0.6986890415693522,1.0419046312440625,2.6238599929578754,-0.40729404526523677,-0.02048549852678704,-0.37908435345644503,-0.06914908109012767,0.6707556309246608,-0.867777893230477,0
614,train,-0.03567408905656294,0.7998966320569979,0.2350079850210188,-1.2553024830837636,-0.02048549852678704,-0.5575384383625351,0.4870766614798431,0.009697605222517948,0.33798899606816923,0
615,validation,-0.5549519913719604,-0.33757496944973947,0.3363341443358532,-0.23640418594977594,-0.42825876594059265,1.3132132312908367,-0.19428516629237974,0.1915000853787215,0.8997720702761912,0
616,train,-0.03567408905656294,-0.1775146424412639,-0.13122197703502186,1.9180288394209375,-0.9468059920721988,0.5308328305231889,-1.541249421112246,-0.38619411854905883,1.2765609794730588,0
617,train,-0.5440375287064373,0.0016449859778563773,0.8421324939563449,0.8920390073441423,0.017994422637725802,1.8062185045779202,-0.9691924661182169,0.026917555800952335,2.2153410259669855,0
618,train,1.3337234811513903,-0.4644554491987879,-1.5411195404416402,-0.24676203469980415,-0.02048549852678704,-0.6833384578552407,-1.3771571317763767,-0.057106927123445526,0.04812791914361952,0
619,validation,0.9796772528052446,0.14977810586602264,0.272346832228389,0.07702699315049953,-0.02048549852678704,0.1063948229269698,0.4517653797190732,-0.1778864874967814,1.459712251388756,0
620,train,-0.03567408905656294,-0.40628051239855434,-0.2066291572751306,0.03414322253413716,0.10207581644930644,-1.641059622028098,-1.2773306302492813,0.011515510083275546,0.2716799744911938,0
621,train,-0.03567408905656294,-0.10178411664512106,1.0034217075134215,-0.13926758899807667,0.2298758398682222,0.029604127362218336,0.9737334320321329,-1.0287937785683088,-1.3526814923589658,0
622,train,-2.079908149074958,0.20428065669446643,2.3346275585291782,0.9055535117046173,-1.4869920201431899,0.9334939505261654,-0.15452358685464485,-1.2505752253438336,0.2669950844564473,0
623,test,-0.4570824274324303,0.2340468233890456,1.1972549061476196,-1.179458552889624,0.326659032805096,-0.47795067316702966,-0.9541569469894272,1.5898787271755628,1.3340986037648737,0
624,train,-0.5499536897441495,-0.36070130141979456,0.7783802414276296,-0.35991434777197623,0.03941428940379538,0.5230314334023686,-0.9378071490027562,0.026917555800952335,0.475563293099606,0
625,train,0.3845202677298448,-0.2517516105853794,0.07928285616674245,0.9471273229816828,-0.02048549852678704,-0.42768556839054644,-0.43117937821721414,0.4560392691521246,1.2565921734788659,0
626,test,-1.0456634567258887,0.23103730776964707,2.069512831440385,-0.043529203682367304,-0.401483521239797,0.04903882715545689,0.34767566832641755,-1.5314324176487712,-0.03248310991956196,0
627,train,-0.03567408905656294,0.6115490433985441,-0.44888557491947273,-0.3013766242356552,0.12614366930108029,0.1249579437081033,0.36024742702605217,1.0871913322785611,-1.7466501279027595,0
628,train,0.2617960808355081,1.336967625623327,1.6944061610383343,-1.5954589564730401,0.14826189156855643,0.3108126181795583,0.5636972031733293,0.11629314453891533,-0.7502228182474413,0
629,validation,-0.03567408905656294,-0.5385372701047348,-0.0868400207231084,1.11575149151357,-1.0126188174573956,-0.11984850495105341,1.3878673520917,1.6463530228216405,-0.26362624300587667,0
630,validation,0.5678448391855742,0.5352669807095253,0.2286647338847476,0.12074190160771599,0.20186687378456702,-0.2042183708899103,1.6278636523628731,-2.602123489623954,0.07428946771864976,0
631,train,-0.03567408905656294,-0.1519239049474115,-1.2500753214649212,-0.45745186235348584,-0.02048549852678704,0.791358469987028,0.926261650561089,-1.4477632443059008,0.3783987946976868,0
632,test,-0.03567408905656294,-0.47034013677590636,-0.8233871949025747,-1.0355477246649112,-0.02048549852678704,-1.4691761562604968,-1.4436258372488662,-0.3740819148682121,0.24409648756421115,0
633,test,-1.1239160586338983,0.15507256704678554,1.0633273213623091,0.11794725156869845,-0.8073073832575711,0.2904244397658207,-1.046836180896078,1.3635810198741227,-0.37741711748104284,0
634,validation,0.8547134867449108,0.1679561563816712,-0.05902583417349201,-0.9214914247810106,-0.02048549852678704,0.011790890433984158,0.37551245026941976,0.9631433463300914,1.0956873710268658,0
635,train,-0.2507875231693029,-0.046914806241155085,-0.21028419140124782,0.4034984688830393,0.5598503507800021,-0.19964547780249012,0.9358786711280462,0.11814649613436122,-1.953746377273952,0
636,validation,-0.671331220019803,0.45151938848693296,1.9961024107958318,-0.5513460536129344,-0.02048549852678704,0.7413305978675399,-0.756282573748595,-1.2161014294708212,0.7925113817051832,0
637,train,-0.34533475465242075,-1.2412151067426427,-1.0291303459417425,1.6590931329634657,0.2176865143147029,-0.11118808694706826,-1.1875148730982965,0.7723796093267739,-0.2551737931832317,0
638,train,-1.6359859379431259,0.7280253934272098,1.9273177429104964,-1.5231209695299206,-0.7516717548589023,0.17916908523059452,-1.016495855648836,0.026917555800952335,0.19806279381621666,0
639,train,0.7265186915399658,0.6999498789639318,-0.9235589160103906,-2.0515303944052663,-0.02048549852678704,0.40100053744418807,0.21028304650104523,0.8566082134259551,-0.5714512380394425,0
640,train,-0.03567408905656294,0.9141244734307373,-0.9366691027853267,-1.8108617388923656,1.1076811607643722,-1.1415025772723428,-1.5652798054677737,1.061347142289472,-2.054063269066806,0
641,train,-0.03567408905656294,0.7390557236719458,0.6265644122588779,-1.6137217301005753,-0.10505192040354847,0.4433551881832746,-0.08480275218553282,0.026917555800952335,2.168359145699934,0
642,train,-0.9629392773520226,-0.07941746766413416,-0.1972192021317286,-0.19874784504436052,-0.02048549852678704,-0.2958507128586762,1.2300975433296955,0.026917555800952335,-0.48430059611649995,0
643,train,-0.31258876458397167,-0.34663787837328774,-0.6207149623740266,1.4802416645065657,-0.35634778461429806,0.38122159405775347,-0.5433057137431991,-1.5943191336239126,-0.5424032917176791,0
644,test,0.8098695991930895,-0.2623626083979166,-1.2170808921214216,0.19551749196471435,0.34319865789506354,-1.033327489329759,0.32151361571101683,1.478466948575367,-0.8174788856971904,0
645,train,-0.03567408905656294,1.3844777903692576,0.4442774223970263,-1.7801442324000742,0.9809035222859139,0.5785908155985616,0.31881640163700514,-1.1244524662763193,0.42883637796684865,0
646,train,-0.03567408905656294,0.763084136476456,-1.1221607041314288,-0.2741697862926211,-0.02048549852678704,-0.45301166620844524,-0.39847157725533117,0.026917555800952335,-0.8808056517621078,0
647,test,2.3321872063106786,0.5257742486875535,-0.5721896597354862,-0.2946266858625575,-0.02048549852678704,-0.20677590182193328,0.7118937421294179,0.1031760123360295,-0.5956217782974096,0
648,validation,-1.302158678863272,0.32361234663261085,2.5947571551012008,0.11890235372088406,-0.921851798201431,1.5395868104700923,-0.47119310961820904,-0.8796071753570255,-1.3061566020509539,0
649,validation,-0.08161934676315041,-0.09096514436283495,0.6366858559433725,1.9237116709955548,-0.717527377906952,-1.541304130339221,0.4973519717649625,0.7579024430831924,-2.0142630640354824,0
650,train,-0.3644307774002602,0.2588733267283779,-0.9366224496088422,-2.068216162675562,-0.02048549852678704,-1.2328428875880588,0.41715750593559703,-0.9041561687971674,0.2895635870098788,0
651,train,-0.35990830362629794,-0.04791459155683045,-0.7294145326879726,-2.7079823520915838,-0.02048549852678704,0.1021067105874514,-1.0428077028424931,0.026917555800952335,-0.22866955712523276,0
652,test,1.3333743827763396,0.7538937366898492,-0.8723635541226102,-1.1035894516349016,0.9020125340338773,-0.617931921249079,-0.3840897191543008,1.3801945596069272,0.4828277048321501,0
653,train,-0.7580895401185217,0.18462525496646223,-0.21192711139047216,0.48284036838742506,-0.621584472242267,-0.19664529038871575,1.336357012239987,0.446712895030958,1.332994125687513,0
654,train,-0.5516483779020289,-0.1492839133151436,-0.7607521044754836,-1.2363652260931866,0.4428789528111318,1.3583588469975463,-0.575247565869948,-0.8884825426486798,0.6899409168411719,0
655,train,-0.3268420258781943,0.4982403075892839,0.1991969858099565,-0.30460508207369635,-0.2325669351161681,0.028829533982478627,0.02721867757533897,-2.0732284434149975,0.6241639747864516,0
656,test,0.040752710090494706,-1.3327105018938459,-1.167875086590584,0.8396361576986284,-0.12132950599045515,-1.8427431925254385,-0.916880723437263,0.9886883433934722,-0.2276463807855739,0
657,train,0.7028476395658496,0.3667832095739601,0.24714476034209917,0.2596799677770744,0.3460550694528866,0.10226048080284869,-1.4230670205619982,0.0800853465994229,-1.3249978101417799,0
658,train,0.39562424660230777,0.4068731051306921,0.13422667462309204,-0.9677317683823019,0.2656033370227036,-0.12639093146598993,-1.9926090584611853,-0.16259320221951953,-1.6160010691298503,0
659,train,-1.0407812536631134,-1.3000916922767236,-0.14920230427933073,1.5875026814723052,-0.5589131495071407,-0.897109518947947,1.286352713025305,0.5718138181437046,0.7228567333286665,0
660,validation,0.313071116350155,-0.13751081754483893,0.27469856728619824,0.08987904297279431,0.06394532431264957,-0.7218364121696799,1.2007486113678143,0.283346593473431,-0.3422851697645071,1
661,train,-0.03567408905656294,0.6697159873102259,-1.1483465547176672,0.2917904509428312,-1.0268586854008221,0.30485123406837317,0.12291270633727393,-0.9414540122904337,-0.5236037811537558,1
662,train,0.17434812794853372,0.41059881176008123,-1.0247681800445452,1.102946077842779,-0.6635081344117698,-0.1884165532910365,-0.5735245886399348,0.46870242484036156,-0.06614106387059157,1
663,validation,1.9955384925060062,0.41084106248196295,-1.4511565805197186,0.06314282080856022,0.8166994537724341,-1.2737555214987273,-1.2392761901498097,1.6810748799289652,-0.15896816782614046,1
664,validation,-0.03567408905656294,-0.24450085008977684,-0.3160487737460845,-0.6622230763933673,-0.02048549852678704,-0.49211770930817017,0.2707874182316674,0.7846891836305314,-1.5948743332481736,1
665,train,0.5190392229882288,1.1417815998001961,-1.7235544609693445,-0.157362499894903,-0.02048549852678704,1.445953251958438,0.695154782331696,0.0866086123591072,-0.10899923033537966,1
666,train,-0.03567408905656294,-1.2579484150697813,3.4423783062455904,-2.8159477132646806,0.8584181396949809,-1.2940535251762164,-0.029776394246817408,-1.1320512371596068,-2.5192754464056155,1
667,train,-0.5105564792029251,0.02332110516658522,0.18738792199458654,-0.6078749976656509,-0.8313352816691374,-0.35040363047273126,1.3945060719526259,-0.2468133573553544,0.08691302826562286,1
668,train,1.7238300671770495,0.7673674390250503,-1.0556626792478543,1.2414135868011171,-0.02048549852678704,0.17116383944340333,-0.1393681347781514,0.026917555800952335,-1.3097215500671964,1
669,train,-0.03567408905656294,-0.31034127961623403,0.8743746145097266,0.6359327981309995,1.2250229192851345,2.31937221421449,0.21379653762289616,-0.0426435173790657,-1.912472810180333,1
670,train,1.2315352077244548,0.8384197161188518,0.13040838795417867,1.174437783435863,-1.6239118992490185,0.4714604496060911,-1.3983615666442948,-0.41447843658210426,-0.4497750988271234,1
671,train,-0.03567408905656294,-0.027117264107424557,-0.825224074241005,1.3825031826919858,-0.02048549852678704,-1.7049806721179837,-1.5539712913315284,-1.0505646892330456,-0.017711964335650688,1
672,train,0.7198566454405666,0.4619474417073279,-0.7193007076603392,1.4662657806306167,-0.02048549852678704,-0.7994646840317253,0.34859146068828595,-0.7368267051836759,0.4860012602806395,1
673,train,0.7363902408005408,0.20527591229799463,-0.5564735463219255,-0.9487655583479809,0.09418851775713973,1.231518296116942,1.2535404804866845,-0.36274427110625906,-0.06489179148911146,1
674,train,-1.465197101711337,-0.9823962884368913,1.063148640299584,0.19588674436417453,1.3720028947324432,0.9679919602092711,0.21907501294629203,0.1984717406397892,1.374811490781567,1
675,train,1.2892841858210315,0.06972033195804161,-0.18081815166287,0.2943520467058091,0.5180235415349047,0.7900953310042598,1.6391589724370088,-0.12295875203030374,-0.9857422696951602,1
676,train,0.19643436156067393,0.7252989081980473,-0.47886734104835316,1.4512658073666365,-1.6371665575394339,1.5178651212088339,0.1720868546700259,0.07528573020105664,-1.0080929203172944,1
677,train,1.377455411887606,0.17755152101553467,0.3259564160454513,-0.9477906521867693,0.024572663486920384,0.4821252073543326,-0.4058455950266396,-1.2156444743987362,0.6665840422871987,1
678,train,-1.9851417049502278,-0.9920649651440071,0.23324275338003533,0.9325545910718277,-0.02048549852678704,1.4725284688634634,-0.12862434473347936,0.31238612601169474,-1.491455935977875,1
679,test,0.4921100815474189,0.6053444410701014,-0.058619659834797944,-0.5479778879461765,-0.02048549852678704,1.1842778651952626,-0.11267423248051985,1.0792229477669646,1.4795771728948444,1
680,train,-0.2583334376679458,1.0434139172335293,-1.3756158012018844,-0.7186359877073454,-3.0369309924171923,-0.2740147913365061,-0.4397483415175496,0.523956493594405,-0.701630546192708,1
681,train,-2.356241689088582,-1.2204621416635528,0.5604339619608693,-1.292196468396945,1.5084787163066973,-0.4836532222730084,0.8970048212781755,-0.1617663147501064,1.7894116912875497,1
682,train,0.6010048160306567,-0.31775473891342226,-0.042524172819286686,0.45818952488469694,1.646194869363306,0.4111995215974783,-0.10709440891470112,1.267747383109598,1.463618260316137,1
683,train,-1.6941894276008893,0.2494185118909004,-0.9017798665894663,-0.45218377788120806,-0.02048549852678704,2.512222323603819,-0.8697604134495974,0.2745056747828562,0.010303047494227665,1
684,train,-0.03567408905656294,0.24357668188797763,-1.0174816893387004,-1.2622758980318864,-0.2504877222337266,-0.312744027709597,0.7276637729336702,-0.08052911707611808,0.11263188204394338,1
685,train,-2.1034337546262383,-0.529197564508479,-0.356473578742796,-0.3939597975743585,-0.07351367747401352,1.3580044462210545,-0.10619171027056319,0.026917555800952335,-0.7566568433221842,1
686,train,1.241739686022785,0.17591187248487544,1.3474792975985015,-1.0375287473828063,-0.08225999800370826,-0.022273004119177483,1.3754425795514256,0.8399004353045729,0.8572696447890548,1
687,train,-0.8070077990680138,0.04868790386688909,-0.07581419216377797,1.2634507590626756,-0.20783956624665423,-1.4248539231703607,-0.37353370770642147,0.519293425042383,1.1878993392754857,1
688,train,1.6547484757786588,0.5824310331537723,-0.5987494504806131,0.28085735756946606,-0.33081620802688766,0.3195280397776362,-1.4145169856379103,-0.5229605777009613,-1.6954023162134713,1
689,train,1.1971303825356272,1.0188187019771413,-1.5905455723882445,2.125711497619699,-1.5212368557780185,-0.7137331676200828,0.4671653661520165,0.7002249471201059,0.7747520369725294,1
690,train,0.4336754384477563,0.35910413690556897,-0.5196428557878804,0.3665347062920615,-1.3022204911092738,-1.9594581286020074,-0.766834650962595,-0.5851233996529213,-0.9551142853086086,1
691,train,1.3652625163137577,0.37369628891680784,1.186355724385549,-0.12590572597644473,-0.3499228255737862,0.26211100353740646,-0.5351575237925372,1.463651747749648,0.587270848748874,1
692,train,-3.6267286330858717,-1.506008247599234,2.244837431946804,0.3932062914356786,1.1586317143132845,0.005560432788088438,-1.0509352548913307,-0.07044693844186661,-1.2829822667073074,1
693,train,0.43647603915275685,0.5280561325557962,-0.15394501605463104,-1.0945762854402463,-0.02048549852678704,-1.106547781517717,0.8469715262091375,-0.47720257275265154,0.24611213997899656,1
694,train,-0.24161532123483143,-0.5586364058671807,1.1583441253936713,-0.9122549633222192,-0.02048549852678704,-1.0626637259378358,0.165588023439223,-0.1260055811708062,1.4595560979356086,1
695,test,-1.360711927966676,-0.7096572785441646,1.3248849870199217,-0.6628392169028263,0.4791764838553963,0.9796372257042909,1.0805448929231443,-0.23139705638853872,-0.01167758616919664,1
696,train,1.6756112774194032,0.46967442573565965,0.3841720287909276,-0.5565314628117942,-0.47386276509016995,0.8661310462529493,1.770584162999673,-0.8375656952343167,1.2954273457196834,1
697,test,-0.03567408905656294,-0.4348095681214902,-0.20089489677143976,0.8619297801946639,-0.10146318012418319,-1.2238009164294736,-0.5909444554117016,0.8661471760635858,-0.3546639568261497,1
698,train,-0.5703991774692551,-1.0267963614040692,0.5229161639534454,-0.6650677159007545,2.6143744152689754,1.0102112619514434,2.8468774598212128,-2.9748994663041106,1.3728574243148075,1
699,train,0.19904685602494673,-0.8572549116764726,1.7500767349409352,-1.8144463193553761,-0.02048549852678704,0.13951090104869227,0.5008198061944295,-0.1763406846312536,2.297266695906426,1
700,train,0.48905803300997425,1.1017466859998344,-0.8457992836891945,0.3301187393510804,-0.02048549852678704,-0.18119861554234928,0.3768022059400765,-1.5282770200897478,0.5021237328408249,1
701,train,1.029856754104463,0.17229472877387683,-0.7558220823192149,0.09441587819704414,1.0938322718302618,-1.38676313250824,0.22783694644131497,0.6820399337928307,-0.9362631323678463,1
702,train,-0.44092163163231757,-0.11418420977682933,-0.2543703278094677,0.33881132857799123,-0.5190262026187109,-0.5955320326316619,-0.4181682151536598,0.6160973687180419,-0.7097215070499866,1
703,train,0.169791330926583,1.1339595929537896,-0.6541776625483523,0.6759584561586105,-3.0101092326082646,-0.3235899114168639,0.3212378461073651,0.9965244501693622,1.0253029149081831,1
704,train,-0.6395052339259915,0.4369843819511282,-0.20862587703605948,1.3124942892682723,-1.722565072032426,-1.1757676372995394,0.8945424834141475,0.856607023904188,-1.1365315114512833,1
705,test,-1.6054180876438384,-0.6353210949931939,1.4171407973165533,-0.7312833456350643,-0.24583479438218883,0.17195481792139927,-0.4980040385476935,0.026917555800952335,-0.41720052227596877,1
706,train,-1.1510779602381243,-0.7407863185500011,0.7152783677084811,-0.8146035942248924,1.0655084074171624,0.9558015506384525,0.999396305014751,0.07328649836845896,0.8478020504645356,1
707,test,-0.9934871178411019,0.58541444010079,-1.4551713971231952,1.3451948359515191,-1.634818511240611,-1.0765466308682172,-1.0962198164753922,0.4036893667771978,0.49184165185388873,1
708,validation,-0.8954171698575271,-0.37777367617025037,1.0631996969095003,0.8073281441069052,0.6242150316129609,-0.5903376668427558,-1.1728036712849954,2.161939271726627,-1.1230459483959458,1
709,train,-0.03567408905656294,-0.02595076822209879,-0.46265886254556365,0.2863969186498457,-0.02048549852678704,1.0409946907322722,0.3736426612589977,-0.7595192151069151,-1.5283985752711475,1
710,train,-1.2477481977947051,-0.8825597348429234,1.4744005508827647,-1.9152961084969702,1.1896790221049287,-1.3860601656968796,-1.173164767262762,0.2836558387136164,0.12965213657773977,1
711,train,0.41169019272944013,0.3819988804464078,0.8825265648314737,1.69488052744935,-1.0840567056966617,-0.8910499080584707,-0.10559567077865618,0.3526159416683407,-0.06673744413017331,1
712,train,-2.3168154506722316,-1.6076528275217987,0.5590961729347617,-0.6241871327912465,-0.02048549852678704,1.6785684640269976,-0.1874813493354202,1.659224235182889,-0.0994770013556551,1
713,train,-1.4885263835944729,-0.8423675100853302,-0.8123593541255375,0.7610806614672179,-0.02048549852678704,0.11764404331723916,0.5981526208050845,1.0032258285937985,-0.09769451136314039,1
714,train,-0.8451141436719579,0.16314911735893145,-0.8928770517673468,-0.2823537318065853,-1.1815955672950962,0.5811234755438466,1.2010441316821356,0.7486730957873509,0.6643495712050287,1
715,validation,-0.03567408905656294,-0.10148153003485233,-0.8356142081722473,-0.9074374681867688,-0.30614850855573716,0.04269022770060862,-0.47174458152135584,1.6883603344544158,0.5677096524481768,1
716,test,-1.3927868347106143,-0.8078983559628008,0.46114087321088987,0.19106832896692325,-0.02048549852678704,-0.9564669149075755,-0.30398684510416907,-0.04980027224014654,-0.0731022759645847,1
717,train,1.958814454675613,0.7146035897019525,-1.1238600345043783,0.8297085472284261,0.10054007091500058,-0.36128491950063124,0.16172927423135489,-0.32482824259319404,-0.9261735738037172,1
718,train,0.22699668364864223,0.06081310354053363,0.29306821996030225,-1.4370340881064816,-1.22181629811922,-0.7595141945777119,1.2699825402348757,1.3865355319479438,-0.7411924980922853,1
719,train,-0.03567408905656294,-1.1154312065573995,1.8188938043115073,1.280475507667542,1.5503405368349181,0.17245923096499788,0.6690817272262229,-2.8367387222359484,0.6024417256386676,1
720,train,-1.3508383165198838,-0.2162323202399626,-0.0007932723634839252,-1.7002958530752488,-0.02048549852678704,-1.15217502223721,0.14328365846158492,-1.022328034456323,1.519717514300017,1
721,train,-2.3494356024476724,-0.5323731225803106,0.7704933803023901,-1.1531047502830294,-1.1364320858273822,0.8981649252406663,-1.6237226536364147,0.7125426440133641,-0.794476807123555,1
722,train,1.209376322386388,-0.09127697121811264,0.2584404628056518,-0.5694657623565188,-0.02048549852678704,1.2166341598771153,-1.3346432944779743,0.9646651439238968,0.9038862663314997,1
723,train,2.0791038266769024,1.3878551964598358,-0.7654556314977121,0.9848731423687774,-0.02048549852678704,2.074977437759587,0.2163721789752075,-0.237754123079477,-0.1263975886519819,1
724,train,1.9176708991989406,0.07240091630843293,-0.6352183652125858,0.6539364124527592,1.2712284979052662,-1.0226675963312406,1.8731315445777938,0.46034775184870247,-2.015133985835129,1
725,train,2.1679488613672366,0.6587789176477838,-0.9173774173586927,0.25889361247983306,0.009763514112068602,-1.0647906729048389,0.43063334301457895,1.1765432693692806,0.42688120665884594,1
726,train,-4.668059870082252,-1.3543554524949335,1.9592068398983251,-2.26457769976697,-1.3766353078221951,0.1853159497879529,-0.3248926266492783,-0.24048636268727272,-0.5436244149437464,1
727,train,-0.7263077606524677,0.284808497036595,-0.7576661250616311,0.30220617649645765,-0.7172540899753349,0.046691602053168385,-0.01290303416701143,-0.8110216843034806,0.5841970704388676,1
728,train,0.018219903210761373,0.5260643096323665,0.3675214030054044,-0.6533749965674827,-2.413037646692918,0.9581826009729165,0.6483246450371863,1.6200546427489964,2.227494770677992,1
729,train,-0.4995765147222233,-0.19423344833411293,-0.7863328226972562,-0.9715144736719277,-0.02048549852678704,0.2322918194244121,-0.08577214313025944,0.10771239650296714,0.3764265405492181,1
730,train,0.7116268408214603,0.441384295472306,0.1329972744776973,-0.19818594639784648,-0.20389405360497137,-0.7395713077698463,-0.10799274808506276,-0.6541480688605468,1.0884487644983494,1
731,train,2.15731844459896,0.6607102545096906,-0.4160474031583465,0.9721331165076825,0.4313459714162258,-1.1313882153603683,1.584298568192684,1.0609252777926548,0.7531507449233035,1
732,train,-1.1040949578680097,-0.27619135986877896,-1.1577332225383874,0.8364921184600169,-0.02048549852678704,1.3147305525222377,-1.8766054219484334,0.5378044693653308,0.6589633780764278,1
733,train,1.4673977611225062,0.48569346159124166,-0.7949564093067069,0.04724727767033607,-0.26620633836411756,1.8170806501316124,0.7088922551414528,0.04865925632328171,-0.6379583062454377,1
734,train,-0.0086933262405222,0.517890235659715,-0.20208375323393069,0.31474716910730527,-1.201882715108464,2.1853949929117067,-1.6978911745812175,-0.4882295517066203,0.4128626357077097,1
735,train,0.02165810207456654,-0.09239133863665418,-0.3813296436484667,-1.3537260284683152,-0.4054925314803832,-0.7205258150698401,0.1767181240461317,-0.7402006604150103,-0.3003047306145212,1
736,test,0.7862814383904959,0.08805529807715602,0.3678930987676201,1.3650842573594213,0.46722280409232125,-1.2279614335446927,1.3703423164567528,-0.7415016581798651,-1.1265019403958805,1
737,train,-0.43424452183788637,0.23084311551608505,-1.218953181028459,0.34363293405000134,-0.02048549852678704,-0.12266587662321533,0.7225081735851888,0.026917555800952335,1.2865456407779445,1
738,validation,-0.6279174623543319,0.1849762371684166,-1.090868118156748,2.7579865703069077,-0.2684274773434843,-1.030730271308535,0.1290994940833204,-1.1606399060926087,0.041795143050265424,1
739,train,-0.2123641056903655,0.005477226655917941,-0.913245675427846,1.5439234720662671,-0.02048549852678704,-0.9910100815960893,1.0529409680654294,0.1433738585653591,-0.18363731372995803,1
740,train,-0.015139732611240835,0.44041505966318023,-1.1966472014437817,1.1023638001014975,-0.9305349094830515,-0.9180197329519109,0.8051473680638025,0.09250352988078073,-0.016130410950407643,1
741,validation,-1.6651578059539887,-0.4383143486143268,1.4167032207726833,-0.560365062255053,-0.7240102707484521,0.1371056576125547,-1.9894745160505554,0.026917555800952335,0.1965122974671578,1
742,train,0.40500525969901524,0.2684279362119504,-1.6322936586400734,0.052822500920436374,-0.02048549852678704,-0.4037470396727264,-1.9413527266378132,0.6502669518454643,-0.3220933610282227,1
743,validation,0.7173261700248242,-0.55180196514678,1.362611260114467,1.2491108839183722,-0.02048549852678704,0.6542189974394435,-0.6090270815094823,1.8877611655617965,-1.5690228230743861,1
744,train,0.27049739898886543,-0.32629301645352404,-0.9142148996933849,-1.5251520895058208,1.1951956677932205,-1.2845408725348162,-0.788318260106703,0.011039423800156984,0.08837911295348287,1
745,train,0.6794967377469174,-0.33065557977041654,0.7504036650394151,0.3167215973425348,1.316509302460098,-0.312266599421618,-0.43848273580197733,1.3221163785915957,-0.7638982042812996,1
746,train,-0.03567408905656294,0.4261845123047094,0.7020920467190164,-0.7164438524463608,-0.02048549852678704,0.10908248067587703,0.5701253711583074,-0.09844510582835696,0.40860012750307434,1
747,validation,0.4208111851812738,-0.14048394529392602,-0.41978174688779474,1.2819433389467747,0.8339842158531816,2.6959972171185065,0.03438727388299656,1.546953889303144,0.5259459527157373,1
748,train,-0.22693036518658333,0.3228147311352599,0.20812141490044272,0.37005042039315383,-1.0995642764816802,0.23052110968616518,-2.5280489967933093,-2.2318038487763516,-1.5257249221224678,1
749,train,-0.03567408905656294,0.7044243672386085,0.06520879093315081,0.13172204920683528,-0.4627218831535192,-1.2411968916829728,-0.452366053659713,0.9278151011916186,0.8676358382093535,1
750,train,-0.5175148789587118,-0.3288169947409962,0.1616624413255306,-0.7502450864494159,0.3683827470168724,-0.32894414468918814,-0.3061274354477774,-0.35764379569122756,-0.5061964626258251,1
751,train,-1.1439036913192706,0.07034514721183342,-1.165782942412686,-0.5057114154874963,-0.02048549852678704,-0.6231973910186063,-0.7357137963524848,0.5003082488769814,-0.9986030757177468,1
752,test,-0.9423896345854255,-1.1427189066190273,1.1566837487329595,-1.1508663165698614,-0.02048549852678704,0.9089765708221282,-1.9138617084797858,-0.6494021038864198,-1.9877687203986112,1
753,train,0.41542014634969876,-0.36424896706964965,0.09772735810413558,-0.8698101694228881,-0.02048549852678704,0.14345709925459796,-1.6539165002588223,-0.07236499571205049,2.2203345707939195,1
754,train,1.019414073213987,-0.3101461679353077,-0.13926845209445465,-1.9769158984621598,0.8872789435612053,-0.5384623496282951,-1.3046408807621326,0.0365360655679126,-0.7447633411526586,1
755,train,1.9095872933023645,0.7330116594907835,-0.2187468631914147,0.5541301846164538,-0.2127201429589604,0.4044970550465616,0.20351504453321287,-0.4128563256100237,-0.2822193963351811,1
756,train,-2.490168381605866,-1.287494286967932,0.0028824199999624976,-1.3279728222334686,-0.02048549852678704,0.11565338082853727,0.13014692113829432,-0.6101211742430624,2.5666986956015516,1
757,train,0.8757703068169111,1.0641198352144,-0.7683024051172577,3.2288818980992855,-0.02048549852678704,-0.07025180717285026,0.23347011466976456,0.08780727449530812,-0.9721417302617429,1
758,train,-0.03567408905656294,0.24918948866402912,-0.9706234282629591,1.244100400475118,-0.026830408630769447,-0.767934799031386,-1.7358470725235777,0.6457082753941973,0.38063549080735976,1
759,train,0.8894274962145746,0.5692522984407501,0.5938514464196629,-0.3384045328748065,-1.399547642782329,0.19044764078887838,-0.43512833029126735,-1.2515793388818597,0.22953159307855026,1
760,validation,0.3389511619122493,-0.10527196128591286,-0.01578443768470666,1.697474260723278,1.3211465440265,-0.16247910421191664,0.5645091543994706,1.6788689583910967,1.1029014817928289,1
761,validation,1.8831126661459985,0.3683486541868238,1.5336179885521495,0.7807087895837882,0.09301910959410269,0.42505267476866077,-1.2722895703381396,-0.9652711063589847,0.7045580726193698,1
762,test,-1.2652247038039535,-0.3576859903432446,-0.6302943592230581,-0.29906453593312304,-0.02048549852678704,-0.41115344672445936,-1.9720491431869258,1.4534811718680696,-0.35180460978734435,1
763,validation,1.7562078838181396,1.1267853901100333,-0.978883801609385,1.9021115688829098,-1.1190178624626856,-1.2475041857520943,-1.169964788079991,-0.23207910167975299,0.9860217218381643,1
764,train,-0.03567408905656294,-1.1633337522547305,0.5002939930370566,-1.874372428848205,-0.02048549852678704,-0.9015455396458372,0.5331643115563389,1.2180778630237816,1.3290072664216885,1
765,validation,0.5797297133092435,0.3155312328959805,-0.24544125286339363,0.9392123855062506,-0.5898542810308837,-0.8522207736122775,2.1305416787208817,-0.1486503657316318,-0.44911279253713526,1
766,train,1.255461470391111,0.028414849224258947,0.6908535410885299,1.1660511205091417,-0.02048549852678704,-1.3614520196478104,2.2130624484767547,0.43687694423385603,0.17933063636930555,1
767,train,-0.11147672659390437,0.34018754716546845,-0.5832438607921105,1.8280977596554653,-1.3019365314507583,0.6650939722761023,-1.3742400711223959,0.7717358879299833,-0.9010711997000873,1
768,train,2.3515426247159557,0.10476711632203933,-0.9044879758739879,0.1669340700956574,2.0767900998410123,-1.0745692992974292,0.8594096310909686,0.41910113590056197,-0.18896112041213375,1
769,test,-0.9223536647725323,-1.037843382320221,1.45217799297301,-0.8985999542373999,2.2371774881173305,-1.6067393649014365,-0.0835463396058906,0.6734849756281237,-0.5300013976175445,1
770,train,-1.1903317361624788,-0.5541469401207443,1.8413627450771408,1.6669587831608126,0.25912614254283817,0.4570069059589137,0.17447783789098378,-0.05012356423045015,-0.06251344041009937,1
771,train,-0.03567408905656294,-0.5990792910422795,1.953371802341989,-1.0093148962976237,1.8860024438115586,0.6924198421254445,-0.6007896156544273,-0.28822149476959585,-0.9069812614879549,1
772,train,-0.21394472274790233,-0.5991026690153893,1.454718654559494,-2.6361834136383946,0.9806798032350266,-0.4742409015511523,0.9190504599001699,-0.0791438147286007,-0.4029002091354185,1
773,train,-0.16050440259785512,-0.03891934635776038,-0.6721499113303967,-0.5331792351911242,-0.39978673039399104,-0.2932015503537753,1.4297250154698804,0.587811421350706,-0.3051876800658028,1
774,train,-0.03567408905656294,1.0554548697778052,-1.0194980065977604,-0.074811608239119,0.29178882189076594,-0.43725776399093086,-0.3202182030717,0.9404005545549292,-0.8472604376528925,1
775,test,-0.03567408905656294,0.2564407640389564,0.5975248989389649,0.1877216084531197,-0.7935434397316993,-0.2279152717904843,1.3025978561078104,-0.29350506337765325,0.8039637427609964,1
776,train,-0.03567408905656294,-1.2521681345993663,0.7295887239798484,0.7910595248409408,1.6136671546808785,-0.08196175522815781,1.381192147259361,-0.8540766185935863,1.2267411571875286,1
777,train,1.024706484534576,1.1341624646016686,-1.6561318066846547,-0.08958489616146989,-1.7809423565972817,-2.0843544558183495,-1.6145564503827616,-1.5328172991958342,0.09025808602077473,1
778,validation,0.946036346765498,-0.4206129874746045,1.6614588173615503,-0.5934186523934531,-0.02048549852678704,-0.16867781465148757,-0.0026240925167178744,-0.5945876936580602,-0.6176962595288971,1
779,train,0.3453517780813769,0.07765912140347328,0.4062443452850494,0.5156000024827191,-0.41775356027356014,-0.14233196447167787,1.7911756708450206,-1.1309800661539395,0.6960083238785283,1
780,train,0.7173634922593729,0.21883858761921546,0.2684094957945654,-0.15767938086196934,-0.7686600099007433,0.5280427122956365,1.5201646179072694,-2.243996532445367,1.3209030423544912,1
781,validation,-1.178841518457809,-1.4167201155914055,0.6807580570610927,-1.0174792820426615,3.078923513424732,-0.068665686770047,0.5753210378948992,0.7767945583408051,1.0336458831476798,1
782,train,0.6222689787486602,1.3570409101530532,-1.3890481637213854,1.7104635678735023,-2.8628290235308524,0.01095323525551813,0.2222974411245539,-1.665145087975542,-1.7190459009061982,1
783,train,3.2774360438800807,0.9626800240248427,-1.5385065437258685,1.746159147397172,0.3522604699330531,0.8895766366725265,0.37412808942888354,-0.1640103789340094,-1.2095635751093479,1
784,train,0.24404007608706882,-0.4861408239563142,-0.4087423062675059,0.9222306773651087,1.9634623441494863,1.6860826511063514,0.15431093667295392,-0.5297966572661322,-2.2758249701005204,1
785,validation,-1.3230144456508681,0.38729894706933354,-0.04629418561148081,-1.6704986239600468,-2.835908180884436,-0.6051232090138384,-3.6906949337458848,1.306748222520178,0.2831088640643554,1
786,test,-0.03567408905656294,1.4003506188854062,-1.3692869882967267,-0.4342349805081365,-3.349564361795519,-0.9366685285449867,-1.1798651927981312,0.24031488622770172,0.8386542092159361,1
787,validation,-0.0927048851021406,0.701002160517337,-1.3062147785134648,2.0671257185978305,-0.02048549852678704,0.31008015350776796,-0.015337667192776681,-0.3147862763855269,-0.36544595801541546,1
788,validation,1.727921953881693,-0.42329375877522674,0.9665983203736223,-0.897261691707479,2.4337670813998042,1.7913028836581673,1.0511026192739588,-1.2808222447868705,0.006021841386060004,1
789,train,-1.1729554126438535,-0.7786274510769029,0.32953010217348994,-1.8144789341314167,0.9060376479817548,0.7723584362594135,0.2627121400975154,-2.0911907500028275,-2.759972389795929,1
790,validation,-1.4804742061238994,-0.32273980665666446,-0.9289170921141522,1.3839179976701963,-0.02048549852678704,0.4014687206124124,-0.6438183560602959,1.50276179121558,-0.2370243128954882,1
791,train,-0.48179503526797757,-0.4474651854414587,1.2783907643530414,-1.0875889375913894,0.7834793318542888,-0.9583735923669214,-2.0409734597789235,0.006858285841183086,1.8326849264029736,1
792,train,-2.140451083810738,-1.0282179585410693,0.4662872486052794,-1.8433582416649719,1.0475273055446215,0.7394062966290484,1.0670069494040602,-0.15875400265413062,-0.6302427279879044,1
793,train,-0.11387109976173088,0.4333278530366116,0.847815606799544,-0.6763198952557505,-2.2406566708986917,-0.4391474117449513,-0.4196486465591212,0.6947216649059582,0.8027484327389675,1
794,train,1.404161828366335,0.9001820010539725,-1.7102581968658517,1.3362633431474278,-0.40634777180274323,0.3891718793889922,-0.04694694500773946,0.9159819775689637,-0.9718264809483882,1
795,train,2.167938118119132,0.8689457803355501,-0.81034436506674,-0.23317867893088684,-0.907859527503792,-0.9165346926072588,-0.21725088332730352,-0.13337026595777385,1.5715879423921477,1
796,train,1.159824681560444,1.0953829369241892,-1.6820724514713217,1.3765667289589327,-0.02048549852678704,-0.15244768338629894,-0.6768709195048607,0.026917555800952335,-0.6149734294361516,1
797,validation,0.19381781148619986,0.5049383911020788,-0.38267954467731014,0.7447797875547459,-1.0841356369304511,0.8415286449716677,-1.1376978293435547,1.820107022521867,-0.20074021141171478,1
798,train,1.5445199799785363,0.3292707968477721,0.19851127141037447,-0.36896051005629504,0.34860210254000423,-0.09119509580534535,-1.0026028582296755,0.026917555800952335,-0.7322111899222592,1
799,train,1.5720444056138738,0.561769587874501,-0.13909240239334625,1.8644788052468204,-0.0682102850745902,0.235174122625558,-1.0662511447806564,-0.7408677083526697,0.888499986319411,1
800,test,0.1446659842468342,0.028366438308783062,0.08202690311320589,1.3651962514136706,-0.28487667286705204,-0.9235354741895092,-2.516032727443113,1.0405127128969096,0.9057472537598104,1
801,validation,1.2368906406540847,0.44700811392342144,-1.3910500553825993,1.1004404647765118,0.4013644055450376,-1.1612584208008334,1.2249408824111074,0.14041782346031487,0.7006125400425307,1
802,test,0.6965826123107295,0.9638809647239842,-0.39260309790402464,-0.5676973562521166,-2.385895367086465,-0.7159757925919608,0.10691843337977387,2.232908637281415,0.917387233226664,1
803,validation,0.4903807120332802,0.6114954223946719,-0.8710903324736131,-0.6460810999800214,-1.440836120251723,0.49570479569412634,0.27032201610763706,-0.2063967291113022,0.13387796507611624,1
804,test,-1.6461645384936419,-0.7794501209699239,1.5780996964596077,-1.3724274554439757,-0.5275088743730953,0.9109442369844226,-0.0163088049862939,-0.5834930475827793,0.7493496984714879,1
805,train,2.6013864384758434,0.3151629869128867,-0.6504673766570765,0.6787565511045303,0.9848230037131697,1.8156887487297169,1.007404294288746,0.9273070252016438,-0.32045295310802774,1
806,train,-1.5961923430764584,-1.0565598403059877,0.6147658181214979,-2.638387590808532,1.0708121842843592,0.11368639994641727,0.2650996755100897,-0.06503156549861414,-1.3152143539819667,1
807,test,1.8961688089377284,0.8290562157424147,0.8803781092873508,0.3861942821905271,-1.44735793221664,-0.885093113845428,-0.018744111053624432,1.1341415625103337,0.9795068310799615,1
808,train,-0.03567408905656294,-0.4333308408328462,-0.2548158143720387,1.8388373768638901,2.4953729148647277,-0.5485042234415993,1.5966416487832975,0.6665215855470717,0.45822952707566034,1
809,train,-0.8554716349621649,-0.17519539917446197,0.4608266679198446,-1.4163795278907299,-0.4887418436605277,-0.7103790564143981,1.2536697258822325,-1.10646090201591,-1.0124309285643553,1
810,test,-4.148998160997481,-1.9462573397251997,-0.5567192007732049,1.3683670355661544,3.036009756115304,-1.3028024971548877,-1.1728842680124723,-1.4283759818987887,1.5213831379198257,1
811,validation,-0.03567408905656294,1.1805203815216576,-1.294121574306906,0.31678267605906035,-0.02048549852678704,-1.332977763199333,-1.828648846496215,0.9140304064577469,-0.08996549726424409,1
812,validation,1.6351452825335573,0.6747632543146463,-0.734839224651149,0.8955691696178096,-0.49407267058175125,0.020071976281341237,0.415206976411545,-0.0818422407384131,-0.958721989657945,1
813,train,-0.4414130290261497,0.5517571679235436,-1.4170333110416617,1.8072109925272812,-1.6575890544860756,0.9903472920576915,-0.4093512482735318,0.3365856123536877,1.220538088688825,1
814,train,-0.48922353042203337,0.2554522846151014,-1.6814346622247567,2.6204355810418947,-0.23326217093621482,-0.6953134207625026,0.6390603900289806,0.5193551103331349,1.4763874399619086,1
815,test,-0.03567408905656294,0.17633943685674036,0.2292013393102235,-0.9753435253894706,2.072381915935147,-0.16486193553532114,-0.1426472850639915,-0.41799869158357394,1.6566286866405455,1
816,train,-1.11099910081679,0.0768361021280538,-0.838525454703932,0.3689152958424867,-0.9750137884108389,0.507036740247533,-0.07447092476458485,1.8497972779681007,1.5596561966033546,1
817,train,-0.03567408905656294,0.5898186963838832,0.0043326257565937465,0.22456712643711782,-1.3749315196629213,-0.780092667654096,-0.8812940453049817,0.6604380144360021,1.4136594236829878,1
818,train,-1.12376347319334,-0.5790271472124109,1.0934447414665784,-1.565725865306212,0.3645525444988964,0.7677479193184235,0.5514368087983261,-0.48802428980771256,-1.4062003244040362,1
819,train,0.1979073834225572,0.6429022857671058,-1.0844668188645346,1.8325206425432459,-0.02048549852678704,-0.8505661042392845,0.6209670748074272,1.7533516667928977,-0.4841326909376337,1
820,train,-0.03567408905656294,-0.643992321730138,0.4711482202817526,-0.5406726584935224,0.34059767299460547,-0.6002737881210408,-0.19182410108876707,-0.9839815663697045,-1.3036448145380974,0
821,train,-1.2643681871152714,-0.5946175368365951,0.7493671874048038,-0.5000518072832867,0.0678413202513727,-1.2276652409098678,1.2846408654553627,-0.2561275358681625,-2.1883431967713585,0
822,test,-1.695141608897151,-0.3398364083181629,0.7018543785412943,-0.20897878115615018,0.5756765327546738,-0.5826166521003058,-0.08569065309306834,0.5361061573880184,1.2110379629277133,0
823,train,-0.20421034393272672,0.48180924568428946,-1.0228108373810278,0.19100094175294963,-0.02048549852678704,-1.2320265574411882,-1.0408154845120137,1.4867172998109253,1.361819326296224,0
824,train,-0.4655591620009362,-0.7484868721063744,-0.6690080666981367,-1.3464930517167033,0.18043578055952686,0.09135340995718742,-0.9753938466291167,-0.49123758925580874,0.7552704033075776,0
825,train,-0.16657297819176006,-0.914965430391331,0.761896156248791,0.08831215551086877,-0.02048549852678704,0.4039247906381306,-0.8826621277174717,0.4656486151019539,-1.4275164446524906,0
826,train,-0.124057798597178,-0.9806580313214377,-0.1561238597281514,-1.2044764020321292,0.21185664547797475,0.49821682081806307,-1.193520245549624,-0.0267801488833803,0.09852089316885224,0
827,train,-0.03567408905656294,-0.1583427614345004,0.07372173971268627,0.6786191249269405,-0.02048549852678704,-0.9618467352597696,0.9126974339467079,0.6749501622523227,1.6488712382246646,0
828,validation,0.5478922874943972,0.9735819991447987,-0.6816935321322566,0.8049048598918762,-0.5212079940677123,-0.0533800096263787,1.0298847514141756,-0.6145488657792972,-0.4352086110171696,0
829,validation,-1.0596530761244973,0.6680418602534145,0.03201191177432872,-0.41171990327156666,-0.02048549852678704,-0.18643155545643297,-0.4967653300205052,-1.3808346639150517,0.7931767275873409,0
830,validation,-0.40282420433279,1.170526963069558,-0.36501684850192995,0.9493012766857262,-0.8703043309730092,0.1739148535629098,-0.04500510689772297,-0.030463368366968124,0.5275258884804116,0
831,test,-0.2719059378637782,-0.0882788442389967,1.4047754338363398,1.7317897017552022,0.29419641126282947,0.8636294876744007,-1.6658320783078189,0.03434203417783223,0.07646567760653608,0
832,validation,-0.03567408905656294,-0.011851698976687931,0.26105992069785,0.46483752354658914,0.5163227906710381,0.009575828268808083,-1.2164493827754597,0.46443188262815427,1.3603616941553724,0
833,train,-0.5857762369804976,1.2676705537560564,0.06932649172720431,1.3954609610623228,-0.02048549852678704,0.5752366661848102,-0.07225034037162881,0.9288550049490415,-0.06558413692913868,0
834,train,-1.5831890777621611,0.208907705551661,0.2035771740303377,0.35516928239843304,-0.267430626555548,-1.7142015063319997,1.1628392545556405,1.2547466237794487,0.5558042898590607,0
835,test,0.24287490070611503,-0.4094108714211685,-0.5183643281666269,-1.54945724292494,0.04953856989377324,0.3081494715220471,-1.3959577937980225,0.913822149524277,-1.885544673135514,0
836,train,0.6609361549444455,0.129397205458346,-1.0439294560089085,0.1325451551621974,0.017013192226165184,0.23115588742267912,0.2096055261497869,0.3222282240443547,-0.584088794520909,0
837,validation,-0.015149637096250208,0.589197865315336,0.3616296591509742,1.2718561805012643,-0.3391331659325314,0.042287837591659036,-0.40183322102215085,-0.13256884071828431,0.41962982284595624,0
838,train,-0.03567408905656294,0.5521605329671868,-1.0412048392551443,-0.0027403819517868664,-0.8604053238822023,-1.3381528437744272,0.3579053127413133,1.6842463319125656,1.323527991697137,0
839,train,0.3591476084831141,0.7824598882421674,0.3698147632633338,0.9121832989026176,-1.259802664272587,0.9523891252945266,1.2267171339403156,0.14436240312029727,-1.4035594737872548,0
840,test,-1.628946622057815,0.1277398579509289,1.1800031872287629,0.9187415711043635,0.8492409763403089,1.0951904196134445,-0.5688715555470215,1.1983163138218658,-1.5857418306230782,0
841,test,0.6672571015548524,0.40203345095459125,-1.4912226170010356,0.9311158760784455,0.5937603506851584,-1.098734852955699,1.3636366136636544,2.5429029909987855,-0.9268204609088609,0
842,train,-1.9002316490346103,0.493035674461989,0.9810584548408213,0.9552924607619228,-0.009337245793689428,-0.5555122103258212,0.46378322215096546,-1.6693826163641237,-1.490946312609631,0
843,train,0.5321745887245629,-0.36190085684837464,-0.6450214084507933,0.13972394737251997,-0.02048549852678704,0.9603682256710587,-0.9701258065092673,1.3898795133854438,-0.29698279524287824,0
844,test,1.36268631809703,1.271892481463342,-1.4582559165410782,1.6966844673728099,-0.23940531784534358,-0.5749339982573682,1.5087775653270252,2.0516154999527005,-1.824576791716462,0
845,train,-0.3347159695947817,1.402405339834811,-1.4150545609083964,0.12840929738166015,-0.5769255113558226,0.15538920380307777,-0.07239386342620618,0.3049805589395871,-1.1637089973540797,0
846,train,-0.034901586202023535,-0.8550363916774032,0.8599606278883205,-1.0632520105292231,-0.02048549852678704,1.155944472030563,2.0972328547002266,-0.45886819744470253,-0.43156505942876044,0
847,train,1.2977911982395385,-0.027961427147460267,0.21782984293366625,0.2562126717833084,0.4089656821837067,1.5227358239950852,0.303008848765473,0.6204535102347931,0.6696586594581477,0
848,train,1.0056549747808847,0.2649620842737077,-0.5836407092756625,0.6618218242909504,-0.02048549852678704,-0.987896861161708,1.4162027018115155,0.12499875433629219,-1.4794822855044456,0
849,train,-0.2348301886934276,-1.2332163553092848,1.039832964468792,-0.34517590144738236,0.8062035769412937,-0.03333766968451556,-0.7986176591613104,0.2693119755899813,1.5902825569755803,0
850,train,-0.03567408905656294,0.389391444224369,-0.11226379279253404,-0.31509367342085803,-0.5478078747786642,1.7207246250892736,1.1291541146399982,-1.646274157866122,0.3419257154900949,0
851,train,-0.40267167812306737,0.5009041154550394,1.4226330260437163,1.2112667205078522,0.04035207770321061,-1.4141783747244188,-0.9571329960654942,0.298594430400378,-0.7571285210202455,0
852,train,-0.22531876427471775,-0.14522010259641283,-0.4087531321808701,-1.9789154684740824,-1.0332826338403314,-0.4714532409650863,-1.3995563374884425,1.6541869577855453,1.447104263476799,0
853,train,-1.3920673325608786,-1.6507026202678488,2.164156429408119,0.1086950291468019,-0.02048549852678704,-0.507681951609962,0.7831264423043842,-0.8758442148210064,1.2615612992683325,0
854,train,0.8253244029204895,0.045225689796250274,-0.4945605780049515,0.726374049979219,0.9822655680265944,-1.6474891683546966,1.150951373390779,-1.397756432376099,1.828548185959807,0
855,train,-1.1086949355307154,-1.3587495950770223,1.7989178943003246,-0.8183973264565262,-0.02048549852678704,-1.04241579331621,0.04213250772979376,-1.5848197135543118,0.6463909790957534,0
856,train,0.5678672039321067,0.8406821663573757,-0.20511385263365736,1.1910670730525126,-0.8631010691039023,-0.07522793341173564,2.4241474865382955,0.41892552395658417,1.0144730321500586,0
857,test,-1.4065875601664635,-0.06292606374123644,0.6262833402720662,-0.5866783745885463,-0.02048549852678704,-1.4114271929824238,-1.1797974878759148,1.2400823787794992,1.3609636663949942,0
858,train,-0.4007598646999186,1.69448994121095,1.2475365664104796,0.8612033154357125,-0.02048549852678704,-1.2072347464453987,-1.349118689142435,0.9153438780408993,-0.7421772991012778,0
859,train,-0.03567408905656294,0.19396429551025748,0.7250505755313414,-0.012745339896723178,0.2938880708551118,0.21824303478635282,1.686101706526159,-0.8141793094432246,0.6205030986735545,0
860,test,1.156760801833799,0.6531445840123821,-0.6408575859879867,0.18279659409094304,0.0063530323156361255,-0.48033780597929443,0.6395689127024051,-1.205141558683343,0.3878123093451254,0
861,train,-0.03567408905656294,-0.3668724825635536,0.7608114627822022,-0.3408510635135181,-0.08521446806702584,-0.5730233299037722,-0.9849438995603003,-0.2599983867255837,-0.7258104993400126,0
862,train,0.7322725206010057,0.5800616473832931,-0.5401656417293969,1.0420903780729749,-0.4001031226553535,0.3888284677456468,-0.021840013536119297,-0.3640007267627418,-1.2962292121867385,0
863,train,0.40938286369976984,1.0301976944021174,-1.6491158276923101,0.5571893049372715,-0.06343753784160915,0.7993708545202015,-0.009172377006190455,0.5038961462840741,0.26639517228539183,0
864,train,0.46154950438625,-0.7074883218095344,-0.7131483258443855,-1.2949824809347164,-0.09423772073358555,1.1418924027312405,-0.9533418508236076,1.3539160078545036,-0.9137463706551142,0
865,train,0.08431740290289882,0.22338911560165695,-0.3779165536626989,-0.9590323099026149,-0.6111477512703933,0.11731557349322197,-0.3883260783325303,-2.200773925651188,0.9394976486523215,0
866,test,-0.06606737178634182,-0.827308898859968,-0.26652162114472777,-1.295588728474054,0.8841762803947999,-0.028627880789717335,0.9333089984307094,-1.0922595324462494,0.6448723185425038,0
867,train,-1.6284303960508537,0.7608687885017932,0.27283995531365396,1.4119571522863978,-0.7169925914733545,-0.26427671479592607,-0.5034601662516003,-0.38748536058770894,0.04877588935123146,0
868,train,-0.03567408905656294,0.7050270365519583,-1.3627525055726624,0.8826071027153303,-0.6586431094208801,-0.3843981317806689,-0.5614299613432504,0.34906429267150163,-1.006923880637313,0
869,train,-2.05922585919252,0.11222216438366207,0.4502037381547739,0.7757365814300862,-0.02048549852678704,-0.17052941333312507,-0.9725755584960191,0.026917555800952335,0.45965854971058034,0
870,test,0.8890497035633563,0.5193018570098141,-0.47114847620086536,0.7799017436610404,-0.02048549852678704,0.534619627137592,1.5410554609889027,0.29862000416777174,-0.5129652315796006,0
871,train,2.4587259618183563,0.7272577390028964,-1.2795564585267618,-0.3586761102853439,-1.039338649367313,-0.1693183346907533,0.15628846740090457,-0.4677932762262182,0.23526806052240284,0
872,train,-0.19906074496482765,-0.6382982283808304,-0.039427085235287436,0.002575887602825246,0.4303191513653859,-0.009292425834884719,-0.5222039424941965,-0.6884613680179629,-1.4750031069348408,0
873,train,1.9538475086266844,1.1102888373938977,-2.0533144005493544,1.7961367321152224,-0.02048549852678704,-1.0859798809832946,1.248081079353345,1.0349883950961758,0.10491180769635317,0
874,train,-0.03567408905656294,0.6823690853992166,-1.3632511182109062,-0.020197832421556403,-0.14000826033761718,-0.5133245325381428,0.39282065638617975,-0.5570116440280285,-0.17084894769760514,0
875,train,-1.7662358824700297,-0.2595679169821302,-0.7862583808852898,0.8653954244524562,1.1095844245352495,1.1165577278185042,-0.929212123697434,-0.059234956215699054,-0.24889242161894978,0
876,validation,0.6377771426507626,-0.6389317046403913,-0.006260426900431831,0.2431114521998883,0.5261871434845083,0.008224427418189593,-2.8442345356730017,0.392140703628188,-0.676128897297458,0
877,train,-1.3575761120498295,-0.688192131158393,1.3975907137725403,-0.22129905486206586,1.176500537865129,1.2123962430778086,0.8699458061683425,-1.1135493059549395,1.1099557217752134,0
878,train,-0.42020431045512074,0.5398843296080282,-0.7928502638266421,-0.026263042431756218,-0.8032438362633895,-1.5164573194468944,-0.6372809503699465,0.026917555800952335,-0.7195456338992975,0
879,validation,-0.25978984221678925,0.3626344897381588,0.8243329294185318,-0.0421179974762275,-0.8534521665380039,-0.8140280524543799,-1.11643894877819,-0.7755477002509008,0.37990457438769704,0
880,train,-0.8972307887675223,-0.5255670369998178,0.6698763649763427,-0.5596041316044148,-0.02048549852678704,1.3345091162930365,-0.43925537834140965,1.513950787216909,0.6408532884479926,0
881,train,-0.34924678522283453,0.33772537891492416,0.17737933208337534,-0.5089754376746071,-0.5485688847960698,0.86163679646058,-0.42497336289735105,0.5893270064341836,0.7481802598210577,0
882,test,0.9702534021981385,0.10980923759797866,-1.277788421389937,-0.4389745418680039,-0.7256441132350305,1.9378755779729073,-0.7540951030006652,-0.14511817685461575,-1.8554313951541737,0
883,validation,-0.769389033851858,-0.3145758892916277,1.1866973723198913,0.8365168172399998,0.3814637302294488,-0.14670271593057074,0.11472078398124913,0.17683128128468822,0.12922268580967725,0
884,test,-1.1443715468388151,-0.3395095641492719,0.6482258436851835,0.7230613554757,-0.02048549852678704,1.9644494575955793,-1.2971023979420058,-0.17237317134648983,-0.12710735708035692,0
885,test,-1.0124750565686909,-1.0419168378320005,0.24082927963119488,0.22397000051779362,-0.02048549852678704,1.3230576384175183,1.5023526646529208,-0.7066872864448607,-0.5934660949276127,0
886,train,2.41609141575057,0.05077169404478732,-1.0078868002343369,0.023929966414799775,-0.3075549301160139,1.158988620906997,0.7520507885539616,0.3586033433983848,-0.31765188388727567,0
887,train,-1.4755040949697467,-1.0501269564220812,0.11549232000906264,-1.9144398238949318,0.7350996017090449,1.402342515938804,-0.8210473811898154,0.026917555800952335,-0.17155659339859228,0
888,train,0.0674092698644053,0.11176488718414797,-0.946094245164634,0.5514138521588888,0.6730740694921636,2.3362042692084373,-0.944517657924489,0.3434454487662164,-0.21012859603588643,0
889,validation,-0.7901814147948139,-0.8907038324187497,0.4708662229934721,-0.4990637501634939,0.4547549288910922,0.5406297585799879,0.4608898195198704,-0.810905383676605,0.17455077090772586,0
890,train,0.19944676560632804,-0.6654541346593361,-0.7367605659173216,-0.5933069206480854,1.021255633986654,1.8668726145512762,-0.7183782892224018,0.7643939783338903,0.7171186866267886,0
891,train,0.5102107920576782,0.7427762723138222,0.7425870221175954,1.416691559058671,-0.4819068195319685,0.42088953978457644,0.3270586858578139,-0.5756811336643565,2.0587479636499992,0
892,train,-1.5919606715998809,-0.3192939798464111,1.2905784949902737,1.0862353640601556,0.9981141672186282,-1.614963509635937,0.1591987541974551,-1.1195623771464556,-0.34745777943411027,0
893,train,1.3423903501061312,-0.007523460948053979,-0.18074473986053297,-0.7841198927977202,-0.9616908266743577,-1.0554580221657763,-0.4436871979681193,1.1509757233586433,1.9002887515851445,0
894,test,-1.0838066619723519,-0.6267423197424625,0.5244203331095996,0.6080108438707438,0.9013632695746829,0.8990618214111341,-2.03568641938975,-0.42591260905318246,-0.8653737139299122,0
895,train,-1.7677788232696339,0.07140949471701344,1.7124449359229836,1.6538987597791464,0.11607854192417165,-0.4612913346597602,-1.8785396620310306,0.6053018540961139,-1.5410750761276701,0
896,train,-0.038736658215869864,-0.349403255379951,1.044191091134857,0.9367029063435226,-0.17465482085601758,-1.25377428734905,-1.309960230205733,-0.8492605713316822,1.767465491842859,0
897,validation,2.1217991966854863,-0.44870447852071205,-1.5704138147499016,-0.9530279374841493,0.10872291547664058,-1.681073559059065,-0.24290979454252462,-0.9854640717210515,1.53943395614034,0
898,train,-0.20411073741091773,-1.727134292177547,-0.48311324219010204,-1.8767590851482254,-0.02048549852678704,-0.66324075565646,-1.1104279135998723,1.9626542577058406,0.0955027379889142,0
899,train,0.6783170011118131,-0.9142075249618341,-0.4186324723865093,-0.14301542091381023,-0.02048549852678704,2.1315605853972692,0.6252728521045859,-0.667406763026039,0.12782603988242539,0
900,validation,-0.03567408905656294,-0.1646732088510192,-0.8874014397701164,-0.37781778876181593,0.32234697682726654,-0.049489174909909214,-0.7344368529458125,-0.020645028449138177,0.2512411096982616,0
901,train,0.17761942997644292,-0.44176767795187144,-1.8351887198098211,-0.20731721389534166,1.0998590046439372,-0.8357608639607613,1.9028624429245335,0.4671599174000812,-0.7059980258241696,0
902,train,-0.7899781645229789,0.11768151260313692,1.3079008168012296,0.20744697278981009,-0.02048549852678704,-0.3456640207977092,-0.1425820398027695,-0.16819628638729298,-0.11048709216023482,0
903,train,0.8178703173222129,-0.005189068583050729,-0.30929285181259497,0.16247429698398552,0.2502977106816333,-0.48132939899564686,-0.03440486744114698,0.4480231662492064,1.876727854796678,0
904,train,-0.77242758524775,-1.111855869208645,-0.5594559079051932,-0.6549517146933819,0.9201411012669374,0.2837147420300481,0.6412303647554861,-0.23760142004459098,0.12958218759530865,0
905,train,-0.03567408905656294,-0.13850296241911877,1.405201171529199,1.1626738089229725,0.8142547275597021,0.5766713507618724,0.5021308238599986,-0.970225709141692,-1.2436205813492478,0
906,validation,-0.03567408905656294,0.5907545968215461,1.6112144753149755,1.8277001155906514,-0.08138687992990531,1.6036895879879336,0.022599094648234893,0.991943371163767,-1.3257144684829054,0
907,train,-1.2169583830028006,0.7159105986065692,2.0170793957018116,1.3306577462734173,-0.31276328482815907,-0.42651388349802066,-1.1259978032574836,-0.46363998904673726,-0.06699748462892703,0
908,train,2.1772334446212023,0.055931266036969976,-1.5599322564810754,-0.9649243854589541,-0.049558199059881895,1.7265769769342492,0.42761345445835497,-2.366801977670463,0.7698854900659473,0
909,train,-0.0457827761158716,-0.8997882375540694,-0.4324190272195063,-0.7439549306852292,0.7881828144717725,0.5360310343740746,-1.0925746080598795,-1.3381606161425446,0.16692220145556297,0
910,train,-0.14465665197591712,0.024386629538790162,-0.2568054560888959,0.7565581012044531,0.5839711640675005,-0.5975980821020708,1.2166076396819927,-0.026821175026506806,0.26793246680460103,0
911,train,-0.03567408905656294,0.5348292995718974,-1.4600481271503056,0.12516251281335392,-0.02048549852678704,0.8727491456938379,-1.4319297759894714,-1.8062079020253754,1.961459830444011,0
912,validation,0.8101592686156424,-0.028136053986715592,-0.4237456735039071,0.20250424728210698,0.8673778563158592,-0.7246633752992376,0.8359165645744637,0.026917555800952335,-1.7844204774270729,0
913,train,0.786201369193839,0.04572689723521803,-1.1794529707198314,-1.1140962338849263,-0.6726297421732484,-0.33191612715422725,-0.3122314666147782,0.9556895855649431,-1.5167908842781135,0
914,train,-0.8802443117155595,-0.19276416049974046,-0.17369428069832474,-0.49765401625162276,0.36300551758165256,1.4403677452550905,1.0532808387596422,1.1578817324813058,0.17131704764655822,0
915,train,-0.633643478793596,1.238727504409149,0.02704936635267921,0.6189520058902271,-0.7574939618021539,0.7038271662654481,0.8600641670727636,-0.5075712345801431,0.07605347719537707,0
916,train,0.14907700056617526,0.0070947077928296435,0.027160407081388616,-1.0619439515274298,-0.7854397241301312,0.29102524683300096,0.12286887297567654,0.354468923795918,0.22251201876890936,0
917,train,0.3462546779608198,-0.601935072276892,-0.785555289483474,-0.65791921195492,0.423410737831365,-0.8961546401866604,0.886589187945194,-1.5211047222287395,-0.8048921442403826,0
918,train,-0.20422185582006674,-0.21799730817364735,-1.0331400709970668,-0.723572338673084,-0.02048549852678704,0.6447907464185838,1.9403405605906896,0.665678115751307,0.1295681034269662,0
919,train,-1.00571717225409,0.45333025891084267,1.207454977694265,-0.17704061187228937,-0.02048549852678704,0.22669370282635554,2.0384031878229667,-0.8807958770704161,0.12800737450889796,0
920,test,-0.03567408905656294,0.8189563061482515,1.647602951416487,1.4224018177994773,-0.010362684506743547,-0.6664660070740713,0.6903455301728559,-0.09003881380260718,-0.1957560513415872,0
921,train,-1.4719459985976588,0.017341155720275746,1.8984443422595652,1.275944995894216,1.3570776470749475,-0.8692085622232711,-0.34814362152960776,-0.2695197853803798,-2.14723869468416,0
922,train,-0.9417691003537771,-0.3309673361362628,0.6317471623579698,0.29035343690727955,-0.02048549852678704,-0.8441163532402245,0.25254570958202543,-0.6118096309976775,0.00930750369440101,0
923,train,-0.03567408905656294,0.5779239144019462,0.40110615192295374,-0.8161473798133982,-1.8595210471697392,0.016720214255533515,-0.7371252379381957,0.31990330216584983,-1.0701391792180976,0
924,train,2.4468278962387116,-0.858917263933508,-1.6785165714213512,-1.3900483860300297,-0.02048549852678704,-1.2366476543192493,0.6218765589342585,-1.232297097241242,0.4314434068868362,0
925,train,0.3526878104970439,0.08065779390949172,-1.1914225669420702,-0.12256237684828913,-0.792444603374588,-2.6828779993719647,1.1202619751355551,-0.20728105457531076,-0.3478049476621184,0
926,test,1.1997299360835512,-0.254570476811325,-0.4642919718353348,-0.6474991474011719,-0.4578462441058975,-0.10597327121455964,0.8723576322628743,-0.371741431611447,-1.3373503943076985,0
927,train,-0.2262921699537238,0.20469732278731007,0.5134623747869869,0.7902789957915648,0.22170306012363825,-0.5737778209100699,1.610216820678797,-0.49580362084273455,-0.2747474445229386,0
928,test,-0.03567408905656294,-1.4900317230002085,-0.9351433569191683,-0.8498195161016174,1.1038554482807441,-0.8662461317750433,-0.3013506269516768,0.41687416736886707,-0.44918964805608586,0
929,train,-0.03567408905656294,0.1642245163810272,-1.0579256695865011,0.33049315879936414,-0.02048549852678704,-0.3464644736438629,-0.4637002480028204,0.026917555800952335,0.5989064945271022,0
930,train,-1.358816647435606,-1.1265672893375493,1.9702023190247517,-0.6488980070210971,1.1478186405846569,-0.3431128089870002,1.812826983591589,0.1629486401750986,-1.7522015024696622,0
931,train,-0.08794484802056826,-1.132580739652246,0.009209267237019904,-1.6219470774265807,0.09459640510987354,0.6730115847797751,-1.1014759988265683,0.8014308102053569,-1.0244687940987665,0
932,validation,1.2933622022979387,0.24294744112380648,-0.7575007590073636,0.9649928294965978,-0.02048549852678704,-0.13674196893668814,0.10855331864669408,0.17652650007824236,-1.9503380162075945,0
933,train,1.6581752601115556,0.2255527917584604,-0.5185537076719114,-0.5875575591920861,-0.6345435379778388,-0.3980435131797374,0.8558199914345339,-1.3843368530150724,0.030298025694109203,0
934,train,-1.6228503332410071,-0.04194349926079501,1.5253434443218605,0.512152537912683,0.04000743804532773,1.3739000991355237,-1.3494938801402245,-0.0884772898574412,-0.6252058692922492,0
935,train,2.248082347309204,0.12779459452666853,-0.43613029873325604,-0.7798162246236376,0.14216320286497358,-1.130391479045158,0.016972109224349188,-0.2510079564927287,1.2154250240799502,0
936,train,-0.9106257673410234,-0.40606778755409006,1.5727733095259662,-0.6421914673720727,-0.17204099198574416,-0.9098356524572108,-0.524685663955313,0.2793834890874078,-0.2077851983486911,0
937,train,-0.03567408905656294,-0.11495913380683502,-1.216541134069787,-1.3347013571987305,-0.24892537976812537,-1.1713531043256595,0.27553110084562243,0.8331798870112297,0.9312613423490528,0
938,train,-0.03567408905656294,1.6008233551166202,0.3913705373261751,1.136865136509379,-1.0161349235358528,0.6760764744741296,-0.037226178142730035,0.18926881124719286,-0.038092547474276185,0
939,train,2.537534978195666,0.379468147432568,-1.1342786775087772,1.8965807393860603,0.44215669165284316,-0.429005506746568,0.37046110505944474,-0.005522152780111712,0.5694548719512675,0
940,train,1.2818048222722522,0.979802259321251,-0.5747015914511692,0.02540955673327538,-0.36432583143187625,0.35043958637052264,-0.5090444135360724,0.7105876805153479,-0.40473471490019186,0
941,train,-0.03567408905656294,0.48204326446650503,-1.834084670470565,-0.2799101432641643,-0.021147255442403413,-1.9553784881049954,1.1682033407661763,1.501864938699481,-2.166806885755225,0
942,train,-0.16018043579825322,0.24797963871373008,-0.14326927581794294,1.668505357572486,1.4792079379769723,-0.4727379465530361,-0.6012037167147624,-1.0561462466691245,-1.0751971360337347,0
943,validation,1.2102278187511453,0.11924717481381021,-0.7474389557257414,-0.6522608205897731,-0.5683385225098386,1.1558610342393325,-0.14791832327808768,0.2378429091661972,-0.5009578450857235,0
944,train,-1.927451865098486,-1.4337773197903534,-0.1498405494616502,-2.3837992820948606,-0.8513962965232421,-0.01084520908275906,0.5577115355434732,0.13203395807084717,-0.4892020554948528,0
945,validation,-0.24118067923612635,1.001759070489952,0.14791868709156467,1.642556120620647,-0.34772591630271127,1.156617927423793,-0.3437059770340757,0.13527802411604434,0.9634870627203006,0
946,train,-0.7894331543723757,-0.309580802854875,2.5678330471048274,-0.3008820629581965,0.21462164158418026,-1.9048180855019727,-0.4606719953755046,-0.4221162740979677,0.3241376806901693,0
947,validation,-0.20437684113068635,-0.09402068345132045,-0.9261281663392841,-1.1997896089948157,-0.277198055043453,0.6145460575484766,0.24233483996752894,0.026917555800952335,-0.9217757788119058,0
948,train,0.20888296958712657,0.6930826085571191,0.4279060214097753,1.0363660711650615,-0.02048549852678704,1.5414364962833311,1.0604802206003643,-0.34976009727114016,0.45302193332420504,0
949,train,-0.4179731121119488,-0.6124920537317905,0.9992698843782644,-1.6847279655062013,-0.25164275130205466,1.1945086963888585,0.719026752893936,1.1522738971975546,-1.0811479989437474,0
950,train,-0.10463551674831907,-0.2001898052742607,0.45134782960207864,-0.5219614600447287,-0.07668195555827188,0.6624031654429429,-0.06560659411391978,0.2832105367721955,-0.34662687616072785,0
951,train,1.5102896188754578,1.221594478100245,-1.8874487878557848,0.7497377219930865,-0.02048549852678704,-0.7406956208215817,-0.4282812520580412,-3.0429596538984627,-0.37707463587705575,0
952,test,0.2300569482518755,0.7252422346953266,-0.6876272480254852,1.2838342090304744,-0.38198541663688035,0.4351188365875487,0.831428549036309,0.8968563421409438,-0.46962544384556587,0
953,test,-0.341100408256844,-1.0223964386886184,-0.43666446058892616,-0.34580009938785383,-0.02048549852678704,-0.5530207916753117,1.1718908223105657,-1.393013321113489,-0.25319807745461964,0
954,train,-0.598880835361419,0.45724888285451565,1.5507412703918155,-0.5359907259587863,-0.5407602097634737,1.5341045974277592,-1.7141341602595772,-0.6189922479758604,0.17383962526405133,0
955,validation,1.3497446882540598,0.20419689379684297,0.10198669262008987,-0.7067091206251428,-0.3360416056461683,0.8401802872087271,1.255432739907557,0.6526879100205134,0.10812937904810287,0
956,train,-1.6141876689947774,0.38679294634904093,-0.1984677513511724,-0.31525703453240067,-0.8748565529838154,-0.9098881109010173,-0.07345308706425666,1.4913912350277014,-0.060749204594368035,0
957,train,2.381013403521347,0.5226961928229228,-1.1968507017551127,0.3562714544737402,-0.9237641409041484,0.8526000745974267,1.1341854705154755,1.091790270587792,-1.283760360103787,0
958,train,0.3337201647983713,0.9581439187929853,-1.4957153727544552,0.14845828545671447,-0.02048549852678704,0.07007931464598252,-0.9254382939794611,-0.7130517418594454,-0.36329802643683834,0
959,test,-0.6435723403553145,-1.1737793726672943,-0.1917059907995628,-0.17753930778570523,0.5055041146977174,-0.6674093802770442,-0.2588519893792489,0.9261186238789393,0.9033444478382904,0
960,test,-1.2307484516739475,-0.3168589316383482,2.3046612641692508,-0.14585962490122598,-0.3840437856921663,-1.4296120970359898,1.4380097013093187,0.33470887591369625,-0.11231740745654482,0
961,validation,-0.20914892658118944,-0.2231931147982469,-0.24476429183846313,0.8033218500911886,1.1433741739058172,-0.09411862304601026,0.1736527715321541,-0.3211160018204147,-0.8296509728188292,0
962,test,0.10575271822637392,0.46435513388655175,-0.8994139060174494,0.6897174859799654,0.3081629143810842,0.8186784816768988,0.3525946048454872,-2.1148925403106404,0.7173317355676839,0
963,train,-0.3620597724991,-0.18920907813581578,-0.7343135202557616,-0.10498097390535545,0.6177690916168387,-0.9235261994893158,0.19343111055798262,0.026917555800952335,-0.674512832968396,0
964,train,0.9018630162688094,0.4313347643681777,0.6655827783722154,-0.2884023596586537,-1.1571077438177249,1.5725368129137285,-0.5871063012757403,0.05984807614610698,-2.043535864731421,0
965,test,0.614309206828082,0.16465589024693664,-0.1555690066293187,-0.877003326938609,-0.02048549852678704,0.6122554038035555,-0.6135502512323191,-1.4116943871984706,1.0791594370756015,0
966,test,0.19255609528978854,-0.35789584350957493,-0.8721063077950045,-0.9425178156246112,-0.2540806696890075,-1.1220453556722425,0.29671714301719404,-1.0216084377944117,-1.175870935025552,0
967,validation,-0.6953460361896988,0.8618037451905048,0.4584636824253649,1.4743510656059253,-0.02048549852678704,-0.5250781770646757,-0.3638046838451144,1.2189118920599475,0.5097000998230186,0
968,validation,0.5258526474446069,0.24708219485794852,-1.843231768749931,-0.7977594250354673,0.2670093796076033,0.049910105433096846,0.20918947020963208,-0.6436117996392332,0.7209835977616912,0
969,train,-1.3110349192903374,-0.22757645410880833,1.5105320981955503,-0.22490746431123926,0.1935870142728168,-1.1882333322972904,-0.4142680769487888,-0.30246871130927927,0.8631441048581266,0
970,train,-0.03567408905656294,0.026030654543702063,-0.49792441190592296,-0.5424362589247573,-0.02048549852678704,-0.27089377399137177,0.7422828506530443,0.180713770696855,-0.6554147032535743,0
971,train,-0.4663595639406549,1.0207651358363659,0.13916019084517556,2.131343101079732,-0.48744982048609875,0.3078929536512403,-0.1953045825811068,0.026917555800952335,-1.726729612677887,0
972,train,0.21116974075115696,0.34452955208649905,0.9222797420906838,0.4481088487707871,-0.02048549852678704,-0.43750718255633986,-0.33361675662327595,0.8658719548216115,0.3738175103832297,0
973,validation,-1.7975076803569825,1.3315306225535557,0.2567505083656602,1.6643946615066099,0.11616119425676372,1.306160878677955,-0.7300518770120659,0.18499179922799455,1.3647554700314126,0
974,train,0.7918312138189432,-0.6377623738540266,-1.3544235943611778,-1.3224999773298522,-0.2578471192116313,-1.5504239917241773,-0.9769572518224936,0.3371924465347156,-0.03694751763130169,0
975,test,-1.485484994564987,0.5492773650561575,0.735736356370185,1.7561346544722445,0.0910366591929869,-0.6527085355308945,0.37910915686229385,-0.2868552203342054,-0.6033330471625956,0
976,validation,-0.15042382567612828,-0.06542408046470505,0.20442532607006975,0.683078764703456,0.35550926380756404,0.13848498116521776,0.12108848530012001,1.45187198910273,0.4461749226849208,0
977,train,-0.2822320899146432,-0.1829726973329134,-0.6337344104222081,-0.4511678026227839,-0.26035753998197,-0.5515254819881988,-1.9615637971263675,1.2879476731880144,-2.565174867416325,0
978,test,0.34829554380082345,0.3185536388870235,-0.9478624222917178,-0.5635135420528075,-0.1541435695239889,0.30137620665504644,0.16724980895380684,1.388065525644581,-0.7256524584497424,0
979,validation,0.7345938784881212,-0.41556673796980087,-0.1682948746179507,-0.6657599764538394,-0.020269457846563796,0.5830155710792069,1.2188673063749496,-1.0464630096804146,-0.8741784226900421,0
980,train,1.2160669599590104,-0.10271333897536324,-0.5645409504941482,-1.1943988387333548,-0.424780172931982,-0.8938562067862414,1.4587518572719997,-0.4631501139438993,0.2709392628355124,0
981,train,1.1475755275858364,0.5714964244919083,-0.8928568726836683,0.28128351105825317,-0.3027265229342995,-0.7269024604785632,1.424172658118496,-0.7200656096167288,-0.248262213268817,0
982,train,-1.5976612065251965,0.5764236081530676,1.0095052175363328,1.0497433244282215,-0.02048549852678704,-1.4109891227012605,-0.9770252840876532,-0.2029876116925746,-0.1502208392005537,0
983,validation,0.48119379702309134,-0.0074372339850948,0.2557359716433534,-0.19402407455454942,0.4474849920715588,0.5364518383063993,0.33021312766011385,-1.3671468819340935,-1.1440328655953491,0
984,train,-0.03567408905656294,1.2776428897386987,0.5324986041679454,0.9799850655831644,-0.6115472737028671,-0.7236092073288874,-0.7660446806621296,1.5920608386322812,-0.9329713013625661,0
985,train,-0.6786200100571865,0.5465904979521111,-1.1593052471355405,0.08401181012363994,-0.02048549852678704,-1.034349695635602,-0.3156032182422008,2.064024115093599,-0.3889845367550274,0
986,train,0.38616531772426377,0.12245759144177114,-1.1512476274857306,-0.27964045359637724,0.4238180072894637,-0.08831383408216158,1.407233159467754,-0.8370762130475661,-0.9115209365093585,0
987,train,-1.5744458425592072,0.11194621664888742,2.980508080451113,1.2885843256748113,0.1781631750763536,-1.4428579379084137,1.3780203195697098,-0.1554742629968917,-0.04333703831973416,0
988,train,-0.03567408905656294,-0.18666661016405262,0.5803339904228692,-1.5252065974160174,-0.8624440823348677,1.0019287956835925,0.5919749619500909,-0.12772956704574037,-0.6624454538507869,0
989,train,-1.1519550579401299,0.039712619435893166,-0.2178342029574462,0.4648886457407225,0.41548273224063614,-0.10081657611491873,0.10786269234058599,0.915798540257494,-1.2684411812946774,0
990,train,-1.0939323666634508,-0.9588183460046432,0.8230645835278242,-0.9807478559609027,1.018030534311751,0.7491359156290661,0.9181671570902392,0.8946663362395513,3.0518372729793537,0
991,train,-0.49013688828843166,-0.09851600288530807,0.13016133929096999,-0.2632151268923758,-0.02048549852678704,0.05177413529428939,0.6142701154361211,-0.09763346793927795,1.014752372844272,0
992,train,-0.03567408905656294,0.9207839655123051,2.0632724754207596,0.9331124036811793,-0.02048549852678704,1.3635118790528047,-0.15883322802224553,0.026917555800952335,1.141304639368949,0
993,train,0.8604581105171268,1.0567812142398882,-0.9425032036588729,0.32805059643919493,-0.5533979400806005,1.224965334035592,1.3460731381774735,-0.51108165400472,0.31584999287535437,0
994,train,-0.3186901860590475,-0.053349648505346584,-0.10189909725380739,-0.5985874651037676,-0.02048549852678704,-0.5530509452354767,-1.4010147543161509,-1.5703765244125054,0.8501733351630988,0
995,train,0.8362415629718806,0.21524301980369379,-1.4894875616830499,0.22381158589131137,-0.02048549852678704,1.4223176096823187,0.3690919335433307,0.9753969567083162,-1.2567181443643975,0
996,train,-0.16874542839663617,-0.9187659998614592,0.2821205002748455,-0.1469517787710546,-0.025840750136385853,-0.45835781785828866,0.5332499438584379,1.3298606824249135,-0.38905885395237233,0
997,train,-0.4756251810725833,1.0655266939307537,0.5625272875199778,1.0450405430103635,-0.02048549852678704,-0.07303876275844955,0.7033843093555572,0.4526891442814806,0.9090055252123411,0
998,train,-0.4044349746513288,0.2703157902890517,-0.2750918065919561,0.49667671141513364,0.9539888558396515,0.6383522483115857,0.4714812451912179,-0.5789450134538552,-1.9692508701840103,0
999,train,-0.03567408905656294,1.2147349492718371,0.3481833967368848,1.441495358546287,-0.9099289335303599,0.6293528717528665,-0.22700177186165255,-1.236962141780941,1.6794745184121784,0
1000,train,-0.2963135021304655,-0.46073301573081554,1.0151153214759894,-0.7076840342630916,0.27743952343436035,-2.098849235830229,1.0690683808817176,-1.9532538299500164,1.0954612251137383,0
1001,test,-0.03567408905656294,0.4369843604978226,-0.07283608947115472,0.3251103724476609,-0.02048549852678704,1.784066893213967,0.2590950434044842,1.5295210086247448,0.3154560696585037,0
1002,train,1.5246838488775112,0.49003295954032705,-0.6900717135413766,-0.9944182403337737,-1.0153803313840566,-0.34781634654898996,-1.114088228739252,0.5346720529612609,-1.2329880828268982,0
1003,validation,-1.7034750715633808,-0.3255835311337761,1.3751707639069035,-0.4602475853043658,-0.4742617300443724,-0.26636323269771267,1.662998303542599,-0.24044882209008103,0.6769005945766587,0
1004,test,0.5451679543195501,0.9966984258173851,-0.009166748734142484,0.5021825006943111,-0.5116871302550033,-0.7299316589080396,-0.8041422504888346,-1.03382126094784,0.8449708973374438,0
1005,validation,-0.6231115676705619,1.2743160858654794,0.34293590854085465,0.3881183184596731,-1.7666945850949234,0.6739366772713495,2.394821538945878,0.8271407927337627,0.5944881947559759,0
1006,test,0.09991772249618369,-0.5867962839206268,-0.4495258721541256,-0.7968087466197633,0.2683251683827999,-0.7432539726107923,1.7281922086339467,-0.4318528532479317,2.111417328787056,0
1007,validation,-0.03567408905656294,1.1732878716592317,-2.038788107027181,-0.09866804524420866,-1.2922907897591938,1.5468148240558668,1.5767771237257175,1.1870049447389068,0.12849020164074973,0
1008,train,1.09544442948558,-0.3661948186248758,-0.9708941364180748,-0.35843163030795056,0.40457669145830805,1.6389070876227048,-0.08736869256146047,0.3559307256381468,-1.3716394709161401,0
1009,test,-0.03567408905656294,-0.058699017888290655,1.2709373472137,1.5312955225035356,-0.02048549852678704,-1.7403065544818226,-1.177224553986265,0.36678675947727724,-0.9452313231056173,0
1010,test,-1.5567654292924191,-0.19633620936328952,-0.06079031692349618,-0.566105346328404,-0.19301250341977885,-0.8696339141481159,-0.7801508456415046,-0.14286842996336727,0.08649487143026394,0
1011,train,1.5216831841111407,0.08005709830021707,-0.8558901696625956,0.4285733823569774,0.8850779204849604,-1.1037476022432966,0.29104731543837964,-0.17275542166315233,0.20251295495818203,0
1012,train,0.33877612253849854,-0.4895105375046136,-1.1182289684460984,-1.3207551030112885,-0.15503851438250243,2.34042695824417,-0.214969719074887,-1.7048461919428062,0.6220100126160901,0
1013,train,-1.18180464040583,1.1016923999435027,-1.1400043189374145,0.4481028810879666,-0.5721922132625447,-0.6912336200381122,-0.700040702742465,-0.020306825927060165,-0.8435853955315613,0
1014,train,-1.086720288047081,-0.5367739187517577,-0.18805943803450462,-1.1748816205440644,-0.7842704340536244,1.0182537014433184,-0.5125697746637168,-0.4598319667391342,0.323158122562074,0
1015,train,-0.03567408905656294,0.3020766669089839,2.1506321434800695,1.0695326983626219,-0.3672551106174689,0.4937226264890177,0.07940850795452992,0.3379707892215518,1.9376532023853867,0
1016,test,0.8386785837029416,0.7523625346167809,-0.6477184972013463,1.4820835339204586,0.3942108553589755,0.9081232306157998,2.415550304440684,0.5860483048358981,-1.5481205796802273,0
1017,train,0.9987507181361328,0.6035902778612489,0.8074957045846571,-0.09988126058195163,-1.0600007081832878,1.0217739659757428,0.5930223369973081,0.8708711973079775,0.09656746991406621,0
1018,test,-0.7290990702860554,0.6779818814289678,-0.027386022278619686,1.3699641645629568,-0.3475103452224117,0.20069041878233917,0.1469719721300922,-0.23284807775405827,-0.6588640841085728,0
1019,test,-0.912301698386826,-0.7009254615439289,0.7486210268047611,-0.04969491101645456,0.5942510359189968,-1.133077185717599,0.8049717745786265,-0.04246613351028185,-1.0219877196379572,0
1020,train,-1.2697821802784777,-0.9785891542553842,0.5910908669650485,-0.31437975774310106,-0.02048549852678704,-0.07111478567227056,-0.059060854945277276,0.494495408357251,0.5282264678009498,0
1021,train,-0.03567408905656294,1.3395567821166359,0.471783541602483,2.164831290928291,-0.02048549852678704,0.23108850811235526,-0.21123186648787382,0.8967940852206591,-0.783247067741906,0
1022,validation,0.255049664155324,0.3391213270932242,-1.2862115271527494,1.1361796131200375,-0.02048549852678704,0.17716790689577275,1.364857474352235,-1.4081203971196592,-1.320669287672889,0
1023,test,2.6849927712779786,0.9685068765560048,-0.9890669673405222,0.2614077122664696,-0.3973339028960432,-0.637973170412249,-1.9059543190345245,-1.1146405714497902,0.26602533307313236,0
1024,train,-0.24135068807373905,1.392710689304661,-0.4369081016843664,1.68946956314238,-0.3182142222278539,0.15857280103228338,-0.21191968743436537,-0.2495636197705771,0.04168136358353199,0
1025,train,-1.9974196178783523,-0.667952969673159,2.2393057771825453,-0.951552517939196,-0.02048549852678704,-0.033815765997411706,-0.5292324727335002,1.3033521397757764,-0.5990845886000132,0
1026,train,0.05127559293639721,-0.7632864285423973,0.8126754272521306,-0.7975182398071611,0.6455272254330153,1.2637346938093605,1.1787737216514804,0.8223978677894261,-0.9155044390526579,0
1027,train,-0.03567408905656294,1.185941000395801,-0.8976866902677819,0.9061539890716221,-0.02048549852678704,0.22713683136261476,-0.03945853464452347,-0.913354922505733,-0.3941297760288433,0
1028,train,-0.595294249638239,-0.8398318366817873,0.09064069154265726,-1.3842405365471235,-0.17692679196736644,1.4948357817989864,0.8416642661216944,-0.9260110418273302,-0.0985864430489199,0
1029,test,-0.03567408905656294,-0.5499299129613089,-1.2887675205179265,0.2716251640817882,0.5556960474218151,-0.7424072645854259,0.12390582199718635,-0.5523632527930715,0.19890318926152628,0
1030,train,1.718681675973546,1.0609838186487395,-1.965500608528492,-0.32352811394770775,-0.9035052157715147,-1.2212923275665521,-0.7569620336832743,0.7890470089828374,-1.1867654100763325,0
1031,train,-1.1629581238083304,-1.3181066271837154,3.9895504286516648,0.49657787704232637,-0.02048549852678704,0.8121652867984402,0.26067789032126665,-0.5326206820719035,0.260042989860209,0
1032,train,1.0981798279336503,-0.927659541070275,0.675780800142792,-1.0879687913818696,1.0556813067846949,-0.4244532065748736,-0.15763422588814618,0.5644740759234487,0.26816044388978877,0
1033,train,0.45263615073459695,0.06502534354815946,-0.32714852057657523,0.17370550782805735,-0.46691683024770547,-0.7344677773469971,-1.309341281908574,-0.05487535767111571,-1.066373439093496,0
1034,train,0.023035035181622213,0.594407849509889,-0.19880862194123097,1.5629878722278292,0.4191358543947831,-1.1834889355211986,1.0019740970407924,1.135362982092813,0.3103597068221667,0
1035,train,0.834641320764159,0.48965313183720344,2.1763117062060338,0.3777529331580277,-0.8943853106530294,-0.7710938407985374,-0.39527877514307347,0.276802840942212,1.029295459502903,0
1036,train,-1.0619249204371508,-1.2129992233036941,0.5014387491535588,-0.4688564388072258,1.2623128824841456,0.5835800730873959,0.8074193820102077,-0.951290380085576,0.07995844266158432,0
1037,train,2.122331082780719,-0.18150424617744135,-1.4676757988148563,-1.3689998740117728,-0.750458487161566,-1.1907941836336091,1.3037120703010474,0.1539973602279212,-0.008200765865833765,0
1038,train,-1.1682482033402772,-0.17724728828758554,1.2297453284477478,0.6241513803890171,0.4815620185082825,0.09456854979468055,-0.6976071343460853,2.6479621555345423,-2.51494616435837,0
1039,test,1.262038358888508,-1.4957394483925672,-1.2806160413829049,-2.1201626721268214,1.0258085398008572,0.6449341708753868,0.8311516474991156,-0.3142952510525303,-1.45730128427814,0
1040,train,0.7081316128752186,0.3306301640760144,0.5320477319638646,0.8995436376533158,-0.4328811176193862,0.04476504900374572,-1.2813289774556873,-0.13519031474614973,0.9636592657827514,0
1041,train,0.06868728543362507,0.13355716682605165,0.38924779674068927,-1.1716079708110214,-1.3752394316636924,-0.5420876875781566,-0.5618047475983163,-2.7238491241256124,-0.3905972226227889,0
1042,train,-1.0788140451431267,1.0293722662270033,-0.9004220612325826,1.571663469945218,0.5015048836695573,0.17468885779890364,0.14588278896453422,0.026917555800952335,2.3988920036135375,0
1043,train,-0.03567408905656294,1.8373863154387517,-1.4692797436949574,1.6288635371904356,-1.1180164584778383,-1.2694427477005803,0.7906739365392179,0.41637900881212775,-0.7662056089517585,0
1044,train,-1.2011701185217538,0.2292650379712384,0.06560484044790726,0.5959391791706248,-0.5161491341566855,-0.35588538255322083,-0.08867292474433666,1.0799199352767348,-1.3364623244512628,0
1045,test,-0.4867628023788333,1.1835960315513532,1.4388757702922648,1.2921362838850445,-1.0565180453086802,-0.869866966103043,-1.5451401318403506,-0.4332967425527323,-2.167431554554127,0
1046,test,-0.23868621821085076,0.02578327648188722,0.6391831911137548,-0.6616929669664375,-0.8206979866063083,-0.3735601842587232,1.5694389882476931,-0.7355597434580096,-1.0138696978427395,0
1047,train,-0.13688981667282915,0.4223492344515877,-0.8554155560210905,0.09133671025016356,-0.46873919376055834,1.7554829623572457,0.5183643049677406,0.2850782614916067,0.1680651213586639,0
1048,train,0.6327713377696315,0.8714660502659871,-0.1637432836901815,0.46125744345662173,-0.6928036752122733,-0.566704882776571,-0.48884765374677014,0.8016501156857045,0.6061766440173493,0
1049,validation,0.8087881305990733,0.22997781177619256,0.27112045496208326,0.8419527251901144,-0.025599068201905415,0.8959322762718942,0.27333863123442836,0.31086569665310293,1.4953016660386182,0
1050,train,1.132127822027305,-1.4811257143563359,0.0410195428802259,-1.0205234451496779,0.9762003362578546,-0.2540571919577154,0.4980950524832667,0.38319239780229636,1.0138808960665007,0
1051,train,0.7289870140655882,0.1715024061133852,0.4332187826248718,0.34553672642871974,0.9172783404984644,2.093757649383686,-0.7529153865666989,0.3971816180342817,-0.3510621756534755,0
1052,train,1.3355105592005383,0.7803727758667266,0.11549091213954706,0.31947072401784543,-1.119352849233268,1.6115692487881683,0.334577841983457,-1.3664727640418066,0.3105291247639836,0
1053,train,1.251558688681629,0.3309737602114779,-0.9699671778294388,0.9118177823797693,0.6624319438663859,0.4997201973374375,0.4371113038382893,2.608764764287478,0.1417691926312269,0
1054,train,-0.7644056822231062,-0.4478342803624854,0.24034036877315423,-0.5659262809523502,0.8555218807986893,1.7197633569531303,-1.9800564490178034,-0.5033526637590345,1.2131800761872453,0
1055,train,-0.03567408905656294,0.267173175299675,-0.19353624962306018,0.09425965363165147,-0.45428536400908004,1.6141083560366705,2.963988384011708,0.1346531043877633,-0.4079191422934105,0
1056,train,0.7491181120044703,-0.922027141297095,-0.44040226424022333,-1.9054058175400161,-0.05130851331208018,-0.7981532488194436,-0.5286727468933352,-0.6214957527509505,0.8033365995780606,0
1057,train,0.3760619430581725,1.2937781105655182,-0.4186173670961214,2.48566430578619,0.48707300428171624,1.0719258676440935,-1.7212953757486844,-0.6663059388967634,-0.8157874018870434,0
1058,train,0.47064848271086507,-0.11168632483794873,-0.6953860180637194,0.4885472819111647,-0.2605138069082899,-1.5559335888580594,-0.27098150470326837,1.453441181882689,-0.8457546617991368,0
1059,train,0.36291867511139736,-0.003507307214360043,0.5993288737377319,0.17798704984299155,0.3118951133175347,-1.2199100311797533,-1.7488833718540382,-0.37851453243145655,-2.019561156304983,0
1060,test,-0.2853623347288752,0.6757370167711607,-0.6074233413946047,0.1420027112319899,-0.9330489881896299,-0.19332161129233097,0.8959870478227244,-1.5895144448056073,0.6793693380373484,0
1061,train,-0.03567408905656294,-0.4462134739632734,1.005249017436422,-0.4809585481602636,-1.0670754205063047,-0.29424557716356836,0.13716308270919056,2.551056240628214,-0.1471711551251503,0
1062,test,1.178676434980784,0.3558092586151885,0.5652330590809868,0.07904923886179235,-0.1291498990515312,0.029743326746295182,-2.175815848794797,1.4129669432679512,-1.400210462132656,0
1063,train,0.46401052313711405,-0.7213156849450776,-0.9193863720406339,-0.07039829121418491,0.7137686376230752,-0.8873595917439299,-0.8409381242756533,-1.6836440247793831,-0.9672642781628943,0
1064,train,-0.5847725548131192,-0.8268781256866022,0.8785514082650705,-0.9484070138830532,-0.02048549852678704,-0.590116540734882,1.0192223688061386,0.5958132170381647,-1.5345529258975508,0
1065,train,-0.03567408905656294,0.8274554681835284,-0.6738534311679272,0.7427529635877252,-0.8230873796679157,-0.8322603751844315,0.29685520525725057,-1.1357735086998513,0.2392091340929753,0
1066,train,1.0096206467022668,-1.1187443508047459,0.2126873269455232,-1.7509019199044824,0.726746676843241,0.7705563946735084,-1.602073442003243,0.08611043341837996,-1.4909421681762192,0
1067,test,-0.06119738865767637,0.6112333702721269,0.1380571620690513,1.681792660073368,1.327249514053354,-0.7213388075571604,1.4388787019859812,-0.4097690558981112,0.5473542300228537,0
1068,test,-2.5459010814673393,-1.2333031676409991,3.815056959418119,0.8928545773709483,1.025024697890135,0.7103923561608332,0.8311072818228249,0.22212663514511982,-1.7847810814964444,0
1069,test,-0.03567408905656294,0.059259970060073754,-0.19927325985411534,1.5220733640439954,0.2964792600659545,-0.18505617842736036,-1.3757131911549598,-1.4560363719998057,0.7602952097709265,0
1070,validation,-0.03567408905656294,-0.13690947833640846,-0.005890508900692314,0.10127781124745164,-0.05967180782295988,-0.3787633835062722,1.222879570245364,-1.2760792558352363,0.47817919271832193,1
1071,train,0.4700240916667632,0.6139166761275162,0.05713744540916369,0.5298792419072066,1.4066272851913348,-1.7246024706539205,-0.03892466583759622,0.17392285176602504,-0.10200006617744678,1
1072,train,-0.03567408905656294,-0.7352338568566106,0.8058097540936999,-1.7733406147885447,-2.4588746607748955,1.6224336165723536,2.165026499091213,-0.9406374325309543,-1.292962302768241,1
1073,test,0.08125901666604858,-0.8665916751051631,0.11519202269334479,-0.5070722627498114,-1.7007344316591273,0.11557551771756876,0.6567418221680865,-0.10212847423981672,3.0924024514174002,1
1074,train,-0.6356051468791212,1.3536128528089881,-1.7609030097292913,1.5656327657026394,2.4034904008122884,-0.9071476730210275,-0.5884676257390553,1.0850319186969728,-0.5360614019628243,1
1075,train,-0.03567408905656294,0.8960650321098099,-1.3832530567361436,1.0782483639174314,1.7603596800515318,-1.3834126720217548,0.7503260797715562,-3.1127047461592543,-0.014793973755881167,1
1076,train,-0.2155182361900571,0.21544248037605176,-0.07416562703890543,-1.1615983361666435,-2.272758236009171,-1.1473303637951167,-0.32110494145289503,0.8711048271146474,-0.8575424713260249,1
1077,validation,0.649052259150784,-1.4804641802383813,3.026987852253613,-1.4587176829492017,-1.801798621070174,-0.4325211481028556,-0.5498517221284684,0.026917555800952335,-1.8728907690956587,1
1078,train,0.7441923994676797,0.4207112071778475,-0.3628616677347128,0.10877581218251618,-0.02048549852678704,0.34428946056974685,-0.004890731308437229,1.2556187827869378,-0.8250807420318053,1
1079,train,-0.23098945502867846,0.2256561691065172,-0.1819500696483006,-0.6055147784871334,-0.8044880755860379,1.4339812853031593,-0.6882433548460118,0.41133385661591276,1.1479095120296183,1
1080,train,0.35381385744337257,0.5504733010056808,-1.1785071578333826,2.4317501171016116,1.7877290702638704,-1.3178653140374357,-0.6893346122033036,-0.5080498247527148,-0.49344162289868376,1
1081,train,0.9953928110952283,-0.5784772652887895,0.1747164180280067,0.3457889460757723,0.5216268256808813,-0.18083605795976038,-0.583266534899301,2.708086308285989,-0.5953387471265446,1
1082,train,-1.1244130747873387,1.0613315951139515,-0.7789061243491414,1.298219377628799,2.091667107777792,0.2572396660042309,-1.048012883939398,-0.03607463596286218,-0.12331943445455414,1
1083,test,0.4289171367615843,-0.06077720568878462,0.6285440327218268,0.3328814930039397,-0.32266705108075483,-0.9880418250338654,-1.10811538255122,-0.1517493189935185,-1.0080139727609914,1
1084,train,0.7287764082771163,-0.8772086859726613,-0.05157708109985419,-0.559662225233407,-0.02048549852678704,-0.10871263064103837,-0.6000059015812421,-0.39482279094040706,-1.9314233911604357,1
1085,validation,-0.03567408905656294,-0.19927712650705617,0.14573808955634387,-0.3832475209265769,-0.9739774060972467,-0.16151595402033123,-0.2453968636248076,-0.9646863508933806,-1.2708427340397872,1
1086,train,0.5186420278130707,-0.08999300316323879,-0.9155715578130239,1.1900920485096211,0.2690801202865835,1.0145095314742576,-0.1517806579619323,2.0950121552650707,-0.38836766450364507,1
1087,train,0.049250976769764226,0.03898848763823601,0.5930621176038928,-0.22589859437023252,0.7109350359889831,0.25221616299448163,-0.5359736876470227,-1.0657915007131766,-1.29466931062085,1
1088,train,-0.945915741540608,1.3482115143266697,-1.5724087814458227,0.6399937047312397,-0.02048549852678704,0.6046011077416215,0.36569811838967675,0.1760611961730396,-0.12819725099756218,1
1089,train,-0.256256865846309,0.07858015776541741,-0.4983914842835563,-0.17890868475963098,-0.02048549852678704,0.32955975887268185,0.09892377644733727,0.9671437638022172,-0.18950326115070493,1
1090,test,-1.571905529378248,1.0811606644119949,-0.8918628507940352,1.4486247874650242,1.521312593842994,1.2087796572403815,0.9005175720543045,0.4958040908002882,-0.9562270867790811,1
1091,validation,-0.03567408905656294,0.1101429161769418,-0.21248195083171895,0.17517143378529537,0.09361576513096433,-1.6298406032662076,-0.07034469354216093,-2.309922729396445,0.5324026960885347,1
1092,test,-0.03567408905656294,0.2576517908562812,-0.48670862453202496,0.5786474960758189,1.710040458286402,-1.3490781152177977,-0.12343592543083644,1.7489469697200644,-1.2418727212244365,1
1093,train,0.9651414338736211,-0.08619557506993855,-0.05977362002629802,0.006916431670384659,-0.02048549852678704,-0.4291258609258658,-0.18988874253345883,-0.31638452974628517,2.0989847715061805,1
1094,test,0.44740512230326546,0.6594073156035383,0.11498883992089397,0.9965178342542688,0.8285335805353076,1.146520346248448,0.32021410399693956,0.48199500104728477,-0.2937539184496616,1
1095,train,-1.9720412370690688,0.3571302949166228,-0.0005303979722128233,-0.7794359072754194,-0.17433809905084893,-2.0149898851330654,-0.9265914711607853,-1.2316560926690743,0.7955069886610086,1
1096,train,-0.03567408905656294,-1.6726166320927538,2.654956913523202,-0.6644636702606738,-2.5711019104206954,-0.7236515430999106,1.9400785118571358,0.25672220902201065,0.810552077329312,1
1097,validation,0.49286114828599725,-0.5186019425862276,-0.5436453090337177,-0.44780990874752485,0.3913048254888532,1.9975037964107103,-0.6643025504872933,0.9807000538796439,0.2489565550372549,1
1098,train,-0.808898652945143,-0.2932288423507689,1.741784451782378,-1.555385499038149,-2.2151955947160493,1.271655960729788,-0.8730420448113909,0.7078254582414188,-0.39795988210709576,1
1099,validation,0.12633804246529276,-1.2738317250578808,1.0638119630865155,-2.439850349210332,-2.444867599052791,0.9615671048473151,0.9549790553848785,0.4434627768105454,-0.23225442553138273,1
1100,train,-0.03567408905656294,0.5001626493868114,-1.1128345860811986,1.6807959741751899,0.4215098248062988,-1.7745266460789104,-0.564139843895094,0.5422831005710677,-0.09200211480886111,1
1101,train,1.6377106537620316,-0.8836847247122785,2.07345421734853,0.7801460043207942,-0.02048549852678704,-0.9022395965824204,-0.02925268224897022,2.309991219466054,0.4217734092271457,1
1102,validation,0.2545541294535868,-0.4063891151587967,-0.8059013087006038,0.23563175120344534,0.05068107355129758,0.6734911527195194,-1.621626305680119,1.0433750159681392,0.673733345930264,1
1103,validation,0.6183407556932681,1.0254125592039474,-0.5392136021217521,1.5586834295883312,-0.02048549852678704,1.169590542407361,0.05667231033058412,0.15991142290281338,0.4756112603448119,1
1104,train,0.45087595123013974,0.4766698489932329,-0.016363657055535115,0.8479948582493539,0.7568187354433918,0.3576822632264904,2.1923899339604316,-1.4530703099297095,-0.3736213254188879,1
1105,train,0.8113347426730279,-1.022569373781524,0.02271653012194531,-0.843787632403664,-0.7182798142930206,-0.9411801026145551,1.7724505868022675,0.7848206470159602,0.9596733617442508,1
1106,train,-0.1389703508331211,-1.0152942974968995,2.591804987026726,-2.7136679076909753,-3.1491648631472815,1.5536068909895056,0.6907879020382237,0.08972469232624751,2.196056438947429,1
1107,train,-0.19383303754517392,1.297505015515238,-1.5737951712202138,2.0365326898195284,2.36334066745484,-0.6749460152121622,1.3964573326445606,-1.4371102207030042,-0.19293458347788986,1
1108,train,0.7377877685372033,-1.5881100341925856,1.6356448730919826,-1.5897846197185914,-0.9848503524429196,2.187291246963804,1.822762105017392,0.026917555800952335,-0.7163273387742339,1
1109,train,-0.03567408905656294,0.5496934212621826,-0.24150091631312465,-0.7163337518759386,-0.20999732845984534,-0.5197018065311977,0.39756134396516796,0.7425215654028469,-0.9069049609471297,1
1110,test,-1.5983329318574995,0.20089603922859636,0.7835311568313138,-1.1375372664578187,-0.27843330331261074,0.9962034043159937,-0.06142843467543289,-0.06098260261017618,1.310386564950147,1
1111,train,-0.7694285129057971,0.9259761312045431,-1.1249008643564733,1.6076103220624964,-0.02048549852678704,-0.9493475515073393,-0.20016599546127925,0.2822633510715877,-0.002833110796835816,1
1112,train,-0.34386907128681926,0.051728980362937736,0.06544378563836493,0.13737609160287723,0.9687095886115162,-0.24402215615592907,-2.5099327703190792,2.489504072381891,-0.3579650779606296,1
1113,test,1.1515308620243763,-1.2065060770855889,0.03403258466526907,0.519890685432573,-0.7968012466292881,0.6498024961338411,0.43714196700016034,1.065429467556129,0.541016427157595,1
1114,train,-0.15916154356078993,-0.8806993134136077,2.1367366238714727,-2.3207297408483587,-1.8781642245169095,-1.5724706874330348,0.5327041408008407,0.39581625110830504,-1.1388125303645626,1
1115,train,1.1390207499237386,-0.3463793966936728,1.0500993026239032,0.9019899533358174,-0.02048549852678704,-0.2452450275333782,1.2149276606301802,0.3917885753994965,-0.20724683887812323,1
1116,train,-0.03567408905656294,0.4989068954929826,-0.014442513824362829,-0.12215045844505268,-0.02048549852678704,-0.5453375203407067,-0.7558524175876417,-0.5559007726541612,-0.9313367232701789,1
1117,train,-0.03567408905656294,-0.5690190822824013,1.4305442454740256,-0.4182733411393177,-0.6122829472940337,1.7549222491103051,1.0181872614710936,0.18221716650933006,0.044795046610923726,1
1118,train,0.6734585121693195,-0.15035268326594348,-0.5358248294682951,0.49947226489329194,-0.009473130435645802,0.06045589065505237,-0.2840702572222134,-0.7542195172934774,1.1297130785465601,1
1119,train,-1.365583274766188,-0.35652319362068013,-0.4198264254049344,-1.8637782802949068,-1.6138557794027912,1.2345220368809695,-0.8989654368876415,0.9012276343752716,-0.43454579706286045,1
1120,train,0.24565873908465088,0.19453132781897647,0.4182299982761849,0.6720681456597754,2.189759042744824,-0.27821717340075885,-0.30006445981627666,0.5257098968432955,-1.7895757919834718,1
1121,train,1.5998607262533917,-1.1748302474968324,-0.15245841283065387,-0.772444480243077,-1.3299134082063628,0.6020646343847228,0.038062288862024854,0.4466140119939869,0.29435793177399516,1
1122,validation,-0.8021191248662497,0.8097243421152743,-0.9503270509574373,1.2636149943294692,1.21617480816635,-1.1109354813357275,-0.22402289295173042,-1.4748893033837527,-1.3472651961427544,1
1123,train,-0.8718412923047645,-0.10789144662320499,-0.26889539271794527,-1.8383356926362275,-2.1378001174458783,-0.7705218845196808,0.20089734420161343,-3.6465427228180642,-2.2878762497375202,1
1124,test,0.3629207522755269,-0.430033247166983,1.3577685645646556,-0.5427840655482022,0.9812279801319147,-1.2419524044469394,-0.060676656424533494,1.056086951554869,-0.7011640436017179,1
1125,train,1.31014600164281,-1.4743747239282552,1.5031771624962338,-0.9365131285601,-0.02048549852678704,-0.5003273325120813,-0.7369287495716885,-1.0543467822475703,-0.07653069680475606,1
1126,train,-1.1312663663617508,0.2618743192561115,-0.3723300010923911,-1.0000927359688994,-0.7447777753435578,-0.5658929009542555,-1.150261851124465,0.08720178129886197,-1.3543401007483833,1
1127,validation,1.8341805927955355,-1.2499290316863734,0.17314451976352624,0.3545339160809989,-0.02048549852678704,-0.8806422326744167,-1.0521883267373842,0.583761671362622,0.22058798250092768,1
1128,train,-1.2793482243781629,1.1082576231374337,-0.4547948437333209,0.12659079900374498,-0.02048549852678704,-0.29567855716782404,-0.427538575164676,-0.6729716373718017,-0.6794027784687974,1
1129,train,-1.505635808883156,0.8576333605812482,-0.5524420169301592,-0.011884700718026543,-0.29619656025259544,-0.9071713570926452,0.43693915510221615,0.8774290815098882,-0.06759082785384288,1
1130,validation,0.4832634327096391,-0.9734417125748923,0.42026010855922136,0.4803470034636597,0.6710789838323078,-0.3640041506707827,0.31619553189148814,0.026917555800952335,0.3186200753912516,1
1131,train,-0.03567408905656294,1.9131305376378607,-2.1631732234832843,1.8629368838582523,1.6205485263994681,-0.9069904948925354,-0.11165861275807855,-0.1432103119544815,0.14125867797323108,1
1132,train,-0.017633495121145506,-0.26890770532684827,0.545684200167207,0.9092376548993002,1.9657528823080699,0.4230112312935565,1.2740227751008995,-1.5733832507626861,-0.45654996742525994,1
1133,validation,0.5489207935092053,-0.5076245499043561,1.1775302080871861,0.42143536391272807,0.7266835554735158,-1.028450972754695,-0.9231295442006958,-0.3691678882763384,-0.9734810331382431,1
1134,train,0.3074672570415093,0.7683684808914559,-0.7949425514091958,-0.2466888717059451,0.8949765403617947,1.9158610645493337,1.060942526733193,-0.4075793339102782,0.30369280448672414,1
1135,train,0.08064326583498253,0.3403945194593908,-1.1296097906777975,0.57237766831536,-0.02048549852678704,-0.7265615582424724,-1.1906994029178573,-0.2585466156508204,2.2143394886591676,1
1136,train,-0.03567408905656294,-0.24857835108195833,0.6717220477672406,-0.928728693803133,-1.6103791526722198,1.1412387009087754,-0.4433906283208117,0.026917555800952335,0.5462780507148253,1
1137,train,1.1152149001417158,-1.3822134641562127,0.7383230656468295,-2.1465266835957055,-2.3542551083795735,0.4976141390905516,0.27143118860769266,0.8505311178254971,-0.890310292794549,1
1138,train,0.8636481968572627,-1.8992571139134382,1.3484611744795647,-1.6556602155213735,-0.02048549852678704,-0.3805857111108464,0.048014845123655926,-0.6673640948739089,-0.040729945462173935,1
1139,train,-0.5444453575186149,0.7958383348376937,-0.37423019927692286,1.1733375659044067,1.687239314152407,1.0988747286338008,0.49103783537687096,-0.680196111320515,1.3552840432888325,1
1140,train,-0.03567408905656294,-0.03576429764566322,0.7512599183040554,0.24466988471757986,-0.4203681608255781,0.8185256580355537,0.23251380826492865,-1.202406255597538,0.10422392765634858,1
1141,train,1.5124813585891164,-1.005098240318519,2.0127058757979155,-0.11364907370093909,-0.2183066382030045,-1.0148154280841644,-0.47472276903403315,-0.2310814959728554,0.6575435228105694,1
1142,train,-1.4711743705893692,0.35812587844924476,-0.6628733213785555,-0.9027810973721603,0.4347953915594621,-0.2907253779546136,-0.8751258212690257,1.1666008909125993,-0.8200145884194479,1
1143,train,-0.6406902305316194,-1.5093751507645568,1.4853711447489193,-2.126276360058249,-1.3282659775302081,0.5848495200988144,2.0421994940699495,-0.7553452846231999,1.7896647063259012,1
1144,train,-0.9120044412899935,0.34780925369585725,-0.2682270951552233,-0.25118112376625507,-0.02048549852678704,-0.8126139644905986,0.40988093846442314,1.0266770715224434,-0.5592779795814864,1
1145,train,-0.31823572692055374,0.15506036011614874,-0.5407491336484557,0.7827422005567373,0.7357000497458658,0.785488674310579,-1.196159813613545,-0.3871028288924293,-0.11393101658284516,1
1146,validation,0.3672425594675508,-0.8058416030789218,1.6449306796382754,-0.6581737369294343,-0.895355556271078,-0.2895470189755032,-0.5409651229798229,0.8763713761187711,1.0154980665155573,1
1147,train,0.5283276262906811,-0.44988793784090536,1.4542265580694616,-0.5665076583697987,-1.279694603931134,-1.7596049636341675,0.03111015801825281,0.5558474802837415,-0.602404467739343,1
1148,test,0.21038993412185994,0.28409614923298704,-0.9786415922842363,0.40080768755355717,-0.02048549852678704,1.3451997593905758,0.547387185002463,0.8390727075017224,0.589346301974674,1
1149,validation,-0.03567408905656294,-0.6111567142053291,0.3390593210506534,-0.4378546698622773,-0.5894275108181009,-0.6276894346032219,-1.2829829832216295,-1.0135543950408579,0.8569919050916419,1
1150,train,-1.0243299775907333,0.8242669707039267,-0.9702768590450396,0.374834099490038,0.963215011373392,-0.6497554093632995,1.823481323352917,2.4375644377755887,0.09341535145468964,1
1151,train,-1.8930097428652355,0.9281834954849282,-1.6492750664981346,0.24512412083322838,-0.19573111074297836,-0.1860766752303233,-0.41520659975989477,0.16676523502449553,-2.5067690974942365,1
1152,train,0.15429461763854285,-0.3341886020071192,0.01996253817643026,0.8351674268321122,-0.02048549852678704,-0.030330025535037188,0.20921717810717436,1.4992097321917917,-0.50131704892227,1
1153,train,-0.4536814650205839,-0.34966431758570116,1.3140647335869,-0.9490726734494671,1.1229564525981566,1.008520105106752,1.0967703893104954,2.3577736624476926,0.09647281929009914,1
1154,test,-0.03567408905656294,-0.4725705878774032,0.20490167991568892,-1.0231267829162634,-1.414591655281089,1.0223856044137267,-0.08728907786281372,-0.8755630643485294,-0.09821006941681025,1
1155,validation,2.512364317203452,-1.030563947949891,1.8463899113681135,0.3147129742473605,0.4442714429070344,0.6129276057256755,-0.2255948916621875,0.026917555800952335,-0.9475913023627136,1
1156,test,-1.3940550601716104,-0.20095193700487435,0.8472674903051273,-1.3121851958351922,-0.9157643798959934,-1.178706103894496,-0.9814575381321007,3.1714771937830393,-0.557787882499117,1
1157,train,-0.03567408905656294,0.24944440296547254,0.3159177077421707,0.4219816405388454,-0.02048549852678704,0.15952663585057147,-0.5191207482601715,3.3106235526463474,0.44424986213703743,1
1158,train,2.2677654211654286,-0.8979373076799081,1.4478388708382062,-0.4624826962306812,0.28798675692137393,0.7829330057137043,1.5577569537863811,-1.3316963156803117,0.3046929812030121,1
1159,train,0.9085625132766412,-0.14877230715268727,0.8535323628301966,-0.9291254213445153,-0.755127189176589,1.4641986566377065,-0.34569079190733315,1.9016976729320019,-0.6751997769623476,1
1160,train,0.493289328677112,0.12239073987813003,-0.6965212935391023,0.07630539387861703,-0.02048549852678704,1.1323060935638234,-0.306488332572354,0.8382713228213126,-1.9157517066148138,1
1161,train,0.3226245224958104,-1.2338565158057828,1.2541148099757016,-2.3585882004044527,-2.102104797497794,-1.8581387190949492,1.0992849154293733,-0.22588351019221575,-0.8677511852279346,1
1162,train,2.832475700020625,-0.8372221984115641,2.471942049431159,-0.7530505272901423,0.19791997980509993,-1.1283338180942863,0.5585561782340217,-0.4197501936255911,-1.3310650995340039,1
1163,train,-0.9226798653235304,0.014418381943160192,-1.0108639343764694,-0.8801349871918094,-1.4524775792287703,0.21046430490955456,-0.026748074315344886,0.1272132782015279,0.564326894543119,1
1164,train,2.3166236506842957,-0.356537619436022,0.5279377829881379,1.5275470126969155,1.6071770448300395,0.3420258753916903,0.5237743782728835,-1.186185863899196,-0.21292561800833562,1
1165,train,-2.2412114005102555,0.6671816869182137,-0.5559866647535746,-0.6148334796993706,-0.02048549852678704,-0.21321944709136229,-0.052991366106989415,-0.367400857176577,0.8309619604996442,1
1166,train,-0.9312393508158345,-0.38285221902883754,-0.27553044615128897,-1.1202183879756942,-1.1958620651241967,0.9243888238974634,1.645880965895275,0.13428328606284784,-0.6876195671888622,1
1167,train,-0.03567408905656294,-0.44145158188886663,0.9805966725015941,-0.5893365604568935,0.456583976650796,0.6404583866721608,0.7074985818530726,-0.47165060189794045,0.7228270253752507,1
1168,validation,-1.0964375253222813,0.6678647846726128,-0.820138842722107,-0.9194691934001318,-0.02048549852678704,0.552207099991596,-1.1259228325456387,0.442889504000723,1.262075943014724,1
1169,train,-0.03567408905656294,-0.5666039304824975,1.8263686797951053,-1.9840616895983265,-0.02048549852678704,1.319937324840332,1.0039044536735564,-0.12967279439372553,1.4616218633405116,1
1170,train,-0.21320127159698704,-0.45675056513953,0.5765606895667862,-1.1721207254835888,-1.3477527650496077,0.5861275479026246,0.1228324400120204,-0.3549985381991082,1.2016058066418058,1
1171,train,-0.7085390818668464,-0.24699046324713775,0.3462467885655534,-1.6985059071125483,-1.0415599888191611,-0.8995684829266292,-2.032622625272925,0.8762955109934206,0.9902457089344704,1
1172,train,-0.03567408905656294,0.48296459810996334,0.20005947831524692,-1.321078059450811,-0.9088694968813807,0.2706290262373671,-2.1945886322110857,-0.005745338623689403,-1.121526700895787,1
1173,train,-0.5199074302677339,0.41645955438388177,-1.153171552311968,-0.08016741042134373,-0.6053918650179789,-0.6412684325667505,-0.7007316410951169,-0.20006978007218568,0.7448957957028143,1
1174,validation,1.430618231488145,-0.9525230574905258,-0.4257071327915453,0.6300574642365295,-0.02048549852678704,1.3151556222003908,-1.8582896573116199,-0.409006650394761,0.27596981089281886,1
1175,train,1.0897762060022869,-1.0909672916581146,2.1607428477492463,-1.0686102551124352,-0.7768655298223932,0.8785602710342572,0.5206031104314445,0.6208672616481454,-0.11958053148639013,1
1176,validation,0.5975085893299811,0.8457315357857017,-1.168082636376237,1.4922225584955047,0.9239162479998249,0.2935213675408179,0.1980139637712862,0.859952967387181,-2.153314095196758,1
1177,validation,-1.0892563951579006,0.002141323516553305,-0.27725025379855034,-1.304291312230107,-1.0499135892497664,-0.9810185660154115,1.3613617209349165,0.6525384948060472,0.5984502615889128,1
1178,validation,0.07002032168338462,-0.589501539571954,1.4450162062727814,-1.3163156522957908,-1.0432366994624243,0.61627533618413,0.7689825778194979,-0.21297086229462683,0.3897412598548848,1
1179,train,-1.0983444273517777,0.5038185071193529,-0.4005086209827369,-0.6565162164529146,-0.02048549852678704,-1.356327471090423,-0.14521376693245167,-1.0440796066784763,-1.288994573623935,1
1180,train,-0.03567408905656294,-0.05215644325509446,-0.5044136649154292,-0.03754646769672902,-0.12892873945753186,-0.5447579976320175,-0.9535311498824828,1.5697285801609693,-0.16298645624481792,1
1181,train,1.844083686220527,-1.0929999432860236,0.9599918249531185,-1.1730842159124306,-2.081170584930133,-0.1828836837466484,-0.5416593898289443,0.6405879501119334,-0.3091283009583673,1
1182,train,-2.3467070380125605,1.2940131774949284,-1.3329668009231377,0.2710955393966873,0.10193556535192864,1.0002704977767298,-0.13628586750591898,-1.0434216021481797,1.8870573480506954,1
1183,train,-0.01313571447828658,-0.25528381146697104,-0.14195059489312595,0.2156749893111803,0.7277543751147724,2.8216096781391875,0.6151896401193981,1.1857021668106826,0.550841546318023,1
1184,train,-0.3077631746261555,0.15166111149615796,0.2671065245083277,0.5404656757133045,0.9831126301701855,-0.9999824475163037,0.8473189288503242,-0.31128991892072316,-0.747517684795852,1
1185,train,-0.7966387516375443,0.5754542681421739,-0.993330605134276,0.4284546654693988,0.023717024965794947,-1.7821262133983324,0.1283814872226132,-0.6838694983958885,2.1454166032357667,1
1186,train,1.6343762218756228,-2.262232369311809,3.9307701191020685,-1.7927840325920856,-3.1380564330368688,0.6514399669465017,-0.2234806355994722,-1.5454425593949292,0.20640524671888305,1
1187,train,0.9281684903710147,-1.0043664374318875,-0.2539528836858565,-0.41365405618990425,0.022885157537832053,1.4670684017099116,1.2159956674606613,-1.2959345852348738,1.595171343927178,1
1188,train,0.437993602602985,0.9537936482199513,-0.3467238274061203,1.6323080172959994,-0.02048549852678704,-1.221912594865142,-1.8449076397794544,0.03553735335861396,0.8068146628278217,1
1189,train,-0.15301944616040705,-0.5410087276364139,0.6547680835767957,-0.7548589744403214,-2.9239896240912957,-0.44856234540559925,0.12439679052286905,1.099688507536842,0.6791670408385462,1
1190,validation,-0.84236903545174,0.4732188917782878,-0.27276508654148823,0.8379828136031855,-0.02048549852678704,-0.4195598032666062,1.0089503717210893,-1.0601821596735816,-0.7669334908942583,1
1191,validation,-0.5338137792813082,-0.746915233617835,2.1474020799457176,-1.7783798631109775,-0.8571074032649015,0.7109014934470688,1.368720928732503,-0.08295015890427021,-0.3342982481242556,1
1192,train,-0.29793333885173134,1.689137206723853,-1.854870377352959,2.520919205142752,-0.02048549852678704,-1.0942910649274933,-0.7138830874358941,0.6595170184938138,0.5329056597192878,1
1193,train,0.15615396207278007,-1.1650343067187425,0.1524746860052952,-1.8403741840524546,-1.5728133091303236,0.10505487710141402,-1.0321548040019708,1.3812316324673146,-2.238099883262121,1
1194,validation,-0.3481866404104364,-0.12485971767798594,-0.821209966238628,-0.5809850656121426,-0.5405202249795903,-1.0365286203642752,0.9422189827144788,-0.8258825787352009,-1.4704816016926257,1
1195,test,-0.7364153407078844,-0.022018573530532323,-0.6462242639391864,-0.8781021226437755,-0.8744337345504992,-1.1225717667024266,-0.6961727298058685,-1.4071985462681138,0.4404599523314991,1
1196,train,-0.03567408905656294,0.4961153393245079,-0.877784539189253,1.2557150103294692,1.5094544845296822,-1.1191586006150036,-1.732013848723012,0.5364101502273468,-0.44273883936871444,1
1197,train,-0.7815924704719936,0.8029949091941228,-0.4271037370746896,1.7979273584610553,2.4138940438246945,-1.2879131818731728,0.010581154319387706,-0.9029825956206065,-0.03910467028650132,1
1198,validation,0.3451773221653971,-0.03235101856409717,-0.4973294715151936,-1.115291691970593,-0.02048549852678704,1.0995250089854687,0.16386091312214118,1.2458184396933734,0.716527040305031,1
1199,train,-0.1418388253099801,-0.1439738218691911,0.4106345046815227,0.29549959447925267,-0.02048549852678704,0.9072851107779353,-1.0640079859617357,0.13797457680335046,-0.7334408283541545,1
1200,train,0.6346522054640481,0.43850316256050853,-0.8854536710745576,1.6822098744991538,1.5245863424221693,0.7775391432805387,0.07619359948612328,-1.9361565915017718,0.4313998270378161,1
1201,train,1.1570528765729267,0.09834490698982909,-0.26665351814576693,0.19833041141234137,-0.3868167869666447,-1.2701920596649887,0.6264678894120077,0.5357047720579086,-0.6393466505183518,1
1202,validation,-0.11736213253086042,-0.536568852737236,0.4322374326990108,0.07951548074902848,-0.4073884436782021,-1.5954107000792217,-0.7357657398649472,1.7885742029279876,0.8257899505644665,1
1203,validation,1.11323810844951,-0.4814208026040668,-0.4988945944787635,0.20194689823049386,-0.02048549852678704,-1.7106237053803799,0.049955514588772246,-0.6796079938874228,-0.07420166844747429,1
1204,validation,-0.7553633285772915,0.01168722908774539,0.0829568857190636,-0.8937395226894916,0.12453955166574943,-0.21186430431519063,-0.9467992443575242,-0.39868399507415186,-0.31826588278417556,1
1205,validation,-1.807360505865376,1.8232607268434031,-1.4872506347991155,1.192067791404566,-0.02048549852678704,0.05070895970301852,0.6251760717867365,0.026917555800952335,0.3840153804729413,1
1206,train,-0.03567408905656294,-1.9014409255295142,0.9557422829265029,-1.4359875797204098,-2.7334814184626204,-0.4458353234872849,1.4486362413947098,0.026917555800952335,-0.16620434984193005,1
1207,train,-0.03567408905656294,0.7647821533209432,-1.33130572886366,0.5791336198547653,0.6148482240368781,0.989331042512784,-0.06285988089204075,-1.597054527333912,-0.9983659031309662,1
1208,validation,0.7700282996752942,-1.2552793296909557,0.9975729748124772,-2.3602268009961818,-0.02048549852678704,-1.0235213358734978,-0.176798154446608,0.7012391028328396,0.6911924628427102,1
1209,validation,0.5069729922158296,-0.6127637261293217,1.3114400789831349,-1.0332310356764378,-1.2860423783200259,-1.699335415392577,-2.567345319728734,0.6081942843251997,1.5710534856709706,1
1210,train,0.589504482788575,-0.30439883974162063,-0.7561019285376612,0.45868875725404346,-0.02048549852678704,-0.2635239419201364,1.9199288649774222,1.3903938855388485,-0.8359329121487495,1
1211,test,-0.6602203587965733,-0.5600874522626504,1.0006291465443478,-0.9526906051471832,-2.006139677834429,0.5455338552170108,0.7487701361617174,-1.2398933674037553,-0.3714168103679133,1
1212,train,-0.03567408905656294,0.905618844756333,-0.7323022471985553,-0.2714153654639463,-0.02048549852678704,-0.43674869572572006,-0.055319153784221045,-1.003270610528516,0.6982073287895549,1
1213,train,0.03767970745354391,-0.5359159060708623,-0.22211319074000857,0.6323254734318559,0.1132682774838991,-0.7822858661771803,0.9546595350201849,1.4097064019977223,-0.2548119397737047,1
1214,train,-0.03567408905656294,0.8210669160223594,-0.1912029910031774,0.548693198146924,0.6976211064989666,0.6082351805486623,-1.0187605303828957,-1.0755728982802448,0.43942032996959046,1
1215,test,0.6021411262510786,-1.2341851436637596,0.5911050890648591,-1.4832059846662289,-0.02048549852678704,0.3432162834696836,-1.8060918241622865,-0.8629113095641785,-1.0191438339827932,1
1216,train,-0.30513336705672783,-0.08187813111855889,-0.16791469749467638,-0.6630780158056783,-0.7103768210771209,-0.18993956998949166,0.49888907938880495,-0.537027371609541,0.7063492696304283,1
1217,train,-0.4694453454601757,-0.11259381497006264,1.116032017250109,-0.019941600881658333,-0.02048549852678704,1.0823076810966972,-0.36162290947625286,2.124486992565278,-1.1871491966305308,1
1218,train,-0.5467652890999768,0.2574930363980875,0.47328472088538115,0.8229434329469497,1.3689500338736273,0.35188726045792895,-0.09460005611366722,-2.1115072950791545,0.8037839247337292,1
1219,validation,0.6181410136570156,-0.6792538015779166,1.4534766951254143,-0.31762881025518125,-0.02048549852678704,1.4291722922430596,-0.6315836290431791,0.3266132087705858,0.8647337962175229,1
1220,validation,-1.3720364899597397,0.4587366450493897,0.11005675091657312,-1.1009287691592187,-0.45912711771491216,0.6834109308051707,0.07093150660628943,0.7031183038706749,0.5002769242084631,1
1221,train,-0.03567408905656294,-0.9749702666971525,1.2466938239130336,-0.4906013478837092,-1.3253582614942834,1.2227197349970609,0.48317330491257726,-0.40491149008050004,-0.6028157269894437,1
1222,train,0.7265416022994887,0.27968731420162,-0.7002278315610857,-0.05461290285273142,0.049437957423787135,1.5726515049039655,0.1826998666199488,0.421125631603833,-1.4973915548919912,1
1223,train,0.33962993162909927,-0.35782240884600774,0.1432237632105391,-0.7506749957527822,-0.9973306569380094,1.1099424434494083,-0.6808355687437914,0.8995943075501078,0.2470112070978015,1
1224,train,-1.1845937925392118,0.05080638403923288,-0.9471000273741572,-0.33509770324896365,-0.14208009674975006,2.013561323348387,-0.054927988144872666,-0.2994065540052255,0.17114281009056875,1
1225,train,0.5363986657187181,0.7018686901603819,-1.03045724873348,0.6103033418743369,0.7212645948077377,-0.9510944637822856,0.4389429558661827,1.1432987799185952,-1.3200888751825186,1
1226,test,-1.1962311784458346,1.1161604874909943,-0.9371097716343495,0.16531148716836175,0.6205783454561087,0.13015171665570702,-1.289230011247074,-0.6898327883866245,1.1316420303350698,1
1227,train,2.359831421885655,-0.3541501607883231,1.176442776274555,1.144487025119215,-0.02048549852678704,1.7056293079317217,0.005820826163804099,1.2215853292403478,-0.02501011336739356,1
1228,train,-0.03567408905656294,-0.32322595387540937,-0.4244335344207942,-1.3369731197163914,-0.9727809725959693,-0.9861008170098424,0.44408878081556463,0.6003469420504214,-1.1533614903285505,1
1229,train,0.2634366054579269,-0.5972520027104056,-0.6917327389374347,-0.13628554449718946,-1.5574430290408319,-0.3250823715216711,-0.9111223419440992,-0.4994682420869489,-0.33616919063251494,1
1230,train,0.5853635543137121,0.46263038928859107,1.1673604791446508,0.41877531695975145,-1.1941884329693162,-0.9201635789773006,1.1037930487917782,0.7842687146195587,0.18008484268891525,0
1231,test,-2.9909883311364704,-1.3772554919373894,0.9549130113616243,-0.6504871645693713,-0.8271587176268969,-0.6260626669794632,-0.04371237148849884,-1.3000745234071593,0.868491004512528,0
1232,train,1.3967659421701077,-0.05840703840504531,-1.4018897377563755,-0.5677114692176172,0.3265685592995233,1.6611609067990507,-0.1797321781954642,0.5264259737375475,-0.8811371002986841,0
1233,train,-1.2731729461360226,-0.12481335708553212,1.4078624956139028,-0.8185359158898927,-1.396515139492092,-0.586250579470187,0.49065250684346434,0.9113779978928406,0.6172058316959101,0
1234,train,1.0657817774944804,-0.6526313685093402,-1.3562379064731611,-0.6533956903082964,0.07291348000114518,-0.21407093235765245,-1.2832698518925534,0.026917555800952335,1.6098796491079044,0
1235,train,0.4579127344866197,-0.3075460947744286,0.07125059865459166,0.2277437729750328,0.252014134099644,-1.3195675179436337,1.624060949161738,0.026917555800952335,-1.44293287250849,0
1236,train,0.013760615122062997,-0.5868900471232127,-1.038301390067074,0.046036401928436645,-0.02048549852678704,0.23465435363648232,0.03451801526638836,-0.3405494927063952,1.9104471184854215,0
1237,train,-1.1714909955926682,-0.5151858653807168,0.5954206689353715,-0.3590297649638054,-0.613916512414576,-0.2350555571888317,-1.394795931321223,0.8471363817692977,-0.12722324009320676,0
1238,validation,-0.3414851424896647,0.12294965670798237,0.2169407022013453,0.9151165788739971,0.5268737782112344,0.3743041528977885,-0.38609736237375075,0.8499588925806618,0.23164765817128272,0
1239,train,-0.18628212791273144,0.39885301072345725,1.2278135892059137,0.20292580444638303,0.20189289950659933,-1.0841673408065262,0.7565032613788949,-1.5062623873785201,0.5517516055841932,0
1240,train,-0.03567408905656294,-0.1590533286137803,-1.0162215186514933,-0.07298228416805268,-0.14341541648781195,2.0799651866460236,-0.24976591906624868,-0.9735059754332348,-2.0433654774960126,0
1241,test,-1.0280067133264579,-0.1092066874674879,-0.4857510410824965,1.3226870348268698,0.8890782142918946,1.362411421392731,-0.09563374088358402,0.06493120938577315,1.511055826215762,0
1242,train,1.0016140014047021,0.6109280376387968,-0.395718222606926,0.743685338326439,-0.6178040473160961,-0.45665529842740665,0.879511528730885,-1.6692705357827717,-0.3627953684276787,0
1243,test,-1.7705801817208415,-0.7458855791718592,-0.9892811888570562,-1.1341953883778093,-1.1705247161632908,-0.17808202293790473,-0.7318437094535166,0.594893221764528,-2.2595821388974504,0
1244,train,-2.247394619088433,-1.191232681498468,-0.16270703368200773,-1.5140442653950934,-0.9274970620907708,0.05470093487103609,-0.4780159675329145,0.026917555800952335,0.5516296548957682,0
1245,train,0.036962159240567886,-0.367040097236779,0.0865912024249773,-0.11799231375550667,-0.02048549852678704,0.9474616428553146,1.2970820785655153,0.001237964064421619,0.2225149739634827,0
1246,test,-0.03567408905656294,-0.7701474652316815,-0.8000630434013846,0.1915869983620857,0.4957701266674645,-0.7558315667123153,-1.15017613928109,-0.5231675766692165,-0.9727393176626824,0
1247,train,0.5639033041700926,0.44914216919531186,1.4788972383138244,1.1316507973200496,-0.02048549852678704,2.057142204077285,0.7397510548994503,0.37584507356902774,-1.3968403753756007,0
1248,validation,-0.03567408905656294,-0.11047189613937675,-0.5036675976422258,0.3769807176179299,1.324715591317295,0.5046628261940156,0.6024042641454126,0.11131287736462096,0.31569950173357575,0
1249,test,1.3917711474162513,-0.368974722583891,-1.2970452298938273,-0.15382713941933845,1.4897072887490617,-0.6965129864514512,-1.1684713883872728,0.13096566612612182,-0.26679870384313453,0
1250,train,-1.2337114680957675,-0.10885629063428787,0.021745890019965464,-0.5689420704627955,-1.8124057546362151,-0.9430416415562668,0.42843626918722044,0.1583339338897938,0.18998893881692902,0
1251,train,-0.4214169630952584,1.365250207388022,2.520314975518084,0.20128953098926783,-0.7635022895942963,1.4372012344270508,1.990077643948161,1.4911198542236117,-0.2306087542702674,0
1252,train,0.7904956776194336,0.07920536530821812,-0.8996810893771814,1.4159397388129393,1.9834434968085513,-0.0524669995116809,0.1644042504001844,1.9746917167059204,0.1980390870433003,0
1253,test,-0.03567408905656294,-0.00886865060634279,-0.41945426869918295,0.5676011108111497,-0.2820457872231549,-1.4128580111495845,1.3267466914958872,0.11704606555490858,-0.5994546183462375,0
1254,train,-0.25822691339303155,-0.6075989501782592,0.7200277273138869,-0.0965638227114126,-0.02048549852678704,0.3448456603346797,0.5421185024338461,-1.6503325545430672,-0.21005589518035936,0
1255,test,-0.44513567410595095,0.33277203448049963,0.5737023354522358,-0.005719461303107995,-0.8142234422078775,-0.11800385274254466,1.1188420256926,-1.983659432227064,1.0676664577590993,0
1256,validation,0.2714461163024679,-0.325720921164787,-0.24959750674715533,0.6696514447123044,0.971284550536141,0.5819678035763786,-0.6536701518810023,2.474632762505181,0.15841632411907094,0
1257,train,-1.0754351404306077,-0.9874771819647733,-1.1226689598222548,-0.18450838124146102,-0.8686788945996664,1.350173639981122,0.03975084307523901,0.2422371001698474,0.8778606145080804,0
1258,train,0.29808594030166746,0.050054988155473754,-0.19063028174845992,0.0501972070904865,-0.02048549852678704,2.1576622773997665,-0.150003803754595,1.1850423516977062,-1.09963710921977,0
1259,validation,-0.03567408905656294,-0.999927463571527,-1.4192186006406373,-0.7089071450632015,0.417336668796244,-0.7469537534333445,-0.09972208292514646,1.4356973543839526,0.7525119101159669,0
1260,train,0.9793406950277929,0.34973845442152107,-0.6109541415636988,-0.2288592678624817,1.0622651334013917,-1.0059701064525695,-0.6919344738741356,0.9278627181852409,-0.7833353655287267,0
1261,train,-0.9460646301600499,-0.10080759897127223,-0.3495710255489718,-0.3367155858004819,-0.18729555551416976,0.25587662032073116,-0.1959853427097196,-0.6204878361654411,0.1746831076153331,0
1262,train,-0.10183592705240795,-0.6053494761246004,-0.7387571934895434,-0.8911144556539197,0.9754292531847976,0.09804322717281032,2.3095194799873346,2.448136288717278,-0.12228016502804327,0
1263,train,-0.6596430365231335,0.8999063107588602,0.32836864282900885,-0.24272377077667454,-0.9747138733397468,0.021113067232548566,0.08325711870899691,0.31230659979564124,-0.3580514665715528,0
1264,validation,1.0154955299749178,0.025710280078697034,-0.6744280968718744,-1.390440601983262,-0.6114456094389012,0.45272724499736605,1.3684137342062983,-1.6409274045488251,-0.5941509200304309,0
1265,train,-0.9496951113788971,-0.46390678398404506,-0.48087235437852993,0.08808889576123693,0.46574250430327235,-1.0163014655361196,0.540378745053892,0.026917555800952335,0.7955333398919002,0
1266,train,-0.03567408905656294,0.07181616663440905,2.061540595605389,-1.0237140463954788,-2.0545024502046862,-2.095657324032583,-0.005878147530001353,-0.8556107024199447,0.11318831538734167,0
1267,train,0.09670556824450659,0.5087263307049826,0.14970740181396616,-0.5629146310623531,-0.8035313302792179,2.4186473454543576,0.8316107566845073,0.4826618658353483,0.23362304014576954,0
1268,train,0.07741727948116565,-0.8605964723588845,-1.0301350731027283,-0.12429791895206059,-0.02048549852678704,1.704043011278802,-0.558735482265419,-0.023494889388851414,-0.162208859003896,0
1269,test,-2.2039786276715656,-0.17556492929110798,0.5782722036447991,-0.9143761287657415,-0.02048549852678704,2.862662625630475,1.1812699838696923,0.7627718889088214,-0.4944430233800978,0
1270,test,-0.8086328882708472,-0.552983098315742,-0.5001274841374441,-1.1245805771989417,-0.02048549852678704,0.5631747688319051,0.6650205730046298,0.8462730247158983,1.3580240904909446,0
1271,validation,-0.03567408905656294,1.5548103521779826,2.507493590923775,0.47894188519120484,-0.2630519395664634,-1.156442555218704,0.7333764916158906,-0.7529325295220752,-0.5096065781391558,0
1272,train,0.8457527763381872,0.5257125060752993,1.555075141184708,0.7894447146055631,0.35602968487744435,1.7392018381125058,0.9797446354708426,-0.21068851097296631,0.5427304617493579,0
1273,train,-0.131071406257411,0.05587848171199913,0.5037512937676349,-1.2107455562631328,-0.02048549852678704,0.11010600207874349,-1.7222567100799429,1.3113748969027528,-0.5228816165089369,0
1274,test,-1.045702196415605,0.6220501543172866,1.3876561365974611,-0.2801685305967707,-0.06644699503505441,0.028051934490609148,0.4231297066155818,-0.07204381659631925,0.8035330989178407,0
1275,validation,-0.03567408905656294,-0.647682513945211,-0.5374424362595447,0.1503617276748835,-0.29297628290204397,0.7855389290116689,-0.7825577799475668,-0.8716407421174173,0.4414257101740709,0
1276,train,-1.155644829225378,0.31185210752161335,-0.15907890386266288,0.13437090846794345,0.6195897415019022,1.1971424696702884,-1.237707660662695,0.2481496805371131,0.4476109349752034,0
1277,validation,0.12149227862104565,0.4842294757880016,1.923300288799489,-0.7846103337696353,-1.9697801046764014,-1.1778986848549207,-0.050523396108769845,0.26510980521310124,1.1195426389539525,0
1278,train,-0.5630315852304447,-0.500020499444114,-0.9091527574621682,-0.013681773257893664,0.3516485345484147,-0.06647345577382643,-0.7421286901222215,0.7427861924863848,0.03049950704949326,0
1279,train,-0.03988132747306253,0.26599484638417337,0.007986094950953383,0.11151264273959159,-0.7988785232604078,0.17762883299625742,0.4833080600711232,-0.03403896369811666,-1.3162285343052562,0
1280,validation,-0.33989231911430196,-0.01800229414176579,-0.5923345903433894,-0.26362489199515066,-0.2869830674395771,-1.519448730097867,-0.5391614327696985,1.239884241336482,-0.0650988354132522,0
1281,validation,-0.3529678909817255,-1.1337158248340586,-0.31522733480691806,-0.25163944716518843,-1.381554034722373,-0.42359812482018927,1.206336214682275,0.05935979171968728,-1.5343920027015383,0
1282,train,-0.31452272897799344,0.005200258356769668,-0.6605543861522484,0.0990553229235861,-0.02048549852678704,-2.0177525638057454,0.04497714238090366,-1.3098476836785793,1.6880260970463274,0
1283,train,0.0907590517439746,-0.5065174735448108,-0.9372308575177427,-0.6878369424057689,-0.4355235151913891,-0.07432257846818766,-0.5793037426432358,-0.169252069024525,-0.2867508899048819,0
1284,validation,-1.2460096611173381,-0.1452491381125698,1.4772367637737451,-0.7973225978805291,-0.02048549852678704,-0.3978620790911368,-0.5180029424723979,-0.7065340656479697,-0.616985009027605,0
1285,validation,0.7130112860324203,-0.601491509868892,-0.9760962825659003,-0.26065711871737884,-0.02048549852678704,0.2800855389028039,1.9394734933788882,1.2033649762797052,-0.54737203899672,0
1286,train,-0.3161073076933717,-1.409881197259742,-1.186597940378862,-0.18038217842156087,1.0141963964914975,0.04235436399932145,-2.0047963932564627,0.4763679046366964,0.14840917469138828,0
1287,train,-0.03567408905656294,0.294123604886104,-0.34850750247919676,0.6887093843494184,0.29568543023172933,1.0167561263875733,-2.7232371767098384,-0.26655488875009775,-0.8661112146407319,0
1288,train,-0.5901487444061361,0.2735869381591663,1.2630489826158415,-0.7171536845792015,-0.9730345455694289,-0.16297172328792,-0.6533299874959249,0.8319414757091846,-2.4161211407186274,0
1289,train,-1.405267531552845,-1.2182584275098032,-0.2892751427587061,-0.5684687742735245,-0.0621382701958575,-1.0678109405067266,0.5912485298326949,0.5820952901547528,0.15168899438440714,0
1290,train,-0.12030231444434852,0.4155146098457147,2.10279613466684,-0.13856086531894182,-1.09318876274297,-1.075849200529052,1.2205114551412355,1.1346824127718689,-3.164605146106392,0
1291,train,-0.5248862864803104,-1.0538160729071386,-0.10985016724451856,-0.0066173084670487076,-0.02048549852678704,-0.49345056075840116,0.23974337907914714,1.1282926598986234,0.19961553437404933,0
1292,train,-0.03567408905656294,-0.5333064608803854,-1.9051309492783364,1.022252837748084,3.3401650398905365,-0.4392688579354616,0.7878859750472079,0.6417314018342589,0.5456053993256997,0
1293,train,0.1428661668023401,-0.4866301370699495,-0.6818584884589367,0.3893435501610485,-0.02048549852678704,0.3639227745241433,-1.6539490476311496,-1.7987105168010398,0.5529159752639212,0
1294,train,-0.308898601830557,-0.30525889968077957,1.0385061424844395,0.3778188792308063,-0.02048549852678704,-1.196992137306945,-0.13710982640544553,1.3077555224809247,-0.6141524991452373,0
1295,test,0.6343126779750475,-0.5106194588876973,-1.1015577572637059,-0.5219469657656045,-0.6523282646967427,2.94198346064059,1.0389973487426987,0.029873997130531762,-1.0105748899041107,0
1296,train,-1.9295587277055934,-0.8627059237545135,-0.6533674831509132,-1.081755603024917,-1.9924998322670746,0.25954169835808055,-0.8916954896980483,1.3200360108544575,0.18603908789648296,0
1297,train,-1.9190883084020898,0.08514110562210511,0.43478506989766963,-0.7365864766923251,-2.0201403464067087,-1.57079218485371,-0.6318028539774836,-0.6448315727765598,1.1887060805404401,0
1298,train,1.4860522295650487,0.20016643377336438,-0.15200712748458914,-0.16094347283196572,0.09548588228741657,0.9895848895164379,1.4992280753033331,0.026917555800952335,0.45931060783795213,0
1299,train,1.7261182312869372,0.414964068999149,-0.41306454648757746,0.5251155904984182,-0.02048549852678704,-0.5011846229395559,0.9833223469951684,-0.008108439271159569,-1.0200126125950295,0
1300,train,0.0019022764127273396,-0.1328270461487978,0.42229864329670685,0.16009279340237464,-0.3043478509948687,1.4904109141591775,0.07968638540199376,-0.1263075080319989,0.028114014143698008,0
1301,validation,-2.48511422734256,-1.3558889316831064,-0.6254760754705294,-0.7003159565993188,-0.5700621711757837,-0.18584083285396866,-1.313590300080868,0.15146840589762062,0.17144950839305503,0
1302,test,0.9209209106980856,1.4026538028209157,2.6271065992435676,0.47726166284673366,-0.02048549852678704,1.823428733161294,0.08194086661561562,-0.9723561489642618,-1.8809826979677762,0
1303,train,3.514938105444946,0.6327692890468682,-1.1946096659863563,0.8523922192929407,1.1553864053645155,-0.9902128998534981,-1.3771131463685709,0.4889239298525446,-0.5596062670445068,0
1304,train,0.17629597550576095,0.05545335382264891,-0.8851629773182351,-0.8154274422464728,-0.02048549852678704,0.6316383735713009,-0.9708806715735288,-0.3179587011533108,1.6843648245204856,0
1305,train,-1.6800072657762133,-0.12710691155178216,-0.7775792625301626,-0.6336912271918912,-0.02048549852678704,-1.0334340208163433,-0.9709933937986421,1.4174213163414506,-1.7090790091312993,0
1306,train,0.8328943168005628,1.0181080428551252,-0.3826086868436012,-0.12582329369700224,0.12800460317015588,0.45488930394564725,-1.4537181496738036,1.1366657454451181,0.837411542864387,0
1307,test,-1.4803914388605601,-1.2099947154986714,-1.2890028919448948,-0.10423593194542569,-0.02048549852678704,-1.4327769020587038,-0.9912477231160394,-1.114863199606018,1.757594297989355,0
1308,train,0.4255246395935238,-0.5489151256558096,-0.36468554277477255,0.3971092432288072,-0.02048549852678704,0.4216135050101827,-0.1147933130275486,-0.08085303899963238,0.3379042212415602,0
1309,train,-0.03567408905656294,-0.7019727352829581,0.5393158099671854,-0.502692420325755,-1.1163920684060789,-0.7552252515208607,-0.3036134110507939,0.38102632619423593,-0.9767962921486258,0
1310,validation,0.49984809049638407,-0.5364296177219818,0.653762755482015,0.2538123916210464,-0.5046154552273923,-0.8491371767551928,-0.5033332428494534,-0.8707512574116891,-0.8204718916725906,0
1311,validation,0.7648101352283083,-0.20776682456999906,-0.4969512394598269,-0.2089793531265852,-0.02048549852678704,0.263992197448419,0.3278867166588121,-0.7079529927402549,0.23145805258050714,0
1312,train,-0.08547558937541827,-0.2749864043368149,-0.9511551593512211,0.1660480959912099,-0.08436744711641038,-0.9538489585334661,0.7511211162394431,0.7322079008895428,0.2861044045251061,0
1313,validation,-0.03567408905656294,-0.08566615959944116,-0.782792079805375,0.06623877340855164,-0.6693889891675895,0.23980405665981702,-0.6373421665596148,0.026917555800952335,0.41821718485321585,0
1314,train,-1.8617839326159924,-1.2016309146246882,0.28882335224257927,-0.7036652154655773,-1.2846011871420828,0.0572951973133814,-1.1003248468885007,-1.383346078344472,0.6033773445885884,0
1315,validation,-0.30915648335720924,-0.03129123448340161,-0.036287355252631256,-0.34307387146792145,0.8202730542601402,-1.1362459027533918,-0.8776572407311996,0.003027385043798083,-1.836751525853578,0
1316,train,1.2837529156034062,-0.029930950892552655,-1.4527901685078874,0.23051931621081706,1.7199721121835292,-0.6096672377552333,1.0688398037289317,3.047711782310995,0.015646963821523495,0
1317,test,-0.21311725503958745,-0.06393881298274537,-0.6936775086546803,-0.2185361759738494,0.14222639838205453,0.16930750049639084,2.6392642974978124,0.5928832259323469,-0.9283682501411246,0
1318,train,-0.2447144875615612,0.810752078022817,2.246405428694147,0.4035010383885678,-1.7209169245984957,0.44236976638604075,-0.336183997193137,-0.3205851867624947,-1.3419830371161763,0
1319,train,-0.03567408905656294,0.7560939263720375,0.7017001650443289,-0.3269199459815826,0.43395445343825645,-0.8900223575532875,-1.3086311432096966,1.0042194316264916,-0.6793230674978854,0
1320,validation,-0.07952756963712806,0.6764353126598887,1.3793410680325158,1.1714117321029012,0.7462627717917328,0.13330272733362794,1.336639582622731,0.36767837353470345,-0.8930697143597041,0
1321,train,-0.03567408905656294,0.8964647776743964,1.2294962630143036,0.17668431739375903,-2.0491383201357305,-0.8888228990934312,-0.9610055518032955,0.015349328599476051,-0.9437065104791985,0
1322,train,-0.021082410681302993,1.3524895424269519,-0.2633660756771986,0.5944523582237157,1.3688513574734977,-0.6261877441688795,-0.40026286208568973,-0.6714592767351815,2.1753303090376193,0
1323,train,0.45687468141425824,0.0018818151430484622,-0.3175026203875828,-0.11540470330670737,1.6196401059455123,-1.1038810359067743,-1.0680166215262556,0.6654316375885845,-1.5882899755968312,0
1324,train,1.0184472251373737,-0.6808225530645327,-1.7437121589164972,-0.03511705193371088,2.0749825136216336,-0.300698069283324,0.5686387814225202,-0.8841043534695505,-0.991379719578884,0
1325,train,-0.12416213065036213,-0.7222857972749565,-1.30776080134267,0.21166518808241255,1.1805676604095992,1.3634993554343768,-1.1814818753499823,-1.8609999052632578,-1.1958782365530451,0
1326,train,0.4971080911059373,0.204176660265318,0.3022690364855177,0.3329125956097772,-0.3253689422944244,1.0926661506527349,0.9113519320787433,0.9211045862006831,0.17109601034542615,0
1327,train,-0.7932368197462739,-1.2856005117786056,-1.3773458818578934,-1.1033282630178978,-0.02048549852678704,-0.514891996311467,0.7083355518697735,-0.014900289159621133,0.3768281605709761,0
1328,train,-0.04274689419246531,0.8774131026012099,0.1474432209890514,-0.7413290461930002,-0.3648752221484489,0.39324989542688704,-0.18167069698685082,0.7112075487369661,-0.3776213558245279,0
1329,train,-0.03567408905656294,-0.21167363080728552,-0.21927257555372742,0.6346992105521646,2.2547758440832912,1.4671045884471454,-0.399241136040681,0.30546231588907413,1.1801447411965618,0
1330,train,0.7139383718363853,0.30846990508495237,0.45795689492506064,0.989261513258322,0.35121963053949296,0.545800356486032,-0.8048715980999215,0.026917555800952335,-1.2805784812621859,0
1331,test,-0.699206510062232,-0.37844090460834545,-0.7975007857566493,-0.8371980613317158,1.4005452494347175,0.41921017690748025,0.14963600219564135,-2.018548952332428,0.5126324776352209,0
1332,train,-1.1853030423078805,0.45789656120209343,2.657827977159886,-0.27744197370037926,-1.484458814164908,0.7144420366030524,1.657641177193708,0.280707393226412,0.3442002664785982,0
1333,validation,-0.03567408905656294,-1.3550429328531015,-1.1854373972307914,1.0167637895077142,1.8357527448045738,-0.5257661059202807,-0.7915373873220141,-0.47634824896684486,1.8849621150976452,0
1334,test,-0.9133463900784704,-0.4223343608388968,-0.05923754155602472,-0.16864829715491658,-0.7491484956111462,0.0892472432486914,-0.9544529414921245,0.1581130611812462,0.3853390429405987,0
1335,train,-0.339910171424304,-0.4396679019968706,0.33105263167808746,-0.53469257114222,-0.02048549852678704,-0.16815157863890176,1.0152774519221985,0.7665846141684943,0.5540440015490192,0
1336,test,0.6715509899180847,0.06572574799030834,-0.4037811152231593,-0.12132237049012583,1.7245291867268713,-0.6320769778914084,-1.0216383000939904,1.3474554660782596,-1.1701499136203242,0
1337,train,-0.2936071553860178,-0.2689316809277449,-0.30258866253954153,-0.7149428693120947,0.31680107314145023,0.07249094129438674,1.9148818272334673,-2.533458992651303,-0.3955605531107372,0
1338,train,-1.0743395857907538,-0.9876246581139685,-0.030802805503334734,-0.6935254731237104,-0.02048549852678704,0.31909482192101235,-0.2827440379951022,-0.6569361646588197,-1.5242163969531197,0
1339,train,-0.03567408905656294,0.5593505898034576,1.6272746039778276,-0.001883955291731664,-0.02048549852678704,-0.17122282073256478,0.49273674525235567,0.34946489026823113,-1.9671742852631868,0
1340,test,-0.4372983452579559,-0.6723935586609223,-1.19596165890216,-0.25628650944134007,-0.02048549852678704,1.4341645040782547,0.8706390756922356,1.4578816869195168,-0.3692117940463749,0
1341,train,-0.03567408905656294,-0.06975591651909015,2.236082267013327,-0.09060810640975714,-2.578972589120277,-0.8072164661284528,-0.04701644878650379,-0.46680904994582595,1.1815404613077718,0
1342,train,0.7928897321662133,0.14151442450246957,0.3526513542971442,0.48634716585573,1.5177221701440222,-0.15172584425475724,-0.43499462140642803,-0.9035994719763407,-0.5502859861644412,0
1343,validation,-3.0737669490947352,0.14961848714610668,3.003508319531833,-0.44636495503958024,-1.9800800677152348,0.021602978465850825,-1.0645661607470198,0.8620206629467714,1.9642539470931926,0
1344,train,-0.9662370106296919,-0.3087137797858119,-0.3568521590666119,-1.2107435026525069,-0.569535653545505,-1.139933464389536,1.0057798686996104,-0.4148190371597854,-0.5122323228651962,0
1345,train,1.3040422334011808,1.1681047316789506,-0.10025320787770636,0.550388357767229,0.8578689659280806,0.19823008670834602,-0.6409711546733975,-0.7422787036098777,-0.35265232864214163,0
1346,test,-1.0181889667698165,-0.7780886543825337,-0.4646002872923112,-0.9398727271315583,0.2531728183580143,0.473924866245725,-0.13343927797498928,-0.42720135037105833,0.5155105967451424,0
1347,train,-0.5572095664997566,-1.147175389441158,-0.35319717843270737,-0.16269465128654675,-0.5382409791887375,0.8826180688419882,0.24406332696054064,0.1260983502859271,-0.9013075206384098,0
1348,train,-0.11032007160268727,0.14369855178860674,-0.6030391014236373,0.8510483566864704,0.6621819162350336,-1.133266396996661,2.0390618691289495,-0.3546732816283689,0.3479284765272344,0
1349,train,0.6730047161438583,0.41522558785382324,-0.5657662101146458,1.056942220340139,0.7055978571109106,1.616742263662595,0.9176745212570424,0.16613603187712808,1.4211321695998744,0
1350,validation,1.1873475719597564,-0.00485853751043009,-0.46831401944784956,1.148483340805388,1.2657705961464853,0.7255784495235637,0.9952905311966408,-0.312723779993001,-0.2270359317026671,0
1351,validation,1.0643650439891823,-0.4022190584786329,-1.0036601221452295,-0.5617774572624901,1.3328762383574428,0.7613157119848192,1.1665124951523596,1.7296013963435424,-0.4434224483789146,0
1352,train,0.2665072354573843,0.5733463368664538,1.086349036997402,0.25009998012718115,0.09995701729870701,0.6069089526517656,-0.6356033942677699,-0.7737045929918255,0.05717498454886178,0
1353,train,3.0301660005534754,-0.4124894574889132,-2.0147881383239086,0.19918223427114773,1.7886758551091713,0.5825093006305329,-1.0475397020667259,0.20929632408107993,-1.241368998015329,0
1354,train,-0.4296062905868041,-0.543171223861433,0.14967463726456143,-0.46267389510592477,-0.19139247705724327,-0.691577299137929,-0.3321255381970857,-1.5584567127275035,-0.6777432365908298,0
1355,train,0.7544285649014087,-0.7486780394439088,-0.943035923501062,0.16049786186774068,1.1982532987986179,0.33304656299834723,-2.147973096973108,0.026917555800952335,-0.615820624002859,0
1356,test,0.11139330541876918,0.4152570138811268,1.1094040748666705,1.236039405551464,-0.02048549852678704,1.6088405506449683,-0.2596500055857028,0.47604866411824126,-0.8323521165659311,0
1357,test,0.5508118904370047,0.14440733527880087,-0.14662788796843987,-0.9148498143684354,-0.9557954115747374,-1.5297386691714885,0.3030887755106641,0.34379220101560526,-0.855038385733082,0
1358,test,-0.626099663245137,0.19292932064460214,-0.2939440717005766,0.9060492916903228,-0.02048549852678704,-0.7003929441939402,-1.8446444297432723,0.6679467118412359,-0.6706558948487116,0
1359,train,0.5809448815578567,-0.805297421604958,-1.7285944435392508,-1.2334906347745085,1.065599419177618,-1.3800656810742788,2.7141987048684406,0.48599649460250094,0.3836106722664608,0
1360,validation,0.8149600953184933,0.9480205944486174,-0.43464868280452296,0.24685015439580904,-0.28677338695479815,0.3928261778213054,0.0305094531245843,-3.157647903347547,-0.3617173860801223,0
1361,train,-1.4825352962305847,-0.7031235794497895,-0.7999056124047261,-0.7809033647177663,-1.819669570179562,2.3707879105653444,-1.9848724340397237,-1.7315651671398116,-1.0466807973749441,0
1362,train,0.7212546810646246,-0.43792094709855284,-1.2679688740968835,-0.30483565220363007,-0.02048549852678704,-0.005527342495340112,-0.1666092565799476,0.738421162827499,-1.7877357747999985,0
1363,validation,-1.338596239608905,-0.5216127545982092,0.500895506141167,-0.9932759468377599,-0.8393742776135238,-0.7194833202802922,0.15233503348188043,1.0592320876666597,-0.20992264928047918,0
1364,train,-0.4323260030756634,-1.0197593647058516,-0.5585996910607829,-1.2117697746248888,-1.389719668858776,-0.37575321146176477,0.7719598475482223,1.0075511889375302,-0.8175220908720392,0
1365,train,-1.0011512809160301,0.24052170365018488,-0.5916536845522984,-0.9209723908948843,-0.4867011079450302,-1.06575865703319,0.27840135390614196,0.46469999969377673,-0.6467592503613332,0
1366,train,-0.9053945448776447,1.375495444736105,1.1446105676859697,0.1259907235113918,-3.580439222991546,0.8375167140998848,2.6003186279943358,0.3366102374188518,2.4927612554650844,0
1367,train,-0.1208501091250375,0.08939107892875289,-0.7526502444894263,-1.2215062566257942,-0.02048549852678704,-1.5032989171200968,0.29028416890358194,1.5502165687973706,-0.8799257301098381,0
1368,train,-0.5091238275807718,0.9725594181600101,0.8568245706582327,-0.08324843633754664,-0.02048549852678704,-0.3674358168578614,0.39192291683466757,1.6409825487799166,-0.2878952931596514,0
1369,train,0.7061203856006808,0.11132162205766294,0.4095386188230052,-0.34233463706401224,-0.5418746060805968,-0.19728539876686982,-0.5643069723529437,-0.4026920889858977,0.5849635553297905,0
1370,train,-0.03567408905656294,-0.07829710557917859,-1.199420311733777,0.10561401070733677,1.797648687573506,-0.0011927223103586002,0.2903996903697522,-2.0055007731004353,-1.3570833141390566,0
1371,validation,1.2602093637897636,0.6642149277360015,0.2230611844483566,-0.42507622042299814,-0.24654970671361637,-0.1847401262251974,-0.24882781537648122,-0.16085074738727875,1.5312218770618231,0
1372,train,-0.4297996779032964,-0.19614423292967487,0.02510543430072374,-0.11364438080189895,-0.02048549852678704,-0.9132468613055762,-0.6442470223519656,0.06939098505547193,-0.6979394608558311,0
1373,train,0.9359366988763478,0.8885032446607359,-0.6984033658304208,-0.4280721585717464,-0.5352653167125353,2.5668928493464045,-1.1167056629135053,0.37047777961266787,-0.5922590430823736,0
1374,train,-0.10484583523319818,0.4200095155373887,0.11240988473884064,-0.717633977748852,-0.02048549852678704,0.564516493181365,-0.11130398409790145,-0.13148465912024512,0.22832237119212015,0
1375,test,-0.5644039636904895,-0.7012520298846104,0.4144969190115966,-0.5382934689622346,-0.02048549852678704,0.6658818238551761,-0.008819510491202814,0.29068875212762474,0.28559274282706826,0
1376,validation,-0.9628513107106232,0.20629907252202206,0.618035868792114,-0.3066334624482854,-0.02048549852678704,-0.8227700409843743,-0.9694472949513396,0.17780556615433776,2.0838480743635825,0
1377,test,0.5864018027797494,0.4621257248027341,-0.6687759924401147,-0.28700419226002893,1.4233596522144827,-0.4415816095009505,-1.4210086976185894,-1.6403378941648308,1.8644886907683382,0
1378,train,0.28305601093161825,0.4371463911821908,0.215459260406837,0.03204329164878994,-0.02048549852678704,0.7006824784063969,1.1680400364081311,-0.8333613809298184,0.6184220739277375,0
1379,train,-1.6261703802041443,0.06709079421490259,0.33606733428347846,0.4876455811119927,0.5399610255023105,1.045769530710329,1.7418253538824817,-1.3797548943844304,0.8578833930506725,0
1380,train,-0.25424984464191025,0.21212828185199437,0.22009358557768882,-0.23079785074791576,0.23669173947127534,0.3447831839821457,0.4942617870764954,-0.1546632620121154,-0.13756268714842015,0
1381,train,1.6467353770432749,-0.6477583023428298,-1.974444532685212,-0.424074871532731,1.016899314783362,-0.2672571018032399,-0.15593553934009002,-0.5500305074482817,0.3407649570044278,0
1382,test,-1.823735168553988,-0.8268362702882331,-0.7710458226766218,-0.4915277156867294,0.5243917174315483,-0.04612719900496388,0.054400073056750424,0.8271608352566243,0.1483409891071901,0
1383,train,-0.18636496121504817,-0.9233795760430118,-0.3371428770066534,0.4676837113617448,-0.02048549852678704,-1.6467647939330152,-0.24982678649801435,-0.7604694078830617,0.18520560154519533,0
1384,train,-0.06872825716245741,-0.4781590145045184,-0.4906553699046399,-0.1030927804937588,-0.02048549852678704,-3.0382799258272093,-0.8154797427356133,0.37494633632318114,0.5832639169217207,0
1385,train,-0.0789416956564988,0.28383335543903454,-0.2967176975644526,0.11770137281829061,-1.3825458627134746,0.38433622819062185,1.1175641002570975,-0.9657264878655136,-1.2020763626774393,0
1386,train,-0.8997170432584082,-0.36390612179986576,0.039225497146659793,-0.49522530392501096,0.3831662798532533,0.2642728443299489,-0.4018024997339623,-0.017599599230629537,-1.3609412432911059,0
1387,train,0.8940213063814254,0.08502954230575113,-0.5738626184475266,0.6356024609052281,0.2631192550410125,-0.3146467968534191,0.9092526664872603,0.6170110120595136,-1.4514703593017884,0
1388,train,1.1875057135250164,-0.2067433333521202,-0.9430996008588021,0.030453885498986623,2.0532957850281517,-1.10287240332495,1.3092391671787642,0.026917555800952335,-1.173945666041184,0
1389,train,1.5738783556783809,-1.0592931538157078,-1.4327489904854196,0.7339323520500866,-0.02048549852678704,0.29002327108250464,-0.49903786710376286,0.8956225583764293,-0.5631165676180302,0
1390,train,0.34659823927396605,0.13323589132222932,-0.295935278349191,0.3819556242508857,0.482329479345679,0.2861632653462266,-3.0262503703903576,0.5422579184522899,-0.5482903155196335,0
1391,test,-1.317341384301856,0.04937503484265947,-0.571234395799355,-0.24238447330381216,-0.18866189081671692,-1.536457878250968,-0.5363061610025731,0.016408693744193806,1.1103570937191924,0
1392,train,-1.4755576668776653,-0.16103070426856245,0.18334868403351667,-0.14922754134339317,-0.02048549852678704,-1.375138255330908,1.2291636583868328,-1.4375794341232748,-0.45734580989170437,0
1393,test,-0.03567408905656294,0.1889609618100493,0.3077741864274021,0.07496605719071062,0.7231170648934112,0.7932288411548647,0.7585040548707742,0.41780118126454596,0.26048957589754745,0
1394,train,0.19553438033171414,-0.48989712299886246,0.4390847876198892,0.17466456205918732,-0.6386306089073279,-1.6015419326070053,-0.4871372807497122,-2.443564089889534,0.1455654974727096,0
1395,train,0.8133479858384186,0.10545344433124398,0.861289081954229,0.09519703653851132,-0.02048549852678704,0.35098416595294013,0.27432775147486554,0.2674112719024045,1.018985477438333,0
1396,train,2.123383478565872,0.46713108737265874,-0.011998279349305328,0.24598805725325779,-0.02048549852678704,-0.4049179480787242,2.2200151483465778,-0.2191453814389116,-0.8950734999611406,0
1397,train,-1.7169635293308736,-0.22862984510456646,0.2293817560245343,0.44738003943149984,-0.2376882737864988,-0.3259027566537428,-0.1957282958987098,0.026917555800952335,1.089523171456884,0
1398,train,-0.03567408905656294,0.28290375920833055,0.9024765140474672,0.26268423625776105,-0.02048549852678704,0.027760399542432968,1.975236003620173,1.0316779940419498,-0.09838291696998591,0
1399,train,-1.2808914599703167,-0.0426520283760845,0.14079512114644574,-0.08568487898789472,-2.4192249552181684,0.5614713139196339,-0.7968621006009637,-1.0516920966705647,-0.05483556741747818,0
1400,test,1.406324346853634,1.0371299223522004,0.9849705236019575,0.35549750308436906,0.10258219895307671,1.375876921676254,0.5719523149545213,-0.5059065289692652,1.8745941263103272,0
1401,train,0.36183489242990846,0.24973463247196853,-1.526358810354277,-0.675880911685043,2.3201774454847253,-1.4397628453531626,-0.4655015550339462,0.07382225719798585,0.3481669866880194,0
1402,train,0.4963029452528597,-0.3991510734083962,-1.3660144330524193,0.31810384925880814,1.8276219324636072,1.3757014160006682,-0.5861122555947551,1.53825525186511,0.9499292105673994,0
1403,train,0.43364425307242405,0.2032978470726894,1.5918291432338483,0.3653070515046044,-0.5740516312301148,-0.037304431225707535,1.171298689519019,1.921782718187093,0.2527124986470874,0
1404,train,1.3426755581532186,0.028959481217631387,-0.5020116596970446,0.36874491532035136,0.09989654051801998,-0.16302578277299637,0.3322179808163461,-0.15340888500848113,-0.8331180132311913,0
1405,train,0.6798433055355807,0.5220445731967108,-0.014196580530697542,1.0434376394797986,-0.241343647823315,0.987528099956003,0.8487294159407243,0.026917555800952335,1.6320288465071857,0
1406,train,-0.8410888508084732,0.42047937050324286,1.2839291420641301,-0.6238127363962376,-0.5889705900933229,0.6712079507802288,-0.7497059113792944,-0.2650520480900298,1.155571299607895,0
1407,validation,0.9439235597132057,0.08484275144246851,0.5400448985844208,0.5029923541320712,0.492019289282621,0.7829699048465151,-1.455927821003702,0.0018315791540569539,-1.3235853550104955,0
1408,test,1.4600049828431112,-0.48351721039015777,-1.3053204786279395,-0.6480465094003812,-0.02048549852678704,-0.38147117690661675,1.2088838177348207,-0.7694006814303075,-0.16838252644952836,0
1409,test,0.7397079246575831,0.3542185665269076,-1.0251768639647119,-1.001777482985812,-0.2992957659552425,0.542734591703686,-0.26749883582584,-2.3797463110818082,0.03196157006407899,0
1410,train,-0.4780038049654773,0.46571737585768574,-0.12577388621220906,-0.5769097974448719,-1.506928942531174,1.196550942233375,0.7403886730637098,0.5331207201186731,1.3056477985597972,0
1411,train,-0.06417997099884498,0.7440880714350062,-0.11891779157426587,0.7875055229890656,-0.7222333540725635,-1.2498637582226937,-0.6050328000859883,-0.21222781931581355,1.0712356537876202,0
1412,train,2.2426189971588024,0.10060801002178112,-1.4988676262884462,1.6987257613195568,2.991677812531747,0.5647462062442228,-0.03294611103337624,-0.12377140833253147,-0.5030802937056364,0
1413,train,-0.03567408905656294,-0.44809240040067017,-0.499749528648199,-0.17531133776697053,-0.02048549852678704,0.8321895691147168,-0.8277070846511877,1.2514165034075293,-0.5149098442369768,0
1414,train,-2.3782615923346597,0.5204239935895824,1.3222024242504735,-0.9686898325687465,-0.6986859854532314,0.46387602130892613,1.1817967276138648,-1.016283786640757,0.22239812421454605,0
1415,test,0.20726387359171258,0.1328980906439173,-0.8983532134824238,0.4170805274379629,-0.02048549852678704,1.6365507443500455,0.062152682827250276,0.5232478662624187,0.560337161922812,0
1416,train,-0.07982412958021824,-1.1853967572839808,-1.0877916660474343,0.005314392949148714,1.0351764238867045,-0.5614098140801131,0.04409851720985375,0.7594232400084463,-1.2959143554500754,0
1417,train,-0.25911540179744874,-0.44720541349877524,0.2848181569533599,-0.05438315080251575,0.2062780922396407,0.6352869937918149,1.7819416782330277,-0.7726763588421933,0.3235509920877386,0
1418,train,0.03784513373076361,-0.40741074300388447,-0.5574521988745027,-0.347464987566331,-0.02048549852678704,-0.7915967666658348,-1.2602675795227793,-1.508416299501152,-1.0479036801629908,0
1419,train,-0.29635174754907084,0.528321534458704,-0.6175465207306847,0.3485509676313967,0.6564947865514147,-0.6816649888806461,0.341288632358936,-2.1687666586145156,1.4925396716255692,0
1420,train,-0.03567408905656294,-0.44935013412808966,-0.44898343266305785,1.7045850576116257,0.7611140835502884,-0.8448205242219624,1.8188632364136568,-1.0748672209875914,0.25474377996195113,0
1421,train,0.5832058818619025,0.010070284283463106,-1.2577989846777096,0.26089144851166707,1.399698530565926,-0.269636727346551,0.6036973605496588,0.5383076953765717,-1.2540866260756134,0
1422,train,0.7791786590477269,-0.4451400394509798,-0.41909164726489534,-0.2399301325894942,0.0537697942685359,1.7494513777013505,0.261695012150111,-0.17476833204547054,-1.520331349319317,0
1423,train,1.0767817851452866,-1.0531027597047982,-2.049998960711861,-0.5081294466712193,-0.02048549852678704,-1.1095235182334915,1.53171257942944,1.1454851760618705,-0.6097476978742951,0
1424,train,-1.3752724284555604,0.5457704392328041,-0.08869045521588782,1.2696267282192777,-0.02048549852678704,0.5322560058443829,-0.28464034178392783,-0.5021234035994083,1.4729168996068596,0
1425,train,0.5516226107967673,-0.6252742915235789,-1.1514213724691602,0.6860007398474097,1.1798064444273142,-0.5543198930769843,-0.48533816722223366,-0.5600441051144516,-1.4140833001761153,0
1426,train,-0.028110361735141382,-0.08197194948678695,-0.5783129599977929,0.3768505818826743,0.45096476045307426,0.9481983597152341,1.6640915341353901,1.0225957881171537,-0.006669487872142525,0
1427,train,0.8312610537424218,-0.599067865624902,-1.520891842584821,-0.8037292823403893,0.05627433268194782,-0.8171872606115018,0.029190863741403197,-0.9626940495935733,0.6270332615601865,0
1428,train,0.806236780058272,-0.859158644264152,-0.9825149816229912,-0.44478080565945277,-0.97532480086958,-1.6478229034968834,-0.5805012212559731,0.8294977924083744,0.5556756909419072,0
1429,train,-0.03567408905656294,0.08731933937883929,0.39729154142100526,-0.7104753484309649,-0.12877724542399266,-1.7304263069555483,-0.14617002132952975,-2.049240954947866,0.2074219832662986,0
1430,train,0.21342109936447526,0.6502011629614278,0.3059054701172999,-0.7339605006100587,-0.02048549852678704,-0.024535431962551695,-0.6120956982750534,-1.0529479730926865,-1.932865856030477,0
1431,test,-0.48799718728910957,-0.3963311467762243,-1.1602871114971502,-0.6616091969740053,0.2747700263767613,-0.8038267326789149,0.7280358823188727,0.45259921529514896,-1.734110518666468,0
1432,train,0.9031288772620826,-0.35360081519733116,0.9299541298704284,0.6734786247531719,-0.02048549852678704,0.7630603145204745,1.0505052184025212,0.5141257977331025,0.487758108749311,0
1433,train,0.009641920677405933,0.3314228851550304,0.09755041155486358,-0.5062420993771072,-1.050060046755479,-1.613208493553181,0.8692619378114093,0.3107441284157161,1.2003752065888282,0
1434,test,0.16231893483034615,-0.018912138007931328,-0.2594882692474251,-0.271612523922211,-0.9881141707687584,-0.12224323500610824,0.8865284948923798,0.21229543166158193,-1.264958185900618,0
1435,validation,-1.2839190693203557,-0.7233306896971121,-1.2105135860065193,-0.7499362454676403,0.25779470592928216,-0.4674703100163411,-0.03152106177092108,-0.043375778613698415,-0.20913287832586397,0
1436,validation,-0.03567408905656294,0.5134488314463551,-0.13519350295974777,0.8379970823340548,-0.41423031407931854,-1.11047770062194,-2.011366160314924,0.6898634805623781,-0.938977781008889,0
1437,test,-0.03567408905656294,0.5831878352704326,1.7028469078500477,-0.266690856023224,-1.090556641445299,0.7628326018348146,-0.9433546818698267,0.026917555800952335,1.0018383669255946,0
1438,train,-0.5468150525332505,-0.552091057628103,-0.5536278049882736,0.4791627093935261,1.0024668586938632,-0.48611825393927266,-1.007268461903465,0.5380776461761805,-1.2142688407695148,0
1439,validation,-0.1771159042077668,-1.5504849946790586,-0.9499409259553528,-0.41985944880166576,-1.2150853137162225,-0.18676561844848727,0.01338524739401137,0.9767184057555104,0.05790363502097556,0
1440,validation,-0.30915070869114863,0.38112225549090556,-0.1509671170876691,0.11328631246734536,-0.02595082325978476,1.1941826768112183,1.9848049506636698,-0.3726752214084233,-1.043012381743567,0
1441,validation,2.19051156824509,0.08850964536813641,-1.1990837637697656,0.2291642353824656,2.735917209205729,0.4188788291532371,0.8673555842882977,-0.18547022933973248,-0.14451261681847247,0
1442,train,-0.6541870623137961,-0.47224743061224267,-0.760186126134521,-0.7931869725019229,-1.0979807416031944,-0.4484315271459505,-0.8174820842230944,-0.26431659853147,1.9014628001345097,0
1443,train,-0.03567408905656294,-0.0178390406190037,-1.2831333917459309,-0.3972825968889012,0.6960562540080498,-0.3366509891687643,-0.20814557932192704,-1.2812073418439585,0.22841131474841683,0
1444,train,-0.16070601346909166,-0.9471957972709295,-1.792093289912173,-0.6012281990201623,1.0815706608430289,0.1823213567747342,-0.9623767149105878,-0.1324415111903348,0.36594650244586285,0
1445,train,-0.03567408905656294,0.9305006914934657,2.6577969346044807,0.6099011089617496,-1.48471778341818,0.5454171899649793,0.8412613742627063,0.4112233223494843,-1.0563419933884846,0
1446,train,-0.4578866092525981,0.029528855001370317,-0.2628030462367328,0.7260587553266715,-0.02048549852678704,0.09937556959298456,-0.41662041840604397,0.026917555800952335,-2.2636259627036006,0
1447,train,-1.3353726347431665,-0.052177323450532956,-0.5161265952574778,-0.04339515885940944,0.07259563500084017,0.23070943848212558,-2.8764273744833173,0.4258757817680246,-0.5963305902197085,0
1448,train,-2.484445871359742,-0.3487210372110627,0.09968607563133498,0.6566225550895497,-0.6756992449942367,-0.36511564922977235,-1.2937643962898169,-0.6445174718540194,1.8140976003439746,0
1449,train,2.562616799742673,1.226015529256522,-0.8852627084274006,1.1874277080400106,-0.02048549852678704,1.6874301325487813,0.9611902317098379,0.026917555800952335,-1.0703456310803228,0
1450,train,1.1174272978007032,0.5176066474835448,-0.33594213958226055,0.9800988141785302,-0.26900223744067453,-0.39150534871307585,1.7718747599722868,1.9312463296589635,0.7604472175119105,0
1451,test,2.2246688745802325,1.3776214734071082,-0.3671690405340233,1.051284529919154,-0.02048549852678704,-1.5320889201061991,-0.19823719294267572,0.5711505745210004,1.6070666568087406,0
1452,test,0.742049984062135,-0.13273319713299103,-0.22829023132792936,-0.0880188118257874,1.2049670974921647,0.9309025080856862,-0.14775120705735723,-0.4166612166299057,0.020355180840009528,0
1453,train,0.6467249570748733,0.02721537041462572,0.385861410750429,-0.3713400746705916,-0.08981094231850005,0.7743643979977498,0.2580058663574859,1.500907361635837,-1.9420933711661958,0
1454,train,0.7635049476834772,-0.2587941054592343,-0.21755923249728942,-1.3048761924991752,-0.02048549852678704,-1.1912056302870133,0.24440804355402476,-0.5261981967536501,-0.4307244350869437,0
1455,test,0.5512792598552093,0.20151516016224688,-0.5645925226779458,0.14787658529342113,0.16326238780781396,-0.35748180187892376,1.5464127525389058,-0.4780168995819856,-0.5912422093498493,0
1456,train,-0.03567408905656294,0.6645670868049827,-1.1886334920718853,-0.14346814859762425,1.6207887198944286,-1.7679551259695456,0.5603335616967722,0.026917555800952335,-0.9006250075181927,0
1457,train,-1.0865438850024833,-0.12913045778402954,-0.011221490473973403,-1.0237062955107126,-0.02048549852678704,1.5442660797467913,-0.3617321747151429,1.3411166319612409,-0.4064783436364939,0
1458,train,0.7345922772131189,-1.057020779891168,-1.288342498710213,0.6170839373643162,2.475134372016458,0.7311873790046503,0.5346625234962513,0.2445754002073858,0.20118653294492056,0
1459,train,-0.14779285936092923,-0.38226375486826303,-0.8365561263703516,-0.21043113870361813,1.028760873321837,0.8591896967030358,0.1587542194212378,0.4636425484306459,-0.6224221834185509,0
1460,validation,-0.859443707898673,0.7172771802748618,2.07087175102868,-0.2898815829939198,-0.02048549852678704,0.8026734390659132,-0.5638558387101036,-1.0765997325078829,-0.08013148310881126,0
1461,test,0.2504072574707412,0.19856271033457712,-0.6816487079341969,-0.21361480527518678,-0.02048549852678704,-0.9741920156848259,-0.9694965677124989,1.6081442857657773,-0.05214995282784384,0
1462,train,-0.12647360515770856,0.983217898266385,2.7457802171568444,1.537053463516064,1.2080790043623106,-0.4389164390483926,-0.11959932846831489,0.0548900499235562,-0.18996562698079203,0
1463,train,0.3133494393232187,-0.5088005005677428,-0.5191058850219725,-0.8447690296193358,-0.02048549852678704,1.8232457473321566,0.1829365110936822,-0.4665861492832799,0.5941736679371835,0
1464,train,-2.028972935841861,-0.8715475908714488,0.04473999343006517,-0.7769636597742714,-0.02048549852678704,-1.024520630896696,0.36788493445172016,-1.9897923909890907,-0.20717307538015095,0
1465,train,-1.1942464137385096,-0.02104749580192103,0.24881311644757467,-0.8520457116412673,0.034870553145977076,1.0317596640700526,1.3228806000163942,0.14833112430516143,2.338145417803407,0
1466,train,-0.08243956107695855,0.30943343737966283,0.2529184377778284,0.3703257014146296,0.6264082664706052,1.5317660603469547,-1.7404985759765688,1.4260753216806552,1.0095986375458996,0
1467,train,-0.16204961867852158,-0.579001869089415,-0.60306206665491,-0.5918334082943114,-0.6843759905880163,1.4174382065494011,-0.5009448294235636,-0.33063252134463716,0.944372561150814,0
1468,train,-0.5475387103728744,-0.6384118144373854,-1.1645214697022568,-0.023118358324515864,-0.02048549852678704,0.028698121649009006,0.4316189328460765,1.3082079907047874,-0.8852518487746137,0
1469,train,-0.2343590407564024,0.02001592928972713,1.4668301997662487,-0.7647487027727624,-1.9979840123981392,-0.4677050234059344,1.068907190486044,1.601269400033372,0.5227123445421985,0
1470,train,-1.0818462826681103,-0.37655287890480255,0.5610913903612034,0.16163929366973281,-0.04921905729115224,0.390073468989139,1.2708218628377763,0.36491256811955386,0.18486316214000637,0
1471,validation,0.340194069254705,0.6301718515777665,1.653596463636697,0.8944896103126633,1.1572986601888853,-0.42048588670289244,0.9723515828603478,0.7354377072494522,-0.42016380751043775,0
1472,test,-0.8288099146166032,-1.1427932545804433,-0.6278356807124131,-0.8176940638838922,-0.02048549852678704,1.1982556728020846,-0.9815662037521419,0.8347113040780795,1.7034376285630695,0
1473,train,-0.46915093552833464,0.7263784844851331,-0.08685236604294257,1.0233258605152813,0.3906526006278064,-0.91980696090039,1.6437840620678321,-1.1031730771595727,0.9733089146708035,0
1474,train,-0.8597468635697508,0.2245703805552077,1.74812953531147,0.4802094732348032,-0.13189969220351472,0.47808873950826924,-0.08419966717214641,1.946170895508883,0.5117769046890894,0
1475,test,-1.068892608541094,0.4852640890122268,0.688043954800068,-0.28083495590573937,-1.3002628635952986,1.1900493712349862,-0.3659298492997521,2.142085524131108,0.6259491437632293,0
1476,test,-0.24046330667321442,-0.13133423936245275,0.05482264046456336,0.2202221156418346,-0.02048549852678704,-1.2527677512808508,-0.7454034992899637,0.026917555800952335,0.4965067954089253,0
1477,train,-1.2840261804571123,0.11471581689190881,1.751115612896329,0.18941681231078938,-0.6049232345033163,1.7888999080556975,0.9100507561164305,0.559636921462833,-0.8642170922051488,0
1478,train,-0.03567408905656294,-0.1749692752085457,-1.387095970992202,-0.5717914290378049,0.5281857854712629,-1.9304347544387375,-0.2517048110897756,1.6710775692683468,0.8737895827075753,0
1479,train,0.18943517694930787,0.5797257162072876,0.7339746825304185,-0.3851399044266022,-0.02048549852678704,-0.12800274494523667,0.7001496379393611,-0.6158710854490113,-0.04769451555744442,0
1480,validation,-0.012214736939340252,0.3260916928510729,0.08070079815213192,0.6028764646529193,0.26010151256705927,0.9275888173175902,-0.6411026914695481,1.1115191253688375,0.20042687275042465,1
1481,train,-1.1326947288544322,1.0930595501047338,0.3747685541721996,-0.3491697392180644,-0.02048549852678704,0.5580154854438383,-1.0544760103151474,0.9574179264710893,-0.2738350579291504,1
1482,test,-0.046806400692852024,0.7781917439860484,-0.6217779789749783,0.46218363929467465,0.5318633625219695,-0.09683656376950339,-1.6591757327120022,0.027027643283764998,1.6372627186006992,1
1483,train,-0.03567408905656294,1.5176184916727575,-1.6890046623413055,1.6918479526627324,2.3092587337430794,-0.8930976583297069,-0.2856887661641312,0.14391656820721663,0.21461780916544412,1
1484,validation,-0.707646078983456,-1.4113320628344972,-0.9356323007830422,-0.39928962993118744,1.8650763901992795,-0.44108054767460425,1.702017515074233,-1.4292741690621131,1.2071682935587078,1
1485,train,-0.6028152728888463,1.524888075911261,1.0875048307198554,-0.5471359019819585,-0.02048549852678704,1.220280835183754,-1.1444763185226905,-0.2529862991316697,-0.5072687647594923,1
1486,train,0.4049904029715015,-0.5676189169972576,-0.17883264819464556,0.0014858801797825844,-0.02048549852678704,-0.7890535156908143,-0.719154033871595,-0.4970866141784952,-1.126980322587733,1
1487,train,0.6658246589426589,-2.17647007881297,1.544138159776437,-1.4685427094626324,-0.02048549852678704,0.4371491171444268,-2.1943311179421157,2.0581899474688945,-1.1903017281266213,1
1488,test,0.11690627671227599,0.1055016131308469,1.2269918759768896,0.2961697170350224,-0.25460095344896766,0.7552685002294219,-0.5990985681281409,-1.294723930919449,-0.0034342262729938674,1
1489,test,-0.03567408905656294,1.3092207757951198,-0.7269768128815544,1.0184946760961344,1.6062411898542832,-0.7769448664538235,-0.031181181898869193,0.29459440014071886,-0.6914149807405913,1
1490,train,-0.1985769842638988,3.3683558438735863,0.7618482556794293,-0.17799249404276557,-1.1189177003692334,-1.5021703666704516,-1.6085054426540086,-0.32988602640787723,-1.8736422734134806,1
1491,train,0.19340731252072285,0.22434239934601655,-1.5125202503919986,1.4783217180129502,2.6361245920297898,-1.225473108515111,-0.9455557174645827,1.4431025621279614,-0.3664892785264833,1
1492,train,1.1939463908442267,-0.027404122380253013,-1.1613685362480972,0.481609055606041,-0.029206306873546153,1.071456731739225,-0.6033873419479291,1.3505935373053084,-2.4088895494205014,1
1493,validation,0.01637869090116337,-1.4740497155493353,0.21326720870928442,-0.05831974168475219,0.1452773726025831,-2.070999459427884,0.9039075753452738,-0.6383314396346431,0.05675578680983105,1
1494,validation,-1.2216970997068266,-0.08167546174470008,-0.004347654631496312,-0.5101607890800667,0.6941616901936335,-0.9147843107933036,-0.025227774374963104,-2.061251927601253,0.7381434855588028,1
1495,train,0.05798346940542571,-1.0494698110374117,2.026981227675734,-1.0521861091099312,-0.9097445757408265,0.9741002235260489,0.7021949255972855,0.026917555800952335,0.7190565922328703,1
1496,train,0.41595448678012986,-1.3151366193581506,-1.1626802996054808,0.5959909724019683,-0.02048549852678704,-1.6061907537516658,-0.41501665213369227,0.47981953113991177,-0.9871752500657824,1
1497,test,1.0954754575928314,0.6882500615545429,-0.5980307404907929,1.1090002185427903,0.5899502558317072,1.4449426978805862,-2.1356590134605633,0.4571816536636592,0.9168444569486277,1
1498,train,-0.03567408905656294,-0.3657893971286951,-0.42126287341968727,0.7613750897909228,1.3096802842673925,1.2603079959035428,1.5669653585817631,0.30673511495357814,-1.142983583545076,1
1499,test,-0.057405365206630546,0.6871797255124652,-0.6528224578235164,0.34582750548135804,0.6004932382036322,-1.7932073922438299,0.9280697950826645,-0.06669336923406713,-0.7809744412743171,1
1500,train,-0.1267407049086541,-0.7150219196156267,-0.5915844326231056,-0.46365496209901447,-0.12310599700559617,-1.1161388765536857,-0.5558583335881323,-0.37758228514699027,0.6639822050980502,1
1501,train,-0.4777740308531504,0.49395108392846554,0.27831674983022714,0.16412367778537829,-0.02048549852678704,-1.0527214235802855,-0.5907330499966769,0.10339634890423939,-1.393190276579827,1
1502,train,1.9287526596999238,-0.0036052538114532662,1.7528210789399004,0.19372723634045996,-2.358646378449626,1.1654061316924142,-2.67744929873479,0.7423174936594418,-0.738526668344906,1
1503,train,-1.004240334428605,2.2957930222748217,0.5851092163584928,-0.20208138531569322,-1.0207889031813704,0.1957100995162029,0.8519328245761988,0.4252327112177206,-0.7876757765497405,1
1504,train,-0.5491584286324696,0.8955391901470003,0.11301297187976621,0.18203989589691352,-0.02048549852678704,-1.2240047872811732,-0.31763520109208543,-0.9705091264864983,-1.0839931607928464,1
1505,train,-0.03567408905656294,-0.1977999193383202,-0.7465299033708059,0.31190332961085343,0.8889383833628679,-0.11729798951318327,-0.291002065269985,0.1791846084613566,-0.22266285753366252,1
1506,train,0.42906917074263873,-0.1541187742099195,-0.2304414935060257,0.473194835293283,0.17860637304783425,-0.6170887591788573,1.4235113550096878,-0.47056452479664806,0.5809000502602509,1
1507,train,-0.4988983713544389,-1.057587775422793,0.059533226182616784,-0.14275954701119928,1.2575187506043908,-1.120560402836389,-0.7806622868678995,-0.00948322477598772,-0.3373457851759947,1
1508,test,0.5955682572807288,-0.3644862865961013,0.5726274151267386,0.3592755977190697,-0.1807942549049392,-0.4773477153554189,-0.9884736844065981,-0.862319899240781,0.04736485235529152,1
1509,train,-0.31718904861306835,-0.9950293368798303,-0.914802004044006,-0.7299958040476865,-0.02048549852678704,-1.3902102051740461,-0.6674629793002472,-0.29424541044511954,-0.22224039002720475,1
1510,test,-0.7375667854280145,-1.0947032161902759,-0.07997722931537528,-1.7183808560484783,-0.8929366580540928,-0.5329456063533206,-1.5302421160211905,0.3095648617583041,0.26259934569694804,1
1511,train,-0.47054838905625024,-1.1508918558255374,-0.06797056071340411,-1.1203968172059806,-0.454928578593248,-1.5129171731618023,0.7958775390477238,-0.25115413902177325,-0.8945171075377883,1
1512,test,-0.07272141014909912,0.8139233607574051,-0.17379395831527752,-1.1354329124590514,-1.4207959051041354,-0.6285015865130623,-0.0665871361336758,0.09568059739575058,-2.050888900332402,1
1513,train,-0.4974344199801676,0.6689747602931123,-0.3584576663745793,-0.25339650295867616,-0.5884973267419956,0.9295803191512527,0.354425369682226,1.7915375602144377,-0.14034743310706105,1
1514,test,-0.7244838110677737,-1.7117740413521014,-0.13065301564959647,-0.12060285411275785,-0.02048549852678704,0.008647993424020074,-1.7944806866757792,0.07436900563697825,-1.5649815081785576,1
1515,train,0.16755768233309826,-1.1314369474932973,-0.7887290336846762,1.306862267110927,2.122211174716612,-0.2933118249984308,0.9519884166032383,-0.9482891349148116,-1.3889127980321023,1
1516,validation,1.4686902228882759,-1.1889387868440935,1.1135674591485853,-0.19877871026377528,-0.02048549852678704,0.444098581594815,-0.6761946228655399,1.75888496335996,-0.16404474070521735,1
1517,train,-0.3342176483205166,-0.61627846708527,0.004947325260224831,-1.4878990288793341,-0.02048549852678704,-1.4489201531090545,0.015402882221430315,-0.8504412271375829,-0.050139231278606256,1
1518,train,-0.09246665800068318,0.8737740581304,-1.7003449111848508,1.8815799922797265,2.6150144964407915,-0.5104054891990473,0.4837513741946836,-0.42101852802262035,0.15952311801528501,1
1519,train,-0.03567408905656294,0.42941768169517214,-0.926775810217205,0.9028767829036725,2.324602139535241,-0.9335260074531033,-1.196262550349249,-1.3190222717803097,-0.7748873235622895,1
1520,test,-0.03567408905656294,0.551788885102846,-0.08207670647895547,0.16785751511729158,-1.1682128729976888,1.3682535938690805,0.12430216699730952,-0.24448446639063326,-0.48798568922413643,1
1521,train,-0.7800510601427156,0.5439391391328654,-1.2518282510350933,0.43517924524040924,-0.02048549852678704,2.442050852769163,0.9831498250269539,-0.38833522350845406,-0.1040426081774774,1
1522,train,0.7934666915656836,1.0484981145704069,1.2615488845585208,-0.04804956516118271,-1.4595375060197187,-0.7772574725348241,0.852698075895529,0.23221260732082033,0.40148757773385074,1
1523,train,-0.1227278083101576,1.8941876982465153,1.5525647596050636,-1.3805253661370414,-3.5034712848697023,-1.3480182801283123,-0.09244964242248113,-0.015892480229343007,-0.13173619176705115,1
1524,train,0.35510697891810344,0.4183410950597511,-1.3920107404699644,0.8799583001528173,1.0339201864233425,-1.2609893138895167,-0.7595178386650804,1.292568484882326,2.024534410101509,1
1525,test,-0.33686190072486566,-2.6976705332372855,1.420819509144692,-1.3381365524421742,-0.44522367829621623,-1.274465887117431,1.6004498342139117,0.026917555800952335,-1.0098947527040658,1
1526,train,0.29120699700975605,-0.6775336357282289,-0.6916971188143728,0.5839296754448146,-0.02048549852678704,-1.5392370406233677,0.9671994190831301,1.5554966689703547,-2.1551344822669005,1
1527,train,0.14798276057854523,-1.6332104441772395,2.834425555755015,-1.4506795007984423,-2.234198845355988,0.23228032619128128,-0.5165645578091053,-0.34659317522978433,-1.0367961318750367,1
1528,train,-0.20137913790609355,-0.4500439585350702,0.4378383667076355,-0.09796791106324715,0.5086613805264785,-0.09980674306027179,-0.7429618849875956,0.33705765160110895,0.36455365313163113,1
1529,train,-0.03567408905656294,-0.38862336345601134,0.21769327845252698,-1.3287662162562082,-1.5417627059006274,-0.5564319413627988,-1.2391035305140035,0.5984743058799206,-0.3278634788161765,1
1530,validation,-0.03567408905656294,-0.06007437089363644,1.8557035315887969,-0.061640550317877636,-0.014646303600367243,0.11010996339255402,-0.15826750293430789,-0.35659497210488866,-0.7850059558191218,1
1531,train,-0.26657384732987455,0.11287408129138826,1.7320985655952539,-1.4766664466769535,-1.454870819714306,-0.63253928934246,-0.5441469942851996,-0.525935299134631,-1.3155121214844072,1
1532,train,-0.7189276026259326,2.025409474957526,-0.5308555280939826,1.4213904693955763,1.276400157914681,1.0667691589867525,1.9498824819560485,0.6598216539410657,0.14056493485788132,1
1533,train,-0.2506367391631232,0.6540500268862316,-0.5274311580801074,1.1332749086171463,1.632703513488465,-0.9735737031602575,0.027735839655041113,-0.5621470370085017,-2.0026954478337764,1
1534,train,0.27688949817232705,0.17581531728785998,0.5391332194203974,0.014755796773228629,-0.5736402397282523,-1.4993352886404183,1.1424043420676415,0.07849607137125714,0.49062214369088897,1
1535,train,-0.03567408905656294,2.77816704596706,2.220618072330604,-0.9843186605346714,-0.02048549852678704,-0.6442269608620469,-0.08767779913756651,2.0116239555824382,0.4494333629326407,1
1536,test,-0.5089048879456542,-2.7687411743603056,-0.71067565968916,-0.15307666623251942,2.959443633501579,-0.5861938257001117,-2.767333018093426,-1.1015554498670361,0.49325428089536943,1
1537,train,0.20266092553664358,0.20653157118432958,-2.326601575037707,2.512223802793275,3.8972650630530206,-0.8214880247513512,0.6988939014605648,-0.6961527283097335,-0.8092462532468042,1
1538,train,0.11705363349976342,-0.0021931206467880396,2.545985812184569,-1.1411570237256605,-2.015625623734757,-1.2786580010717423,-1.8707510589153882,0.20644510124350898,0.7213405931945038,1
1539,train,-0.03966521253606836,-1.4941712669509168,-0.06688854413371943,0.15283141377030185,1.4714216142529764,-0.08496687271512501,-0.0819376693079494,-0.9470162255803088,0.9913255275690926,1
1540,train,0.3559278052838789,-0.39478011265491314,0.8565081141417213,-0.8682189950246147,-2.0400911096345187,-0.012420540020380339,-0.07860835295123582,1.6143305765492886,0.7590639127984152,1
1541,test,-0.0682330832922475,0.16963127029051983,-1.1342170522033705,0.3491914025539414,-0.02048549852678704,0.7269006421555522,0.5499073983225699,-0.27035770618701616,0.2413052775170499,1
1542,train,-0.501803086252079,-3.04760974292002,-0.23573240372126072,-2.3018432920289307,-0.7796816985891798,0.9234684605785988,0.25396838178404224,1.2951473991268527,0.7103313949584281,1
1543,train,0.16254113011897747,1.030418148565955,0.3263883668019201,0.20467004012693374,-0.27433997105081925,-0.9697511376323228,-1.4580517550982026,-0.9795846927631561,0.014201992598663445,1
1544,train,-0.2087218715759504,0.31657006935656556,-0.7495120771622632,-0.5699019278201691,-0.34116414440519005,1.1739496884739573,-0.4834302626442414,1.2705459323769983,0.37380152087524426,1
1545,train,0.8757188890051272,-1.261693901646528,0.6121953056040089,-0.813492156602371,-0.02048549852678704,-0.8809278231868403,-1.9676754410053303,0.2092728669906726,-1.5654639529637304,1
1546,train,-0.30046203734240606,-0.8527676617499835,1.6720475439781324,-0.644574845745666,-0.9685859925474029,0.5677449084734474,0.010801743692502211,0.3542225559031943,0.41987367307274914,1
1547,test,-0.5899243432794913,0.2140990713420919,-0.7075459600654694,0.4077137433254736,0.7531521376938024,0.30724643124786294,0.10193850093918536,0.2999801966423731,0.22928552677551528,1
1548,train,-0.3090631301138451,-0.12870998526189908,1.6452077761293575,-1.322898607077922,-1.5467481571828028,-1.325238498558442,0.15982094441346456,0.941905984658759,-0.7903938164395978,1
1549,validation,0.6583058013620287,-0.7652586400801512,0.7425508955257103,-0.4392389274134429,-0.40691726469144435,0.8493602535810126,0.5901156264988944,1.5847044431072825,-0.260123062520363,1
1550,train,0.9068469751838292,0.3556541144417776,0.7307419569048806,0.4280640919062184,-1.002143213062684,0.2041842815402984,-0.4952233612009914,0.8009834651002827,1.2266053844748062,1
1551,train,-0.03567408905656294,-0.9135243505884881,0.2530227658028977,0.024687588608998806,0.4411144242361268,-0.20355307723285157,-1.4707367233662287,1.82412361165966,-0.29047984290810397,1
1552,train,0.5780006950952331,0.24526949170882636,-1.033592678852733,0.38635865764615307,-0.07511866840042992,0.26735693172931585,0.43004128364574834,-0.6789446849899489,0.720410646785964,1
1553,test,0.5674759223091064,-0.465720366718678,-0.683871755523735,0.10338359268006153,-0.02048549852678704,-1.6786604805041057,-0.37332910307048905,0.6979709003326452,-0.23884175500106758,1
1554,train,1.2649274504618437,0.5808452998437417,3.9463939550341585,-2.4085383261801794,-5.624833445938826,1.4041068979281084,-1.514393408493492,0.2985477849234688,0.490305205146884,1
1555,train,-0.0341345584552965,1.5293598181628763,-0.7268020139877197,0.29513115143665025,-0.7745961154217349,1.0873790230716724,0.9982080134193835,1.6150967831989145,-0.0500398825218548,1
1556,train,-0.03567408905656294,-1.1803527144048498,2.666491076304479,-1.8892542895942384,-2.3793751561552012,-0.3478994108871769,0.5574921698822962,-0.7994808142014455,0.17646004015409614,1
1557,train,0.3376604253296673,0.8693851562842853,1.130797416980023,-0.7553339740796685,-0.02048549852678704,0.9356669394467153,1.2966673044636157,0.775495116396909,-0.014355478378894454,1
1558,test,0.9457638447538608,-2.0681385006068633,-0.15350916036662807,0.07216740896619954,-0.02048549852678704,2.0079312426207863,0.3147301368464571,-0.13800436772186897,1.0732851585892331,1
1559,train,-0.18223100563924063,1.2427017904854414,0.2681331094979679,1.0024578550142733,0.4380084711240644,0.6043072544265271,0.7067322169558795,1.700205161272849,0.3885812609475725,1
1560,test,-0.4248618877225643,0.5736999762134911,1.5889945260041942,-0.37043835704876005,-0.721126743227842,-0.7752482779009919,-1.8772936919972056,0.7248350878094548,-0.5565956334805287,1
1561,train,-0.5829515252405362,-0.8212067881645551,0.08378043475530514,-1.3230690928974467,-1.0001118693456383,0.3996034828832872,1.9963813879626244,1.722701235966959,0.04665498162680206,1
1562,train,-0.03567408905656294,-0.1886009321001342,-0.36708620385904434,0.23256576474515808,0.7778450637432555,0.5355426379057608,-0.15409678366440024,1.5329339728187135,0.5490201362467296,1
1563,train,-0.03567408905656294,-0.03617686309246273,-2.011292528177723,1.7418393033010409,3.533030038459872,0.09150914110919804,0.4840129059099433,0.026917555800952335,-0.4577213139728361,1
1564,train,-0.9881007534798375,2.674795088819517,0.7399074401163456,0.02963623195460407,-0.4217446790317116,-0.024767033243442253,-0.749738498828187,0.09718784441961635,1.462564744319851,1
1565,train,-0.6078593524635928,1.0604495853788538,0.9064070854235702,-1.6922305166592277,-2.348498197795163,0.7513491438070149,-0.3799009501333165,-0.7640698640290259,-0.8385950897820207,1
1566,train,0.4200280432432014,-2.3030503961752324,-0.5503373601269952,-0.17736936091435726,0.5609853161229782,-0.7366651368518563,-0.3875099481301232,0.19916760770497444,-0.7357681086582201,1
1567,train,-0.03567408905656294,-0.29661028779223314,0.32097403184164686,1.236646748432877,-0.02048549852678704,0.1953507107381586,-0.9820316272911307,0.5064008063592078,-0.6037572141297148,1
1568,train,1.190443057804911,0.08286050282265696,0.37396307184629674,-0.17410165394167545,-0.02048549852678704,0.31754963468340947,0.11273584979607766,1.047766580137625,-0.663304938497569,1
1569,train,-0.9790107503288461,0.6932957532734124,0.07299125460725724,0.7393671920728309,1.4339616421509613,-0.3295431769300193,0.7299994290786593,-2.214488656605845,-0.041376643312105034,1
1570,train,0.1688560535661402,-0.3465108809362491,0.2957019318200127,0.0976725407819962,-0.02048549852678704,-1.4510647978063012,0.20750592403752144,0.026917555800952335,-0.08921315024922462,1
1571,train,0.5532709566127376,0.026991192569963688,-1.412047148125183,1.5657325010223413,1.824904648808027,-1.9375140770170207,-0.9065706016068045,-0.8185079278218014,1.1746552837743054,1
1572,train,-0.9591232123090653,0.9767080062112226,1.9755720767616503,-0.6743717190927652,-0.02048549852678704,-1.2068211009793508,-0.8690057931277236,-0.4341313742714775,1.3434587420485218,1
1573,train,-0.7308306456382081,-0.37276037894217373,-0.6685157209571553,0.6655121924928438,2.4074147924422435,-1.3984628987298866,1.8510732527743665,1.114771635941232,1.1463043899766137,1
1574,test,0.6140503565028207,-0.48808794125654553,0.3299016533929178,-0.8780332656277793,-1.2701624038115196,0.08579363207331384,-1.7197556047158105,1.170161706261511,-1.0458370477646117,1
1575,validation,-0.03567408905656294,2.0575648441470373,-0.5853839578934509,0.41193549636113874,-0.02048549852678704,-0.002245921521327114,0.8835307983521403,0.7410426362216292,0.4260658363791857,1
1576,train,0.05142237715914063,-0.8856557747067961,1.0338360253325658,-1.004480498750443,-0.02048549852678704,0.11530093359354807,0.4032035982547529,-0.27022017098056866,1.2441994582565568,1
1577,test,0.32754983403303617,0.5120256498295318,-1.2027716569102587,0.6925878062122237,1.191826093367833,-1.0633825219816995,0.4301413373930299,0.07050961081844129,1.552579859796115,1
1578,train,-0.1487679051213479,1.0641964848089842,0.08779764872042091,-0.8851848960961023,-0.02048549852678704,0.8456276779115829,0.5785190163086522,1.6061557260410966,1.2088747745657236,1
1579,train,-0.9173341598672173,-0.5035542572227086,-1.0392156152327998,0.5051702212852476,2.4730546402839884,-0.16006841920749165,-0.5724109434727481,1.1147150794728895,-1.5716768000746835,1
1580,test,-0.6501868111582852,0.0398330613558268,0.04474143202914985,0.1809131646073941,-0.02048549852678704,0.4542771996157462,-0.0719945172725566,-0.2959867980665685,-0.1703598725862241,1
1581,train,-0.743933932770977,-0.3064375013597329,0.7840117240422899,-0.731970518891195,0.11547907977256854,0.027010433110808724,1.0403452001375828,0.15562924213586132,0.7269810085028127,1
1582,train,1.796868855040824,-0.1784902989181481,-1.4497213216254747,1.6542272147361978,0.6470637206794784,0.18541682894562117,-0.2925007881096311,-0.20854758536075235,0.12941049091842738,1
1583,test,0.4440471982420063,0.8686051233028935,-0.2637645801430829,0.03816460149125768,-1.2049374296511834,0.07370883453042912,0.27224017539166484,0.5480321822170832,-0.34519385614881115,1
1584,test,-0.25073279183479813,-0.10907108725507897,-0.6609586006273159,-0.4535431223192423,-0.5319419553134572,-1.3769158203359295,1.1018300649394839,1.2088543175775832,1.3156937120585832,1
1585,train,0.6009406349950295,-1.005060991251243,-0.9628215400868141,0.23668838683075352,-0.02048549852678704,-0.7594054864638139,0.8755443922974412,0.026917555800952335,1.081165255891824,1
1586,train,0.7887065244485982,-1.2597769875352065,0.25355514648169514,0.3377743567708758,0.12279136297109465,-0.11992305628535484,-0.3053409527263335,0.0291834401361441,-0.5644862229386716,1
1587,validation,-0.37072857632780304,0.5738398241803215,0.8155169552204256,-0.05091922993276689,-0.5900776842689583,-0.023543560397063592,1.1276709910682734,-0.7055743706398686,0.13496018776344276,1
1588,validation,-0.20335862085684028,0.6106740396999609,-0.9919404495081042,-0.9542560826209878,-0.02048549852678704,-1.0355775648747494,0.2981904493599,-0.031860983563935616,0.9041513694071978,1
1589,validation,-0.05181582886716488,1.5992927077647285,0.49189429979146637,0.4215923143447409,0.03382484748889072,-0.2987553234085001,-1.0274461287272643,0.5840235879588942,0.8415618866653553,1
1590,train,0.4468188595777268,-0.5338501918349414,-1.0626282997605658,1.8022295063651355,2.4048855657054102,0.5397132912514641,-1.790147294483186,0.002914261333608677,-1.2244068704069162,1
1591,test,0.5678016810116877,-0.655372190675867,0.8822050720800343,0.20878163776276665,-0.02048549852678704,-1.2998169434308677,-0.9039219505410283,0.25344939989756254,0.8557152942831608,1
1592,train,-0.8927608595528482,-0.32672704746451636,0.5553392554915132,-0.8028209876816139,-0.02057402772390789,-1.4189282377191637,-0.5774884669403442,-2.1139071099325615,0.23506358305239833,1
1593,test,0.3319658808885147,-0.7267473675951676,-1.4771606196106508,1.5383486525600032,2.8140713539860904,-1.5056343876953753,-0.9955942010722352,1.670807928702283,-0.06467285901284735,1
1594,train,1.1229636230637774,0.20456487314600133,0.31458555702291846,-0.31336545914311015,-1.2397460955136574,-1.1236748816719526,0.7458482730502394,0.16956281024023995,-1.0507000474147032,1
1595,train,-0.11316823943434648,0.12210373449692422,0.6643549613686937,-0.35347216936899345,-0.3330065181832587,0.3160649123284784,-0.9118327679093542,1.6366049318640556,2.011865552342334,1
1596,train,0.9726776862571112,-1.196924776625638,1.2836195416559137,-0.2066198965753142,-0.7680286369239837,-0.6208778063716723,-0.2920213500096788,-1.463804266008011,0.07130241560994753,1
1597,train,-0.37102191670053214,0.6711304067842699,0.17002861771634079,0.050066563560128265,0.5937633769957712,1.937182885434081,-1.0774134718414368,-1.6061140645354182,0.3079351966524828,1
1598,train,-0.03567408905656294,0.9818085816142116,1.1776788674990781,-0.08460738139317421,-0.5404319704023065,-1.4591200813713612,1.515701933206218,-0.7509415888526533,2.003308816503633,1
1599,train,0.778170580863047,2.3791870211217447,2.132015936092126,0.020605624400041843,-2.5368180265911255,-0.12719559582716894,-1.3626841915721335,0.8415787979181597,-0.44971238502033023,1
1600,train,0.12943288630265443,-1.2446151154225868,-0.6326272149441469,0.34733224006877306,1.3005424354887056,2.0189610291508044,-0.597000388581003,-0.40793152614626804,-1.046146421215107,1
1601,train,0.02375834716763191,-1.0959200016876574,1.2193658633676283,-1.2510837724572874,-1.140624102727899,0.151897926868508,-1.3019645725828592,-0.2812298502194589,1.7625643521523655,1
1602,train,-0.03567408905656294,-1.0209187442233805,1.2577657513784735,-0.6419381305757936,-0.44914205025932735,-1.8284023750018115,-1.056143174043696,0.9765234522002713,-0.5067148863614681,1
1603,train,-0.7775855888669709,1.6072259959697652,-0.8008281846319127,-0.44013698953359304,0.05419719061454927,1.103758817801288,0.5102712524176978,0.027501915815526416,0.4236715699597715,1
1604,test,0.13264146287570022,-1.883664842527915,0.0421287539903908,0.03704160732447321,0.6614836376271833,0.6427512688101651,-0.9018549481147753,-0.7081020815808741,0.29502656916235503,1
1605,train,0.24584597047912937,-1.40812318777975,-2.008367756879818,2.16595692002206,3.9192966345230658,-0.8925305594054633,0.33299988073658454,0.5477707783129319,-1.5665458649144575,1
1606,train,-0.43680138493127996,-0.4183402794914565,-1.163390124197316,1.1611662992197418,2.043724237378172,-0.5297217181009473,0.5764676620987984,1.0909798361626641,-1.3808518290110596,1
1607,train,-0.03567408905656294,-0.17910175795709835,2.0472886630735863,-1.1716087944982934,-1.2520200836169826,-0.7745826181859984,-0.17838539142996557,1.6355631433768851,1.3030649482720071,1
1608,train,-0.11189661466804023,-0.0570775004652517,1.5642900295762858,-0.45178937062076363,-0.9346915635870512,-0.40875671382716944,-0.6975075027794223,0.23674340954437706,0.1917681999620621,1
1609,train,-0.4164623234438438,-0.9792661623358762,0.27680893978920634,0.32768216710394443,1.0817347297189428,-0.7384530882885766,-0.45882865995788896,1.9441709317116391,0.2093476013498087,1
1610,train,0.7946017933408963,-0.899078252678787,-0.4776164632104544,-0.03280853439649952,-0.2862229307132555,-1.855937976327361,-0.541622106385492,-0.306868716837284,-0.6084295583340998,1
1611,train,-0.03567408905656294,-0.1549602494572936,-0.32439929285239544,0.6550051510492451,-0.407265076208454,-0.9107305544130722,0.2473478034525882,1.1406112928193985,0.8053585562374365,1
1612,train,-0.2566499339257754,0.4402561764851554,-1.2541745719980883,0.5421250765893598,1.0915954959973302,-0.26862888480895547,1.3821046631325171,0.026917555800952335,-1.7015274806170455,1
1613,validation,0.10628276544244755,-1.3050904502934166,1.0619152350670227,-1.4268234326457467,-1.9939934785802411,0.28375233260562405,-1.043831475545717,0.026917555800952335,-0.7775332124597387,1
1614,train,-0.37825521765720427,-0.3767268560153875,-1.2495745535457548,-0.1686994654555991,1.2345033261033338,0.02988990028735041,-0.19659200708052285,2.199337538234431,0.7865714981550204,1
1615,train,-0.035568479115121926,-0.6514302684427897,-1.042577567801266,0.46076422238439874,-0.02048549852678704,1.7727112214508032,-0.3204427848050102,-0.31894658282078536,-1.592426279985758,1
1616,train,0.27934344190200494,0.25956429784577145,0.3691861967571342,-0.13422652756674763,-0.1612883483524301,-1.4161901329963116,0.7113248721018018,0.4346974938330259,-0.5002614421673821,1
1617,test,-0.08622482472379314,0.5411981484046556,-0.7747207240381982,-0.06226226037387411,-0.13741389926764774,0.4999264679022644,0.9616317836882082,2.413876826034904,1.1779701578805055,1
1618,test,-0.03567408905656294,-0.5306080825457414,-0.5946238225958762,0.8154334019408996,-0.43898039126322247,-1.2367430573981193,0.3945414707053433,0.026917555800952335,-0.8228487542849284,1
1619,test,-0.08289499173731835,0.2593287129722798,1.5267709727946626,-1.2513436389378387,-2.172040092309577,-0.8373078383498963,-0.19774388406791313,0.026917555800952335,0.7108651304637943,1
1620,validation,-0.39110159410437323,0.031815884598093196,-0.1925921701119326,-0.14598798864964238,0.526979762245248,0.5511292146716338,-0.9805344463285262,-0.09215433168616126,-0.21488529691515906,1
1621,train,0.6707481506635229,-0.17522062826133208,-0.587260355457684,0.5863775761957137,0.46013662639107444,-0.1207079954236896,-0.6027282874098058,-1.0842074162489945,-1.2141503695637534,1
1622,train,0.08802395353496703,0.5224123257537855,0.6331804600228282,-0.1132651625341247,-0.1676592100310891,0.36381362640121273,1.1334026895226426,0.026917555800952335,-0.6616564488682837,1
1623,train,-0.19964536556651152,2.2948855045598884,-0.8497064049897128,1.7609124774143128,0.9617039843706885,2.251020539391824,-1.4920520341838748,1.60237884613582,-0.6810410892366336,1
1624,train,-0.07412298464537814,-0.6528039266370265,1.580499725880515,-0.9986648852984803,-1.2020040037060407,-0.3319772847121821,-1.2171807097406053,0.01921011763638622,1.6439895214897688,1
1625,train,0.23021191518051135,0.20233304596821694,2.0866235130186075,-0.9313373574992182,-2.1209465469573034,-0.32314437453985007,-1.6025341903507755,-0.8300586081513049,0.6593881805830122,1
1626,test,-0.3942032685506223,0.9101787662216779,-0.5499725728271558,-0.09883158143602629,-0.42777081866653655,0.6914255844045313,1.304223318792813,0.9091163532489767,-1.3808778605540912,1
1627,train,-0.31740984346688655,-0.6877566658407125,1.3010285527193026,-0.04666889519799805,-0.21019585937920837,0.6400080429737843,0.5063042322368889,-0.36615091378737247,0.8062380840342634,1
1628,validation,-0.21398934467232358,-0.5635976114055672,-0.5501858007542902,-0.028282093706859524,0.99093084000355,-1.5848792798580316,1.358235574411889,-0.20589604818232976,-0.1588858776135768,1
1629,test,-0.5053901560341568,-1.7396151386146397,-0.4274881161819992,0.7877041107503574,2.3007622403722556,-0.9925378570476939,-0.2904822936245762,-0.5004275777669513,0.061569142771581924,1
1630,validation,-0.01716817699613159,-0.1585393503287253,-0.6079108853558883,0.8340922632256821,0.9345486960225176,0.4313820235202098,-0.5168693905712701,-3.0793016802119144,-0.042874627733346424,1
1631,train,0.3099094764698162,1.8930609124290436,0.5901229048881049,-0.05918902957980194,-1.8404863141115915,-0.9342213400461254,0.11835595184031551,-0.44099192553779043,1.8625142231011307,1
1632,test,-0.03567408905656294,-1.028352899830534,1.674326838060361,-0.9870306564843614,-1.3510822696944578,1.1660465321774047,0.04025546516686255,0.808076985820745,0.8629385263831334,1
1633,train,0.2769037802926546,0.06880780949348927,-1.7004616984567866,0.8954884227196601,-0.02048549852678704,0.1537877065019859,-0.9840106509476446,-0.32836800524465853,-0.3254360224031784,1
1634,train,-0.7125775968229457,0.9290081574705714,-1.0044675358814537,0.8597100806939665,1.6081183565019732,-1.498833405956886,-2.184797742369071,-1.5797093968587665,-0.48163575484398263,1
1635,train,-0.03567408905656294,-1.165410134912832,-1.4901722010029679,0.6276770715735299,2.523420844010973,0.5309671355771032,0.33346639337919814,0.5556734628185955,-0.7400499324033325,1
1636,test,-0.25693114082779867,1.1096022121031779,0.6905200865678035,0.48870357999781155,0.09030791975272359,0.18752884025588762,0.0793746600823413,-0.1264754847291716,0.5128045860700654,1
1637,train,-0.03567408905656294,-1.236116839102338,0.577199739408562,-1.3724849141733235,-1.150763459846973,1.5557796383364693,0.004028810165562763,-0.8007573491374563,0.944758616210063,1
1638,train,-0.03567408905656294,-0.31738119089919603,-1.6226747582471441,1.4686292409749344,1.9831814902598721,-1.7209032506271933,-0.4290690104991794,0.3846497077264186,0.1859311663900885,1
1639,train,-0.22142223039716727,0.6568418221058215,0.0826745014658397,0.061898397567590926,-0.8002956797101443,-0.5606846360565012,1.3995598492900772,-0.7796227679771852,-0.423127106811172,1
1640,train,0.2741622953656191,-1.3950407171117445,1.0602660268974644,-1.5657649094536272,-0.02048549852678704,-0.9418691247138896,1.4300891676682104,-0.822609241708977,-1.5631891014686388,0
1641,train,-0.12252057187117092,0.9880483949459399,-1.249373261210867,0.4333415584382073,0.7819526844752095,1.0500459735666001,-0.47708664703557785,-1.6205517889749341,0.21861088444201052,0
1642,validation,-0.03567408905656294,-1.2706110139082,2.3676487999907434,-0.7898334631102726,3.1703525944243345,0.3474673623318974,1.9631524142051642,0.6983796122803111,-1.437778876344824,0
1643,validation,0.18031632089243996,2.1739504681481754,-0.6824364376742441,2.1667535415032466,-0.02048549852678704,1.4021301209905532,-0.2618092697734758,-0.7286898908539345,0.9653086991305991,0
1644,train,0.5187632106985665,0.837828027832987,0.1649995632640694,-0.7319243550202901,-0.9177774723786153,-0.49328269669626346,-0.26224033454054285,-1.4602705675727377,-1.896252892924287,0
1645,train,-0.03567408905656294,1.008281877434821,-0.21154002466668934,0.31873568094848737,-1.328881686191419,0.7874177269071104,-0.9902963084996731,1.211982603926588,-1.096015793840123,0
1646,train,-0.6156421773690265,1.5971029811659432,-0.7310007850755978,0.5714517310478201,-1.667921606661063,0.734975983723397,-1.3973125897581518,0.2268502096058956,-0.34083645435743515,0
1647,train,-0.2235888460243329,0.38740663040221157,-0.9096878787632722,0.2868109542159791,0.021886593122107934,0.8760398758785574,1.552648559125884,0.9494178640505635,-0.014507505301150497,0
1648,validation,-0.03567408905656294,0.5188914430230459,0.7343667087478936,-2.1588930532588257,-0.02048549852678704,0.6877980747574284,0.45215455070796323,0.8044258948321146,0.43660028791374733,0
1649,train,0.12425920285154926,-3.0116901090757535,1.6702969566840016,0.025996812112692086,2.4541384935642125,0.9230254207836573,-2.111870485673838,0.6446885827333125,1.255568334745962,0
1650,train,0.7721031211236182,-2.47201628437293,0.07412853888595061,-1.3063349700720954,-0.02048549852678704,-0.24198622820020912,-2.3039865248403446,1.57646895297212,0.35240277154509553,0
1651,test,-0.0708191560381592,-0.9989333603169621,-0.47675260949906817,-0.38476023070088866,1.0689789403335326,0.7975593582864317,-0.7948561705782261,-1.1031537780085985,-0.0017895332567291968,0
1652,test,-0.4780025175458214,1.2021123026171436,-0.3222526048275593,0.7410844766061602,-0.02048549852678704,1.0290477540585927,0.5872620159207234,0.7428691827013632,-0.8590850023323737,0
1653,train,-0.29688792277377607,-0.1495473261901877,-0.7555011825346448,-0.8943592551483625,-0.02048549852678704,0.5306416521449228,0.35926745403234683,-0.6074398198035047,-0.18040515054554485,0
1654,test,-0.8061838491266797,0.28172493993156844,0.9748090074212847,1.4636077972572494,-0.5915128997192308,1.0395410500237845,-2.4345376632434688,-0.7004179705909123,-0.14307166854763767,0
1655,validation,0.12038235471664645,-0.23425231506221367,-0.04816661223251306,-0.3241311477359508,0.6261243095582888,-0.46476308234189506,0.03905857087657533,0.9483854795663262,0.528074080270789,0
1656,test,-1.0267784884230797,0.8168384358627254,-0.8264248423949667,1.6150288465217617,-2.724578616803132,-2.1572194733743415,-0.6162749743506831,-0.4179138641690206,0.4137846142160375,0
1657,validation,-1.1006600323588864,0.009425486808292388,-1.0164893644041584,1.3506686335161322,0.3734478160824316,-0.8974947585647775,-0.4593164284768547,0.06604023405403044,-0.3235752306238376,0
1658,train,-0.6767750328450526,0.613406691221979,-1.053395071506924,1.3708661264248867,-0.43497888638280424,-0.2288348031594976,-1.0735295019305389,-2.2276827205111385,-1.3137137557927854,0
1659,validation,0.763440432368077,-1.56069928103731,-0.43625918992718904,-0.32189188223571163,0.7022034845141658,-0.09366468162672104,0.48730148183698124,2.1923990203754364,-0.29531616396693633,0
1660,test,0.3992448737163969,-2.249064542072083,1.3690875896329873,-1.1718047080797287,1.5632261692258536,0.4310604668913268,1.3567282580551623,1.063864895976345,-0.04736013484381969,0
1661,test,-0.19946905715508867,0.380237809273294,-0.18952068025895474,-0.8056743600186533,-1.24857805349358,-1.6847226907746728,-0.592459692243943,-0.5585667494987893,-1.1340260972355953,0
1662,train,-0.7334504840452767,0.9241077597932854,-0.17466562302786412,0.6662562786764694,-2.974295378499578,-1.8735151145154356,-1.4112908514480458,-0.8541126451963709,0.08170213661420882,0
1663,train,-0.03567408905656294,0.23486502180032004,1.267531704026833,-0.6864970692619318,-0.2558730968933369,-1.0889520544886693,-2.9952923991813862,0.3214967746250571,1.194823205433721,0
1664,train,-0.5090723137741854,0.5317538916580749,-0.8188568381070214,-0.31942830276582235,-0.4895305518347777,-0.7049767278130424,-0.6254768200500811,1.1122963406399975,-0.2328086837185838,0
1665,validation,0.2649403245513598,0.8134956707304668,-0.21417199063162448,-0.8267918274966194,-0.44251396041716795,2.000764800719115,-0.21629798190093363,1.4788931630335118,-0.11911370409253445,0
1666,train,-0.03567408905656294,0.535465175536879,-0.01628573597347215,0.7326269734587647,-0.02048549852678704,0.5598307568811558,0.44144191636921704,0.44695753979651787,0.35232841470645615,0
1667,train,0.20153572892725333,1.2627187171825092,-0.5635833237955965,0.0029454060495356926,-0.7590388329536716,0.6244041172803465,-0.3088215596491474,1.6950592235653184,1.3549516101136487,0
1668,test,2.03124307166152,-1.5969664519891986,2.037457122143544,-1.61604927842752,1.5677437424517209,-0.15952388399573303,1.038582629707835,0.026917555800952335,-0.24817201653610982,0
1669,train,-0.7952855571600805,2.376481786923723,-1.6897432611910967,1.8519536433819637,-2.366585970251313,-1.3157978890766062,-0.6644042960163281,-1.6901007235827998,-1.7710878479287608,0
1670,train,-0.03567408905656294,-0.7669973262617087,1.9526570792292204,0.7903465886158254,1.4316257313027707,-0.37655856726570897,0.8987167239151551,0.4771738883365337,-1.6977347051295335,0
1671,train,-0.6530614081972623,-1.380061213416787,-0.765092568468136,-0.3029958413848555,1.3318077447462127,-0.491234311678104,0.721386038916436,0.19331428415354626,0.30831331705905757,0
1672,train,-0.03567408905656294,-1.8225488476050526,-0.13890179029090277,-1.953907614483781,1.6439303953735314,1.139054301333821,1.5252396694767518,-1.0195234856137654,-0.8547729616907724,0
1673,train,0.5394852921286633,1.6603399203264848,-0.6912205066127468,0.6097581961047991,-0.02048549852678704,-0.4527641765341729,0.697495960476803,-0.4354630416718819,-0.07283509236029627,0
1674,train,-0.723727203182406,-0.566909698311446,-0.3241408469334645,1.9417617619650802,-0.02048549852678704,-0.33804708729546584,-0.43506185519954815,-0.332540300056727,0.8825876700927573,0
1675,train,-0.03567408905656294,-0.10891446893312728,-0.1047047000796142,0.14609473912991308,0.7031363790880711,-0.13026377634537964,0.7719210344648483,-1.77512194969991,-0.19495684448010822,0
1676,train,-0.03567408905656294,-0.9201839652603708,-0.7974842760111424,-0.18394570376810185,-1.7607240065456882,1.3353510507750332,-0.12990841320290655,0.7245419210757998,-0.685492735009018,0
1677,train,-0.33947641176080445,-0.9119316235009746,0.9555621598502968,1.5023315209773782,0.17639435693948186,0.025696927267785614,2.744293994037338,0.4234915238567293,0.3897347382225489,0
1678,test,-0.5047638348817924,-1.215950551429979,-0.08362584096156021,0.11089763620201919,-0.4110811275661861,-0.948662219567789,-0.07488652793132286,-0.1083660031823088,0.7822494704646852,0
1679,validation,-0.3071104882630081,1.2750425284905786,-1.0226433305001164,0.15593425867634483,-0.06922256675121524,0.29260894287231165,1.644971331863731,0.4489440481189818,0.4986983272965455,0
1680,train,-1.1460711000949813,0.036703873070723064,-1.3481639365301636,0.48717689183927815,-0.02048549852678704,0.9355144005170972,0.9621398291139768,0.713927747367896,-0.5308418518854205,0
1681,train,0.25603012851597523,0.754599400256521,0.4173016671001309,-0.10601162599991645,-0.02048549852678704,0.1309668598874571,-0.35941879624597456,-0.5091090511093306,-1.991315012710119,0
1682,train,-0.2548023437487342,-1.4854328545917226,-0.10154593142173082,-1.5349217950138292,-0.02048549852678704,-0.340801990010203,1.2441854046377665,-1.6237483875881167,-2.919694115713409,0
1683,train,0.6609413141544673,1.3000211541520519,0.7660751079027616,-1.2462449611426083,-0.02048549852678704,1.8045195520549915,1.0750556760484502,-0.6188112036501089,-0.5709398346491962,0
1684,test,-1.1702452669561594,1.2740146546689317,-0.6318262111684009,0.25597948541823545,-2.14966553988547,-0.4247233314476915,-0.550330872656115,-2.472947367601648,-1.0102957768276535,0
1685,test,-0.11144534854815336,1.704968244201548,-1.2210007548117754,1.8045643189658331,-1.3203114326783518,-0.7316787129225898,0.8739963508074388,-1.4227600227580666,-0.8865089202611168,0
1686,train,-0.03991386154132848,-0.37503305627774297,1.1205585908942721,-1.1620532576499158,-0.02048549852678704,1.614712058289334,0.0394991653003548,-0.6227847881221557,-1.3347751372459493,0
1687,train,0.6060371250086669,-0.703993461937955,0.5729653072248633,-0.6489533143191675,0.1130866741313403,-0.9890419162638839,-0.1549126599465805,0.5968468468129041,-0.9909280709646023,0
1688,train,0.6447119957665625,0.7939881282463919,-0.4187797284814147,1.032676711076637,-0.5314163137204614,0.3078412421135223,-0.6724208206810862,0.7878765037204344,-0.8081486152108884,0
1689,train,0.36081356083515986,0.5200828707137277,-0.4798558475494072,0.6443887847467622,-0.02048549852678704,-0.5411543840496795,-2.818281748200447,0.2988548158913815,-0.6814674812312558,0
1690,train,0.3809122479331465,0.40269271102219883,0.008095955436584694,1.5153716481369204,-0.02048549852678704,-1.1137220868861297,-1.652108877038532,-0.15656643346621446,-0.266875210262942,0
1691,validation,0.44064460323770344,-0.848070543333374,1.882681922799837,-0.6658254402770353,-1.0021754287158586,1.2064595327504335,0.552868796507466,0.557196307343652,1.526089565965049,0
1692,train,-0.5553268347360557,-1.288408265192478,0.1406687201857383,-0.1645825038835164,-1.18414179299989,-0.08348401639289657,-0.11704078543104895,-0.014326330014117745,-0.743155863639505,0
1693,train,0.1945960583701607,-1.2588976257509168,-0.2880576178845525,-1.0355685997166144,1.8157379814235566,-0.451957840878182,1.1884164279320029,-0.1532903137068626,-0.19071493951864757,0
1694,train,-0.03567408905656294,1.3625698375706816,0.44181732235927956,-0.8738642827838526,0.002181658588329959,-0.5139024468104535,0.08175038667472033,-2.0405718673345326,0.21933575236737002,0
1695,train,-0.5199431988842734,-0.9470051785250553,-0.15168206441247842,0.31705648478626747,0.5620503742400373,-0.06966970233832658,0.16214981813504026,-1.2721855632446988,-1.5885230152589631,0
1696,validation,0.14025137867502122,0.2602507545748082,0.4895386802885023,-1.2207013920412744,0.6583060911233982,-0.30959479062550654,-1.9284036510468263,-0.1532968044271296,0.933176079536574,0
1697,train,-0.49534144870603547,-0.9838852520168555,-0.4866458508512414,0.7776447695075204,0.31093587446258697,0.036554348578841565,0.3259675386345964,-1.210186108196979,-0.7101382009937,0
1698,train,0.6059122453020549,-1.1185508205388859,0.8721955739393379,-2.891675649972955,-0.2682199361472423,-0.6998451773192029,1.3552552484626013,-0.7501420819308995,0.12560408905558762,0
1699,validation,-1.4573336983602234,2.1702054688679313,-1.1317524132944614,1.1095348358195007,-0.02048549852678704,-0.13041457619167884,0.3025200890398375,-2.748366833206648,1.4065995814905525,0
1700,validation,0.4195715627673419,0.7309574503559447,0.86701068187547,-0.4615614038864471,-0.3040650886788454,0.20908365763223868,-0.3782782591558527,0.742253204349009,-0.23577068892286265,0
1701,train,-0.7008818991799304,0.9646829536308301,-1.3200691796824033,-0.6935393175497145,-0.7421789187468438,0.16644940148958506,0.907142457851778,-0.049256537214049205,1.1742783001777601,0
1702,test,-1.9489413031085698,-2.3341579828759076,1.429019088022208,0.538199402990312,2.135396727671036,0.10822644002195754,0.04035343860385018,-0.0960733958824277,0.39366325829025123,0
1703,train,0.9952190611835756,1.7960550764797443,1.0518855202842856,-2.1665782374379194,-0.02048549852678704,-0.013684795664726846,-0.14713453578218558,-2.006987523846732,1.3631749856823725,0
1704,validation,0.45484720718960564,-0.4491916646923785,-0.9285667044627447,-0.17435898020058782,0.10795935973333885,-1.2297627232944348,0.29589208277692347,1.6564333724948797,0.9650026350888253,0
1705,train,-1.018466357708238,0.7384883664988916,-1.4891387142659311,0.7631302240628185,-0.9227808426052075,-0.1883919214128474,-2.3817435167966825,0.9202064389627027,-1.02970719169362,0
1706,test,1.066008950215742,-0.5557211591354189,-0.3767904458420832,0.08955277060009502,0.6162615660170679,-1.2139009510754653,0.31104294593365184,1.1195588051381964,-1.137042060635569,0
1707,train,0.5549815656107288,-0.2764634643971718,1.1832530075997518,-1.3086324992971101,-0.3649748075402401,-0.3431808255092846,1.7161551967545559,-1.2170330043617896,0.6103581356458551,0
1708,train,-0.7705558874398192,-1.8336707313619436,0.716066656271432,0.14571416134199733,1.5375195774157924,-0.04966658605878383,0.33953298202019405,0.1807628966149986,1.021601658382366,0
1709,validation,0.6509294204926849,0.15592981047345258,-1.1327623917973586,0.06431256577016024,-0.9178924007807476,-0.09175433126284681,-2.1706589550650133,1.5617984625075896,-0.9587102890822838,0
1710,test,-1.8864436003392,-0.17168910469123183,-1.0292741967451438,0.7068538367334124,-1.3422483152283133,0.8857014302880776,-0.2333200076847339,0.6544275751485347,-0.06044976448504579,0
1711,test,-0.2567120772844964,0.4001784112401126,-0.7989640925528873,0.4437455903740462,-0.02048549852678704,1.5486688680538083,-1.907878656534196,0.7680702058123334,-1.0296894055398638,0
1712,test,-0.8377572654062428,-0.30382879171114713,-0.23030254463795452,-0.2998849963694563,-0.02048549852678704,0.7617358713100733,1.6540819345417972,-0.06828162097919965,-0.27363848186428386,0
1713,train,1.1800685781579243,-0.6425697254820699,0.15466641105891002,-0.22818294771420708,0.9153528901908875,1.5293193722505216,-1.9979619675928129,1.6049926297818813,-0.1365249675686531,0
1714,train,-0.03567408905656294,-0.774966980883752,1.9795782576733434,-1.4869857970814195,0.5663227613822924,-0.5707577936492497,1.8197069643795314,1.9836832471038197,-1.4812533102115633,0
1715,train,-0.03567408905656294,-0.09636289094891849,-0.24390387301001792,0.29396478658355957,0.24306225512893737,-1.2973240260381078,1.2994755520402659,0.7346804058528226,-0.6257510023091861,0
1716,validation,0.2671006045215626,1.515931526345186,0.6027008054492151,1.6790704253544375,0.20160075343071793,-1.0878661380794765,0.5977055896565143,0.7278813351806536,-0.6300010797710894,0
1717,test,0.41352865114559156,-1.2729797530147666,1.680321706934138,0.3698730603363608,1.9593257537708384,1.3421620245393657,0.5968752582770742,0.7265523351734926,0.09160309212869013,0
1718,train,0.192866933949135,-0.6247868141999138,-0.5862254359260369,0.6016861599087225,-0.02048549852678704,-0.9025575973960129,-1.0955320414180987,-1.8222486512211673,-0.19647707278262036,0
1719,train,1.255300693394075,-0.26562142674707945,0.037047200914721704,-1.7722162268332375,1.167464391797183,0.1296844480160603,-1.7333758532642365,1.6927627862019317,1.9225925653783442,0
1720,train,-0.995933062684722,0.7639846083130237,-1.2167183845003529,1.066895313401662,-0.5204376744378029,-1.2527661822850575,1.5445088189061498,1.1571929752960912,-0.6778781154562968,0
1721,validation,-0.43125377789606617,0.149415882132163,0.667871602035247,-0.8984239387472728,-0.4865344658812364,1.7876457775491708,0.11587797493772757,0.026917555800952335,1.624879407316467,0
1722,test,0.32844786336767845,0.26587386813161124,1.0253843069265682,0.44832168844028863,0.5589454536985647,-0.4029891493809625,-0.6634605907851673,-0.1489121397373879,-0.8896537881998369,0
1723,train,-0.6593315592600655,1.3562710245850023,-0.6884087408011464,1.8637359539710412,0.15323494101885476,-0.25481254819185806,2.1540740049756186,-0.1930267661797932,-0.3161549493209657,0
1724,train,0.3479951277260939,-0.25584906008660335,1.2582170071331014,-0.21900683225164538,0.8619258286754081,-1.2493612420247564,-0.11643765758774499,0.4639430652300739,-0.6051800872489682,0
1725,train,-0.03567408905656294,2.5287634979278604,-1.1875352548322693,0.9277453826540125,-0.5399010753318119,0.4885011588552533,-1.0352315033848882,0.18110403206554748,-0.913780435314681,0
1726,validation,0.03209266425568508,-0.9443242815693595,-0.32374684378038027,0.3696455861989029,-0.02048549852678704,1.0228503057177585,0.6619686813219632,-1.2028589513324899,0.9492554441070206,0
1727,train,0.21489321710509857,1.8786526060487643,-0.3732303774656637,-0.996855003237721,0.16522311577975912,-0.9037608865227403,0.21875879966310902,0.4367098782147759,-0.224726002776869,0
1728,train,-0.05555666189836966,-0.8510462240257752,-0.14748083609720838,1.8934198612879882,-0.02048549852678704,0.3654799270493848,-1.3616893116255357,-0.5827574332529575,-0.7908136151918037,0
1729,train,-1.1837574116113652,1.2807270138239326,-1.308740035480795,0.4520380258445163,-1.4294193030482178,0.8425149591121489,-0.5015140298534035,1.3451279040571442,-2.0562024795605733,0
1730,train,-0.6114610502196123,-0.6719560889915888,0.043767936353512484,0.3186373419095538,-0.02048549852678704,0.6297942538106969,-0.15897546617928884,-0.9265431370312114,1.5790810575406964,0
1731,train,-0.6903403273033715,-1.0785224837089349,0.5633895854046638,-0.5330683614014096,-0.02048549852678704,0.7132901311641755,1.3817500773022569,1.0031181074798083,0.9316915450229619,0
1732,validation,0.007819916859700505,0.0004151292881151056,0.9583984342004156,-0.6929617077850136,-0.7035445047001627,0.31997504704897894,0.5503048569005564,-2.1903451804520864,1.138617671860294,0
1733,train,-0.03567408905656294,-0.2132988167455079,-0.5778595144768373,-0.04091387572073149,-0.02048549852678704,-0.215862573954157,0.08612832932410681,-0.37880514394307274,-1.1228024996971049,0
1734,train,-2.1483274015264477,-0.15493528700435974,-0.5105898427991523,0.3709256940398068,-0.7508926940795561,-0.27002090206757196,-1.4333739589058518,-1.307822193644114,1.393804908656105,0
1735,validation,-0.49775014007734164,1.4749249892893104,-0.9054599703532704,1.2974335245191075,-0.02048549852678704,-0.30114361355544716,-0.5334795455097416,-0.4480802540622808,0.2360983691763655,0
1736,train,-0.7386548340912923,0.7047327033346605,-0.2809568931142981,-0.6650857821913225,-1.9096370749706586,0.8563965070398845,0.647729413195158,-1.2556793948038205,1.3760777526546584,0
1737,train,1.2360217045527326,0.34892777692608495,-0.443790075171982,-1.4352314840268279,0.02057557998589102,-0.5772416225467364,0.04124107947259922,-1.1291874276987972,-0.05402594640428476,0
1738,train,0.19829014125174954,-0.05679913463650941,0.7913873942337931,-1.2604183156306223,0.44385970263797586,0.8263220375743819,-0.004971869528446558,0.6956376847560223,1.4789172872813294,0
1739,validation,1.2903060675136542,-0.38040264999793894,0.35884772036960316,-0.5187019737451657,0.03829247835105085,0.7098012416175494,-1.8305974061499757,-0.13772820791743487,0.37605695452974397,0
1740,train,0.986019306017539,0.6047602645058002,0.9621827772149782,-0.4972776553437786,-0.07810409361186736,0.10071272869466724,-0.7245088412863652,-0.6461331808288205,-2.0342053627911083,0
1741,train,0.08813430875139547,-0.6154437956003893,1.4696744729093798,-1.2055065276397423,-1.2664268023352798,-1.180680689414516,-1.2042725220365826,0.7062358699478548,-0.6053375693248603,0
1742,train,-0.03567408905656294,-0.36944096420020384,-0.8474807601825237,0.6435116855299836,0.025563379267680077,0.5464532115684256,0.5535814251542085,0.48118051388283706,0.7829119186960833,0
1743,train,1.233288970811448,-2.7379950758515985,0.6610699897851033,-0.581796051775667,3.4680235133957362,0.20873812975497516,-0.08223289287212585,0.7751195830441313,1.0017382125554368,0
1744,test,-0.34130509640827317,0.6884497948903526,0.016748393696980234,-0.06798337097641341,0.41405721910923504,-1.0696254995484673,0.2797511571215664,0.18153435313053876,-0.3861611891267157,0
1745,train,-0.03567408905656294,0.23044488394189122,-0.8136467489346616,0.9247666428711959,0.7295619805575391,-0.842691147961393,0.27510426094401935,-0.4545056121041207,0.5199907241483139,0
1746,train,-0.03567408905656294,-1.1071628453085633,3.1083516783361254,-0.4689780984141571,2.078306643956257,-1.2333701847988996,0.04393764497928423,-0.09331511100793327,-0.8737009867742537,0
1747,train,-0.7471863115681442,2.4262195862586586,-0.06661337108603348,1.1485143250295453,-0.02048549852678704,-0.9106069266651741,-0.7588698403643116,1.654701405987225,1.381858678449769,0
1748,train,-0.16534399622299026,-0.9207890986390557,0.7340308015523037,0.01160458048947053,-0.4128180074159191,1.2841739083407897,2.2043816929723787,0.7674724632025757,1.434122244605367,0
1749,test,-0.03567408905656294,-1.1920078476443468,-0.011147593827324888,-1.053407270973743,-0.02048549852678704,0.6286495844867488,1.4271679072348602,0.8926414184683545,-0.18553739258974114,0
1750,train,0.04223364097096154,-0.46850838922131754,1.3034119141943297,0.8004147692318272,1.0813046118903367,0.7039594364316527,0.3689633734264679,-0.8431549741052454,1.0285496865490287,0
1751,train,-0.03567408905656294,1.2560695472054821,0.005506685362519163,1.1615956427832872,-0.4297761723621289,0.07881492612630181,-0.7949858473322323,-0.4019032028394756,-0.03525765144172404,0
1752,train,0.2883194290986044,-0.7422034840471056,-0.39671579774524773,-0.11797882509760556,0.48322347951195027,-0.6275803949419008,-1.0969594860966712,0.17331036529696192,-0.3425284637344237,0
1753,train,0.6216464211372039,0.5546673884523824,-0.14099146472195487,-0.5643007683899929,-0.5990681226110949,1.0543789766875744,1.0521384027098486,0.264506031341404,1.0828537755561372,0
1754,train,-1.3001762132655073,1.1525692318684002,-1.1458444621547426,-0.08462681841899014,-0.5172669467445914,-0.2574900413623602,-0.15059420499375076,-1.897019017292838,-0.3602469139960776,0
1755,test,-0.03567408905656294,-0.17073467472742604,0.1545482706616171,0.02184708685287575,-1.1839788445729151,-0.7746759469365726,-0.48472233724901953,0.18739459580751552,0.06084791289406466,0
1756,train,-0.41188621921194096,-0.48308904226098975,0.7228849410199855,0.03924940323566535,1.032099907275059,-0.7112103961691044,0.8194684994599397,0.026917555800952335,-1.1269193849666883,0
1757,train,0.49524415662235083,1.9053666937665048,-0.10271249301280734,-0.45815785019701766,-1.227011635851052,-0.08455868853765537,-1.4171453062594863,0.35399034756553033,0.7355474411136702,0
1758,train,0.24041826571789685,1.4100517850908096,-0.18537702663663733,-0.6077511984656099,-0.7594143426275242,-0.17671511454205874,-1.2240656251469357,-0.10065426829020842,-0.13297495664796205,0
1759,test,0.5921687266211489,-0.571725444311323,-0.3570424081048873,-0.8707593294377737,0.9445585973500373,-0.8837074539161937,1.338333677191741,-0.29498158056108414,-1.4202308631898841,0
1760,train,-0.4680688017788431,1.4405381055273176,-1.0852528357156397,-0.18849987879323796,-0.02048549852678704,0.7574518435361949,1.032233363609301,0.026917555800952335,0.27798396461091823,0
1761,train,-0.03567408905656294,0.35691139458503074,0.07167045903283605,-1.054744206382719,0.11647021846787835,1.3915854068269995,-1.3104471959696682,1.1694088346768972,-0.4813454117723933,0
1762,test,0.6631489733466093,-0.16682857338445198,0.8517769236785514,-0.603071790575976,0.6267568304459695,-1.8425044944041868,-0.507145793872405,-0.03841024389146807,-1.074475693883478,0
1763,test,-0.03567408905656294,-1.4368345506251885,-0.17420097031926088,1.8123495007735102,1.3536167725382755,-0.8973810883322108,0.838108437626089,-0.7806186606966897,-2.4833193331570267,0
1764,train,-0.03567408905656294,0.7436259917598941,0.5324576279948107,-1.3379012495372664,-0.02048549852678704,-0.48098604404814327,2.0869234365041325,0.26293063238847425,1.1566565235248483,0
1765,train,1.642925824668972,-2.213937320072762,1.3506169208984786,-1.4220964440434103,2.563904685355524,1.2599212402892053,1.7457425139204008,-1.0334715174663034,1.6256033519832889,0
1766,test,0.6131600169645884,-2.31861267584014,2.1505476109881316,-0.810134577996219,3.0630272951528186,-1.1029029118503841,-0.4421018669161043,-0.4339986909449714,0.7634367056421034,0
1767,test,-0.5602914517195993,2.260099221550949,-1.5071087888740584,1.7601403677946659,-1.3043064786816505,0.7758576013110912,-0.4091783133025391,-2.78198069483237,1.000182960529778,0
1768,train,-0.08597352871291654,0.6901396594788783,-0.181957429949155,-0.02678938046756923,-0.7462838536967841,0.041621942465671476,0.967714727239247,-0.6135706263993502,0.7888397385051755,0
1769,validation,1.755871438375031,-1.9923833402868805,0.29290947100657083,-1.7837917408260722,-0.02048549852678704,0.011249850644118304,1.1868599214146731,-0.0479730514657081,1.661552180184933,0
1770,test,-0.2392173411133635,0.03204487411262717,1.3664728800282742,0.18671563769282104,0.5314932463817317,-1.3142239077465216,1.5530633118128265,1.2202267077963596,-0.10927909915393703,0
1771,train,-1.4964474185485912,2.3353149538364395,-0.7190444139493738,-0.06972707518552454,-1.8471022520259262,1.7450931929990272,0.9292875628393239,0.8543094762359861,-1.1399935800780532,0
1772,train,1.719830040009412,-1.2195234216486401,1.381699917554627,-1.5315237560415267,-0.02048549852678704,0.7072865148135031,-0.9838918835855608,0.026917555800952335,1.2673824174999033,0
1773,train,0.9765929711194101,-2.098069379648955,1.1613409275981297,-0.646955467695288,3.4222719390377034,1.5547646311700063,0.5238288579283368,1.3533023426371795,0.2254514565678035,0
1774,train,-0.09075028046395976,0.15581562065959528,-0.011918789921088725,-0.6083064565229092,0.5075310837207445,-0.13322577048212997,1.6579948146472152,-1.069786606213298,0.034670177883326506,0
1775,validation,-0.7223850338101275,-0.7965027831976939,-1.2393132743882154,0.6877869848249406,-0.7696500226547177,0.9965819378007638,-0.617763892198431,-0.19960521066657178,-0.3871728324071515,0
1776,validation,1.3121993869751736,-0.8827256700288308,1.4853749062757977,-2.465788792868217,1.8363616538785996,-0.5248564544179454,0.706772048779442,-0.9880510382104241,0.3835470403161344,0
1777,train,0.5873279939938535,2.4639293755218463,0.27653674409532175,0.28915425229092273,-1.6597538497133135,-1.4932732780378162,-0.7549381854584932,0.24729707670979192,-1.1922817123275347,0
1778,train,0.4258725295233665,-0.2120342945793844,1.262889127397624,-0.8343005270202946,0.9320408319628695,-0.37158100514300635,0.29871287646021316,0.026917555800952335,0.21682645586231553,0
1779,test,-0.6824943480301273,0.37813894968089895,-1.3309610751222116,1.4390750986716632,-0.02048549852678704,-0.21550075588254655,-1.9174461296166643,2.220687039424529,0.05009394577258248,0
1780,train,0.723094525618491,-0.16362656338735646,-0.1488303205696715,-1.0094473554291248,-0.02048549852678704,0.22108332143871373,-1.4828427746257042,-0.5547599059394478,1.543582054453783,0
1781,validation,0.7201502234174518,0.41849818841917386,0.41190084290705187,0.8060685125583607,1.4119334567435176,-1.3080248879448577,-0.8506052650242868,1.2157117293176127,0.21238500557514914,0
1782,train,0.42161027178795446,0.4481688848410272,-1.0189041383275508,1.3384707913903162,0.3792029608612858,2.1035291062173354,-1.1385391251819548,1.5844179229928583,0.9734657138934272,0
1783,validation,-0.03567408905656294,-1.46123169057978,0.668466867931782,0.9742324561076885,-1.3422535494824224,-1.7190669894032584,0.4505426375733881,-0.2129444963577026,-0.25518454108907135,0
1784,train,1.4765316652156792,-0.878991893891944,3.2396810188750744,-0.7427103261333703,2.241674055671803,-0.34498297309176323,-0.7079417977194481,-0.2446582347976793,-0.8571175064180081,0
1785,train,-0.7056174323967481,-0.5907969882098466,0.7761465477496127,0.6712209876622416,-0.02048549852678704,-0.5094302985362069,0.38271463746975903,-2.2536363376305193,-1.765949072743466,0
1786,train,-0.6339914803769673,-0.7844583245704038,0.3601178963768674,0.6974527487252198,-0.2745696054130151,-0.26991228022995395,-1.034868223081313,-0.025522780647597876,0.5527028444829338,0
1787,validation,1.3553919195122515,-0.3618353415191692,-0.020560170089153562,0.20579162742090443,1.6579891185795284,-1.0924838245794068,-2.3268255702518528,0.026917555800952335,-0.16672832080131295,0
1788,test,0.23995570284795742,-0.9008217229473955,1.1519400786503575,0.4979974976937047,-0.02048549852678704,-0.36260027288858326,0.17147237077994237,0.19869698612414602,0.6736033889790829,0
1789,train,-0.03567408905656294,1.929254633393575,-1.1227414702238996,1.4569397952066594,-1.50550831214049,0.5089555173390121,-0.768342080512676,0.4993578387295157,-0.6553735108334896,0
1790,validation,0.03132833934133888,2.419883729544482,-1.4037440462234936,0.8217300375444407,-1.0491496270691039,-0.5489465200280073,1.2417448947354215,1.7933987656954788,-2.5379010224776404,0
1791,train,-0.1987689868043035,-0.9478406008756156,-0.45886822793627025,-1.3249329856653436,-0.7159296204670639,-0.7073804675768572,0.2674300176859907,1.931821898492954,0.09178231937279165,0
1792,test,-0.03567408905656294,1.0331108693575524,-0.7850134725507129,1.571003967472313,-0.02048549852678704,-0.6017262160315237,4.294025457759266,0.8565323654114655,-0.1354602586610266,0
1793,validation,1.2265161535181426,-0.7625609574455466,-0.3074502681556427,-0.36996908334438044,1.930076711601279,-0.3490630116921847,1.0278141115041883,0.6789699403477794,-1.2500584912708599,0
1794,test,1.6279854230472868,-1.4454407431999154,1.2239227044991772,-1.09860043826706,-0.02048549852678704,0.10118278036063137,-0.10278797081309696,0.3622815500331828,0.9343525244661355,0
1795,train,-0.03567408905656294,-0.8507264042819467,-0.08924499077584046,-0.9552075130718934,1.9366336556820505,0.15971456407808526,-0.5846932973584685,0.3749300721321123,0.9208990005280872,0
1796,train,0.06741798564781837,0.8702287155670188,-1.9025637045659831,-0.6326725235472622,0.7636857692602479,-1.639279579661298,-2.669795099572368,0.9719278435380124,0.04547514672717741,0
1797,train,-0.630869713741991,-1.2530469692452997,0.4692907521320561,0.6642173816472211,-0.9784743306575089,1.2977761022986907,0.028317286382094797,0.12695674455565029,1.0220953088663929,0
1798,validation,-0.4195278582298135,1.225083824472397,-1.6113626374300989,1.7095928276221517,-3.2779094140364315,-0.8830480455340086,0.045522036832387223,-0.7272926375200094,-1.4191567465079256,0
1799,train,-0.03567408905656294,-1.0354594236260208,0.3530776849568728,-0.45022039154146215,1.4964084054984965,0.8170993089797421,0.01032874231734117,1.1841677173188683,0.42251327179187215,0
1800,train,0.2750831537620793,-0.593592424361798,0.3382165170940692,0.9446946423765286,0.9718281138197543,-0.49455540248606217,-0.03501671423200515,-1.0869490085271376,-0.6353194875646919,0
1801,train,0.16302907169992084,-0.3857093273036126,-0.08765523294107916,-0.15834632081971742,-0.18018752905862506,-0.5977864737564644,-1.8137519415015662,1.5332984988174285,1.1861165730726606,0
1802,validation,-0.03567408905656294,1.7450932159122188,-0.9385150553135532,1.3280638129967566,-2.1347031965802814,1.5601214576608307,-0.1689322931955821,2.0023887931285063,-1.155772264150283,0
1803,train,-0.37668570331767154,-1.7994330645316212,-0.3004414976373186,0.1563024188490368,-0.02048549852678704,0.7721783739636788,0.6344993953701599,0.026917555800952335,-1.0092261626295096,0
1804,train,-0.10390094749948137,-1.2222311750776396,1.5910391110523872,0.11791202616507176,1.3959545943776073,-0.36169154330993486,1.0995993910416049,0.38778732646623093,0.3560945295052295,0
1805,train,0.47014444191648946,-0.060912784447887926,-0.9087337927939547,-0.930834654677448,-0.02048549852678704,-1.3075539809111942,1.4094117827783765,0.026917555800952335,-0.07550506270483313,0
1806,test,0.6967567822847445,-0.706632117335788,0.6217855010512322,-0.28253932873609533,0.5551370505033156,-1.2051830533481274,0.609735467295311,0.026917555800952335,0.865635358180385,0
1807,train,-0.5291415611044533,0.7431608105498075,0.06880442821668341,0.03506216718272784,-1.3688852531401816,-0.9500799742735078,1.7124159277209754,-0.27131923649348655,0.8290274435848752,0
1808,train,-0.03567408905656294,-0.9495670648027469,0.1235724940244254,-0.8482361530250728,1.2509589092843296,0.5646318174534878,-0.3613199153412739,-0.19533575531096042,0.12570494290278222,0
1809,train,-0.3229802210138969,0.6039611074352365,-0.43823816620732015,0.39142241346869633,0.3422527326098549,0.4697044598338793,-0.8552222016743263,-1.575757309966576,-0.48812020492419494,0
1810,train,-0.3076445019026224,1.1038388490962616,-1.3662669234670544,0.772402062952236,-0.8649639115808507,0.3743540920741932,-0.2934098378187241,-0.050611318220151885,-0.6740581844032393,0
1811,validation,-0.03567408905656294,1.5459446726830566,-0.32718496243107614,-0.006676052572222415,-0.7904251095035462,-0.10526434394470875,-0.4606723808447647,-0.3674558318408004,0.40482455505866377,0
1812,train,-0.9308960073632322,0.011732746871782537,-1.043990703454429,0.9999961247908455,-1.285494962120088,-1.0218777419099323,0.9208531007773081,-0.48835281011691817,0.14042264179157443,0
1813,train,0.44686646959567955,-0.43459215113271116,-0.23910628846757742,1.0949037878477068,1.3324291792310419,0.7524939031047986,-1.6510833027254075,-0.5221980530553137,-0.549282593388286,0
1814,train,-0.5492848708076742,-1.4874915352083078,0.12544517558706775,-1.2844140442593617,-0.02048549852678704,0.5746527224329855,-1.425556729496858,-0.27134925211387195,-0.4495342114674137,0
1815,train,0.6279081927388103,-2.4516916774379967,2.6435144853343435,-1.2036283985401723,-0.02048549852678704,-0.7432663125839931,-0.2566029139131106,1.3476088643211257,-2.0132117052928726,0
1816,train,-0.38879026529126604,-0.3488565516102508,0.5062611597733983,-0.2211490403504081,-1.2305220106134944,-0.22052672885896515,-0.40972342802217115,1.111238723971868,-0.3080534924718807,0
1817,train,-0.578614141700388,0.9451555423214181,0.043344660440574126,1.4694959643489467,-0.02048549852678704,-0.9467414026585266,-0.37450778240858856,-0.18717282283492473,-0.10916749100714564,0
1818,train,0.13143850775305438,-0.05640751068030497,-0.40338420983299733,-0.6075835270147741,0.3036528492615822,-0.31218574745377625,0.365834146208638,0.6888565367610523,1.2282290305211465,0
1819,train,-0.7077541398560241,0.4553003097942914,0.9534500243805306,0.38455477629047247,-0.12785004921172358,0.03824191879528594,-1.1148330532470672,0.026917555800952335,1.4794075298927738,0
1820,test,-0.30027764358152126,0.2608641444112224,-0.14829871951142246,-0.7408067524492299,-0.5621120229875316,0.3414023616399034,0.5378235335723752,-0.8849472820550918,-0.3335930410022611,0
1821,train,-1.316440495547565,-0.31139582909047003,-0.3595164035985073,-0.04534832574482043,-0.02048549852678704,-0.597225881296317,1.0218400691377374,-0.46170712581115664,0.22527285207565176,0
1822,train,-0.6627985272896005,-0.9220041127063837,-0.05628924995977974,0.3639644873582514,-0.6197890104887295,-1.0767654164238434,-0.1958307052914707,1.8617394624218562,2.6773174851923836,0
1823,test,0.508591717848318,-0.4366515734207039,-0.3054073641286904,-0.18319757080018734,0.17722323650360858,0.0673788029637435,-1.061551151742146,0.6196823040448252,-0.20826414446992825,0
1824,test,-0.07036626141070089,0.11480103861428373,1.0298291649559566,-0.5612620626784476,1.5885200898056044,-0.06783882105676295,-1.589917394156997,-1.1322945567839764,1.8756161978087433,0
1825,train,0.9999112803200538,0.6461102873658569,1.9594349625613932,-0.06877626405772623,1.0963825317004752,-1.0775591212323157,1.4748632425211876,-0.7770484958461084,-1.3171327739736305,0
1826,validation,-0.4321153387371695,2.421935168138196,-1.503103587780365,0.37666609587177663,-1.6923442463737268,-0.5375383195674935,0.5550670083869265,-0.7422940634602102,-0.3266365206472958,0
1827,train,0.20969134045707874,-0.7107971447482703,-0.18536688929324596,1.26097789223842,1.3811922429693182,-1.453371123021383,2.769800192121332,0.9513695600076991,-0.24603714228847035,0
1828,train,0.8692040839548005,0.6564171999015211,0.7861996090379053,-0.9722153860566733,-0.6463444055321517,0.5368839370364076,-1.1072694213110592,-1.0358733767508357,-0.3259681696992585,0
1829,train,0.36475429044744107,-2.5503898726887364,1.7600939837618264,-0.4592083667375673,1.2097730709793248,-1.7581101432568191,0.8463483203122196,-1.0892846842654547,-0.244515508638127,0
1830,train,-1.143476833069336,1.9057310199242692,-1.325490772511634,1.58949679969631,-2.3373054484097415,-0.3830970595822373,0.3818819229113204,-0.019780349423226404,0.03492678621321955,0
1831,validation,-0.003254079636125327,-1.8300903402274442,0.28086651875047247,-0.8669257256330848,2.7410177728853284,-1.050948140343832,-1.5755256099165869,1.4075997671864182,2.0233826578622236,0
1832,train,-0.03567408905656294,1.1377986833657134,1.2157835479213461,-0.28642460552126336,0.38896882950851247,-0.04121424918900569,-0.3781067712242256,-0.6421947674164655,0.4160111813355671,0
1833,train,0.0528527548618595,1.2753132446836515,-0.9257118717291818,1.3564234984741521,-1.3570258091744591,0.6257901149195948,0.7869561467094176,0.5238538537726515,-0.07786205479856981,0
1834,validation,-0.1559992793738283,-1.4363875035874791,-0.6386377672794635,-0.8487878814391083,1.1505503829747,-0.9570377643850002,-0.7785986557680336,0.5945253255597619,1.2380060890875129,0
1835,validation,0.15350535722323794,1.4747120928184054,0.05272464970161975,0.3853524351690181,0.9671093129077157,0.6069129977768196,-0.5472485747910844,-0.3365485815542179,-0.3368857466735255,0
1836,train,1.5177953946111997,-1.948561743434346,2.2954123763548453,-0.29224848575289414,2.2909567193666436,-1.9743953148944227,-1.191804739080989,0.590558786326653,0.6684674078656815,0
1837,train,-0.03567408905656294,0.5991675748004742,0.5861320557551047,-0.44458006646688325,2.3252527770936244,1.7891964310054256,1.721991072865435,-1.010613846533271,0.6779452258079515,0
1838,train,-0.03567408905656294,1.6519685770833594,1.0224012066955106,-0.4458861721709489,-0.02048549852678704,-1.0991538265983498,0.9926084972692126,0.5456696240473085,-0.7745247233619226,0
1839,test,-0.6101083466091882,1.6183677454872356,-1.039367254274758,-0.5257800698749895,-1.9375563749310631,-1.8885751631618855,0.027234172827746355,-0.5383004964141559,-0.5430595085933175,0
1840,train,-0.03567408905656294,1.3565478059339195,-1.1819694970751538,-0.9851300896949056,-1.8163828458130493,-1.2921248669855407,-1.7124779151007896,1.4298223545392226,-0.21538771068279364,0
1841,train,0.5999703059154025,-1.3846420733079683,0.3938210770535497,0.005578838308489407,0.5078719226400726,1.228753734156302,0.467669425336149,-0.8776581905208922,-0.7415231269491893,0
1842,train,1.4843844485460567,-1.11228301370868,-0.2511419737496608,-1.9366873061963978,2.2759349263589614,-0.0024631232909399533,0.22303864344503424,1.8813929121696138,-1.0170446215552669,0
1843,validation,0.45611906411355463,-0.10026441660837729,-0.31811825543587174,0.6292779663538959,1.2129261323783693,2.089024382247827,-1.6287959087967732,-1.2925764150904757,-0.2692597939764648,0
1844,train,1.5725503935368677,1.7168119795762333,-0.9860962351919428,0.04330446115782816,-0.02048549852678704,-0.7291464215002762,0.04082890269928575,-0.9722873556947449,-1.1793883927708755,0
1845,train,0.7434466635043031,0.1480988729225828,0.0048505544328783495,-1.1564283801385202,-0.37245114588368977,0.45368569313164386,0.4171961201657816,-0.2828178205859734,0.18089187934545253,0
1846,train,0.8534775305154558,-0.8658615639648812,1.0419233138122306,-1.0248911067218722,-0.02048549852678704,-1.547689988822222,0.08135554072172059,-1.5668914037140604,-0.6606864123233988,0
1847,test,-0.03567408905656294,0.3280978220642872,-1.1211792938845617,0.3535600248869321,-0.22490229269611783,0.912794701749226,0.8409723120881342,-0.10251486285010729,-1.4799449927611672,0
1848,train,0.07280739461019403,-1.3918508527501283,0.22386589625876877,1.3192202522357601,1.9214019597475207,0.4576729896602012,0.8016170661992114,0.7223312642653454,0.3833479438321826,0
1849,train,1.041383880108647,1.2020916369547578,-0.10834042010251484,0.3274033950690168,1.234036329576707,-0.11457673578050447,-0.2006455039246678,0.026917555800952335,-0.027675496830520747,0
1850,train,0.48266728932758834,1.8675518047613304,-0.502597380078926,0.7315714587190523,-2.2639275687424854,0.1443022690971277,-1.4399732981869926,-0.7530059940568803,-0.7437123660354811,0
1851,train,-2.1821482787580226,-0.582565759567487,0.014010576886109339,0.16989577911607961,-0.9496607311952097,0.2380002365500079,-0.5543481965753903,-0.18722707187185786,1.2235712461806392,0
1852,test,-0.03567408905656294,-0.9931127292442967,0.3895065340214602,-1.7021113401970493,0.4603122540159625,-0.1762680345521362,0.3540230743828073,-1.2762200890018738,-0.31596241411064435,0
1853,validation,-2.1144717809845206,-1.1003371881842476,-0.8400086560508015,0.8185798187821057,-0.6186420799594182,-0.16842934019509495,1.990842047846975,0.7703554786552231,-0.28042625562193674,0
1854,train,-0.7625240561016694,1.3579794003111245,0.04028549542105117,-0.5538840390843279,-0.02048549852678704,0.7213092193643732,-0.33375049304163396,-0.08860979637170784,0.9281921675442261,0
1855,validation,0.3049879965549195,-0.34370705654197925,0.30050738996092397,-0.8137102374650113,-0.02048549852678704,-0.4193247718872913,0.24667413167537292,0.5490171632766047,-0.20753211170025945,0
1856,train,0.10175124228611408,1.067744797122751,-0.5910178510720835,-0.6380452736247043,-0.02048549852678704,0.5894884379589496,-1.7056154716345493,-1.9191723449467066,-0.37320056888185427,0
1857,train,-0.03567408905656294,0.1866363981235679,-1.1283800877892411,1.15328561828734,0.925768358333511,-0.5968977023466185,-0.20560683288452836,-0.4623034241374259,-1.044819812504136,0
1858,validation,-0.03567408905656294,-2.492518625811609,2.7614488067227976,-1.1263598769101961,2.849723286745994,-0.07365926300299809,-1.0567675852968714,-0.7921960479128829,0.3090079297253847,0
1859,test,0.2700414863120501,-2.4415107846816073,0.744745069839792,-1.4917765678640276,2.2253334585631057,0.543117334238444,1.2470476148515772,0.6481295143141275,-0.3273449016303606,0
1860,train,-1.7748768321472903,1.212452164364778,0.5723780901991555,-1.4046492641190171,-3.4583443003784358,0.35725890428373364,0.6001609982516973,0.5018071686147405,0.4562810167838994,0
1861,train,-0.03567408905656294,0.3270009237656622,0.3750905317679506,-0.47807413801578,0.3232299702304369,-0.09582305781032807,2.4726570981034453,1.661040490429816,-1.5749456992304183,0
1862,train,-0.03567408905656294,-1.056044881298411,0.7939812270797969,0.32657423980978123,1.2054943181492273,-0.7853618966044322,-0.016472063455141513,2.0914002874417155,0.6472125768949182,0
1863,train,-0.5242308407772029,-2.20274539127452,1.0584931595276372,-0.8617869631777741,-0.02048549852678704,-0.38603338529291004,1.2724440398562267,0.4426354070683231,0.5025532424314539,0
1864,test,-0.03567408905656294,1.1331162359450764,-0.5117819463527732,1.152299004177927,-1.892309189336779,-1.4299608836916335,-1.0752839591501415,2.6915994478683833,0.3466349772485062,0
1865,train,1.1836139930038738,0.6041003730980703,0.6026261485302653,0.1402344777156171,-0.02048549852678704,-0.5420015419442242,0.5174947199686283,0.8055685797343348,0.5687035568886596,0
1866,train,-0.10990440525741779,-0.33413194382818784,-0.8116822144138538,1.7381806078062354,0.19893070164104504,1.636710648809014,2.509280624301001,-0.10913127380441782,-1.3983254712610946,0
1867,validation,-0.03567408905656294,-0.8289511554995834,0.42415713348910733,-1.0216902025314991,1.6323994489116223,-0.8407690664883569,0.7820663375937382,-0.36385375840152273,-0.45975246869130837,0
1868,train,-0.12223770378249482,-2.631266071800074,1.2709395005597983,-2.7887122736845757,0.9492095094919666,-0.1324252646376887,-0.6562808189282416,-2.067123472319358,1.391336239362999,0
1869,train,-0.36496104928502093,-0.6348598703855302,1.8840233390532257,0.1981113193209243,-1.5304354037794625,-1.6869743045024992,1.5781604903003057,0.9665174124651603,2.5055406651223633,0
1870,train,-0.3424498500864272,0.6379943886272862,0.30346038090496985,-0.7850186876381663,-0.6368334033178199,0.597339856834901,-0.8656826993462119,-1.1131911065389646,-0.5875773013336677,0
1871,train,0.5314207360942703,0.656830479436907,0.14014460917541305,0.2086765983207166,0.4421463357387591,-0.1679741144917396,0.15970932658837475,0.4113277467707566,-0.4922287297168741,0
1872,train,-0.6448508924061245,-1.3772121777142678,-0.1425710135109976,0.8665329614971595,1.3822586467235825,-0.7934359575857646,-0.1683310070387436,1.9307016408607511,0.9382484798497085,0
1873,train,-0.0933087632143394,-0.8532850694991059,-0.48647637727791043,-0.4284253571692071,1.4685944140073042,-0.6898511091931302,0.2858155491996345,0.500012262019798,-1.7527525752870308,0
1874,train,-0.5996343918375335,0.5556016584388523,0.8663580233871323,0.5842937576801441,0.9859988297418174,-1.3339175411464301,-1.2286283452395892,-0.05125757329196931,-0.6175635967396728,0
1875,train,-0.03567408905656294,1.330509160205394,1.8532160560575517,-1.0570813162110795,-0.02048549852678704,-0.8432562945766526,-0.2291545075462396,0.42166001522705426,-0.9697667269539963,0
1876,train,0.8776292264230863,-0.5271376058878577,0.023702301691353532,-1.172631121245407,0.1557005465778577,-0.3857410183948833,-0.1734141473441319,2.808312376804069,-1.5147233094399246,0
1877,train,-0.03567408905656294,0.2630410266097315,-1.0953610065025676,-0.03255905061239014,-0.5605221251674039,-0.6590334681693809,-0.7420652834881855,-1.170117533895288,1.3496045416640572,0
1878,validation,-0.7916753567154933,0.12940475702176216,-0.5027092561966608,-0.21239514249728667,-1.4999801241804134,-0.5853705219647095,-0.9204078497693764,-2.164280480251226,-0.28655174227087293,0
1879,train,1.1885129917530095,0.5945863747211683,-0.46452357718289583,0.47304212230237097,1.1927093147054704,-1.5541774647413524,0.5955742199823548,-0.10824806118016574,0.5793042605352448,0
1880,train,-0.03567408905656294,-0.27913644201850485,-0.9545857788489357,0.13737269467170826,-0.02048549852678704,0.9807617667719117,1.185090605272871,0.8385860733228677,1.7311421288536726,0
1881,validation,-0.17147382603226874,-0.9944216474930727,-0.8876663172740371,-0.6486721378900023,-1.431991584683227,-0.46854899400816014,0.17520587307101787,-1.3783673809333188,-1.055541769919612,0
1882,train,1.495898175445932,0.5880118928936812,1.685330041689942,-1.9898049855508537,-0.02048549852678704,-0.5513504249492733,1.4595651729369499,0.8999136336228727,0.12674203845184853,0
1883,validation,0.2533769731043078,0.913815999420581,-1.4398596378335213,-0.8541337831744739,-0.02048549852678704,-0.133955866253751,-1.2842422654057648,0.07520986761064789,0.39492286298335433,0
1884,train,0.002837476841165621,-0.7365251282295122,0.40799067596480054,-0.09711840910844016,0.5885249376803912,-1.5939163160133514,-0.1915571575074637,0.026917555800952335,-0.9465538807320313,0
1885,train,-0.977277924321005,-0.9099659889336312,-0.8270220010053292,0.3976741045326412,-0.02048549852678704,-0.9884964110602245,-1.093437083292636,0.5812137537612282,1.7891541942254074,0
1886,test,-1.8995546630509688,-0.13364320956083955,0.31712808400805675,0.725583502724365,-1.990046537915402,0.5901634906958926,-1.0598891214851747,-0.7920178395540518,1.450434132222365,0
1887,train,1.7660100138586174,-0.2559882276771847,0.5222130475127215,-1.8834826997970089,1.704885577549078,-1.2694021842908692,0.8119512431470801,1.603314764650759,-1.203512717673108,0
1888,test,1.07475120096136,-0.7107000287005629,-0.16859044868509185,-0.910106608721993,2.9100198783726547,0.3899619026653074,0.6177840685092281,1.508721652062852,1.4695920934382378,0
1889,train,-0.8079168249136456,-0.7565966750415208,0.9971161365194712,0.9673186207901789,1.6403687133867866,-0.018337951576242167,0.6264562274372446,0.5340190270580306,-1.2905930269881873,0
1890,train,1.6408707767883288,2.3937900499587017,0.007435887707708529,-1.141056865347216,0.8474792351566587,1.886794202210432,-0.19209822785914277,-0.253355510337857,-0.9997753826076536,1
1891,train,-0.03567408905656294,-0.712470272694012,-0.39785114492295864,0.31188216109719485,-1.406724387359894,-0.2508263005363715,1.816190022390017,0.8230048882887278,0.26905111089039613,1
1892,train,-0.002648467490154132,-0.3339254618955259,2.005018175285977,1.0650009604043105,-1.3071539211555687,-0.8881043951564038,-1.9831599164874953,-1.6789950219895484,-3.169585023637953,1
1893,validation,0.3239103626626524,1.458002652825638,0.8824313122724646,0.9662374820241899,-0.02048549852678704,-1.8428378499307378,-1.29009542338848,2.629581559986288,0.7412133278718811,1
1894,train,-0.02974358122117409,0.0722619326033248,0.07866183775320798,0.5336413793144369,-0.02048549852678704,1.27544676302866,0.13063740935704155,-0.4882675454247837,-0.049802431167259804,1
1895,train,0.659682052974068,0.46160933761798545,1.7381755040429157,0.7292605972245662,-2.262292042836302,1.0464740726800745,1.4998689944305441,0.4519504956254877,-0.8558527330115915,1
1896,train,-0.027033693562062592,1.0077472763939908,-1.0515306220543914,0.46149441928159407,1.555587843624862,1.6045282279485191,0.45609300027431376,-1.8916960081481866,0.39108871349305246,1
1897,test,-0.5270806568600447,-1.932987456048063,1.0525448550560337,-0.07569422404220953,-2.2440181412926656,-0.5784812574055589,0.8982273553928309,0.32092946336625416,-0.4703532055854308,1
1898,train,-0.5994639568102302,-1.7650645202807835,-1.720415521874745,-2.006430453308408,-0.02048549852678704,2.1388196744668955,-0.2740408671473124,0.13823264852558778,0.4279810607710044,1
1899,validation,-0.1393478589040024,0.5519783882768518,-0.14853058890565088,1.2075933176468985,-0.3416069936094779,-1.4939277415565884,-0.546580290405673,0.8602724126022441,0.9329866887760396,1
1900,train,0.4566909752757174,0.4290473087701095,-0.33658114958940993,-0.8743656298238495,1.1715852354743295,-0.6448657467480666,0.13603554841151508,-1.4460347341923427,1.480189780510179,1
1901,train,0.5668367085782006,0.1450986956204448,2.005034106860333,0.2668892569774797,-1.582239404383195,0.05665044850383454,1.0884881294799715,0.2612351322961278,0.38916245987007714,1
1902,train,-0.4620622837610693,-0.39394817493406215,-0.1465986231755109,0.8431160619644297,0.8885074197051614,1.4869596669538947,-0.2493732513204973,0.18610814861260128,0.7174538384275303,1
1903,test,0.48465433408167535,1.3042651052094647,0.6868368267634445,-0.38698045668853404,0.6137246911177519,0.6915796491918023,1.354745367468927,-1.0132823304360299,0.35934638929804813,1
1904,train,-0.08176841035184172,-0.5001646840433452,-1.0170569714122808,-0.4193147908892633,-0.02048549852678704,-0.856319223571037,0.6319527621093243,0.011735243335170484,0.6636819465878078,1
1905,test,-0.07912545830261825,-0.3919183490129183,-0.9575476768154785,-0.3983873883146541,1.042616657960074,0.06465483029569853,0.09798801616593035,-0.005595738358421702,1.179459689754739,1
1906,validation,-0.31405404286512284,-0.02618115833098448,-0.9006783833968526,-0.4570480125963676,1.4701605956582382,-1.4438032461651154,-0.7665207688506532,-0.8689317675781345,2.095142312689033,1
1907,train,0.19464846676660874,1.2184048773078058,-0.32050067112305103,0.19149479897093996,0.7169780043274687,-0.8741941110645461,1.1491870683493601,-0.4972414389602517,-0.6483400927607766,1
1908,train,-0.03567408905656294,-1.9127222012142375,-1.5635145319789174,-1.1059201557682234,-0.02048549852678704,2.1152584639708025,-1.5328775929101768,2.1685299447760173,-0.7633202163036561,1
1909,train,-0.0947794260550132,0.05378824941303681,-0.5588421371174269,-0.47083672506645574,-0.9419700191139541,0.525127758452254,0.2391998918963917,-0.3150532438547268,0.34561133416457174,1
1910,test,-1.2249706736117276,-1.4667509364272657,-1.2159984931293224,-0.17235163500450154,0.05047247232248205,0.7125404284914668,-0.15008323183717162,-0.32783848300741286,0.024782126249610605,1
1911,test,-0.15838502662571657,0.01894564228377603,-0.7358283514342451,0.21764917704467995,-0.02048549852678704,-0.6710299335908726,-0.8861689771427828,0.8262878403518471,1.2336036496704772,1
1912,test,0.4603026748731767,0.2907674375676348,1.4153577243154034,0.5191923207462046,-0.952682246945734,-0.9960337559258814,1.5562040694563857,0.9191966750378485,0.7923974551820347,1
1913,test,0.13376443458427842,0.9751495890881783,0.8964551756334127,0.4822094438752557,-0.31726515529169963,-0.4370643116164054,0.276637048864723,1.1567740589373992,-1.3440530377458437,1
1914,validation,-0.17008326166326254,-0.4372465593860487,-0.016366362395744,-0.42956455342662253,-0.21618444749740706,-0.37784290679572385,0.6861121354367945,0.5288645408906612,-1.677746541396067,1
1915,validation,-0.2417626092600842,-0.29172418108094234,0.5191808732980179,0.8477200470162309,0.11092927990873189,0.7516231301596611,1.0480636652857502,0.6980240187852242,0.7965655250354423,1
1916,train,0.634747023819575,1.7940513592309812,1.0289238957524116,1.0372893816054178,-0.02048549852678704,0.17878729913003513,-0.9697094966488856,1.7210218093112581,1.7252310363921455,1
1917,train,-0.14921164347860436,-0.7935758290908297,-0.15360202284804358,-0.014347011634750186,0.8820459581958039,-0.3331300763317156,-0.07955970332272498,-0.9198323729821756,0.668638765673432,1
1918,validation,-0.8681114217438387,-1.2004394133798182,-1.5762177221146545,-0.2597551138642067,-1.945044156683154,-0.6199122798848083,0.9597282508211121,0.2118994749108318,-0.47432674665502483,1
1919,test,0.9359246661661431,1.380580196794158,0.8539146716750575,-0.8185869458709277,-0.5475095305330434,-1.225298813172494,1.2335223000396864,1.1656636181046296,-0.18341295679009265,1
1920,train,-0.06586736287092247,0.8370784033792821,-0.9457123847438548,-0.7638170701002674,-0.02048549852678704,0.6388366427929857,0.5070691500947159,0.44024121978726116,-0.12860391697249618,1
1921,train,0.1393309784665181,1.141819305516396,1.1156774458247818,0.895213922394214,-0.054494990452990576,0.7648197085082254,-0.6236623275228296,-2.1746910194933067,-0.5619831641831334,1
1922,test,0.7027820805622774,0.8594233048383513,-0.6031829704371531,-1.1254973909772834,-0.02048549852678704,-0.14047065601088796,-0.6731738134660834,1.6311532750213553,-1.8475994837632845,1
1923,train,0.2585955269770173,0.5748776707241109,0.6073102169064898,0.4273115950157239,1.3493772656292022,-0.2993808745130345,0.1569893759465664,-0.58053446549426,1.4129959307116653,1
1924,validation,0.291577751403755,0.8504786526623681,-0.4460127767693351,0.9582319401949922,-0.02048549852678704,0.5466027135729565,-0.12712691290992698,0.5364906188082751,-0.5819088148737833,1
1925,train,-0.45544749978356525,-0.1315828310683884,-0.2850233620260781,-0.15688007710112675,-0.02048549852678704,1.2539226254977869,0.5376699363092733,-0.22712432081733525,2.6881187968071196,1
1926,train,-0.016436878378719526,-0.5490820722118176,2.011110172360607,0.9308685044727407,-1.4400061696702267,1.1373578052198614,-1.0610965335795641,0.6166303834723144,-1.30550786587123,1
1927,test,-0.03567408905656294,-0.5199261846244042,0.4425951514874304,0.1185191491057842,-0.02048549852678704,-1.440821457784496,-1.2315629288366572,-1.5236360144097594,-2.9552755279367697,1
1928,train,0.23217058972599108,0.2379753740834928,-0.36482021568021644,0.21022292039249274,-0.42948482268377675,-1.0976611692906155,0.6059886571369163,1.8053770033689154,-1.8057120520416665,1
1929,train,-0.23247136764322465,0.38297098486890896,-0.7199156507242583,0.2213564501505497,0.4731616283497084,-0.23590543525126048,-0.10482686151686807,0.2590576122540096,1.2708359005895162,1
1930,train,0.4076989392144223,0.6456694066210021,1.0625765240117357,0.576069071422366,-0.02048549852678704,2.0547172945791816,-0.6331798144200791,0.7004258311733204,-0.5474739056150536,1
1931,validation,-0.028878633329416013,-0.565007528750285,0.4103421128319768,-0.2020829953065485,-0.4775279842481725,-0.4887477540797626,-0.8280971764833107,0.45240907686318554,-1.1139415143649234,1
1932,train,0.0688937968054866,0.48306070278757013,0.4359839726529767,0.6513629604529476,0.5230579245797847,0.0898419838608081,-1.6317254268382764,0.6010048115950306,-1.2937241713664709,1
1933,train,-0.3314141194336333,-0.15121331631482685,0.3670458799962816,0.12304705087458592,1.700363165521668,0.9063813125049983,0.13199485771279484,0.8829570578663821,0.44429287166291653,1
1934,train,-0.11929915650390527,-0.3609411340477086,-0.5518866676056926,-0.43161683942393525,0.4812102936585843,0.07834552892755403,-0.7498270527425365,0.7132002214058499,0.9246481884940693,1
1935,train,-0.03567408905656294,-0.8258268003376564,1.7594452791447068,0.5799084310689736,-2.5519025757241485,0.327234680891693,1.3331619799127237,-0.1646405852848707,-0.5078197992143174,1
1936,validation,-0.03567408905656294,-0.9448161874681618,-1.1663003361668425,0.7657832802660305,-0.02048549852678704,-0.723536323591843,-2.099297887813743,0.036090991137581296,-0.47029025648837336,1
1937,test,-0.546135044415367,-1.1160222941507203,-0.5370959615065968,-0.22835985667449105,-0.7889428708984417,-0.043723506076844415,0.03396814642587909,-1.574048719431169,0.6225821618146661,1
1938,train,-0.03222368659818884,0.4182696279707429,-0.9107287848702237,0.798261755377881,0.23825508979168014,0.7586319761091365,0.1713104247421475,0.19493103372224302,-0.8765724192929032,1
1939,train,0.18983119295426867,-0.4858738804801918,-0.15745642017499148,-0.2693514724543906,-0.02048549852678704,0.11580554384007459,-1.4038322626388164,0.1849024862326905,-0.9225204609908031,1
1940,validation,0.19403472501825303,0.045441179052322124,0.7304132131132768,1.123144357678179,-1.2144473141627752,-0.04362404801277399,1.1909226481061064,-2.187531812544577,-1.6056975000037441,1
1941,train,0.4248462960663644,-0.2367075508304334,-0.7236415153689119,-1.2767611932325216,-0.3039477820689182,1.1716193735227196,0.5587039628654215,-0.5596956962801404,1.1838210441668104,1
1942,validation,-0.3948521028670154,-0.7661535187335878,-0.10944342611599511,0.37875927027847434,-1.4202514410674545,-0.8446784160947015,-0.24127342246560082,1.1093419443752788,1.8231932263350892,1
1943,train,0.7501484637065794,1.3563920181613538,0.2079483539344577,-0.3025841834213156,-0.41559691850930797,-0.21982526695244692,-0.3530478918611072,-0.5832568663564845,-0.5165101441183063,1
1944,train,-0.636491857677657,-1.414624458670995,-0.13862209316777283,-0.1184931330624336,-0.02048549852678704,0.04508064517413811,-0.4388700834600809,-0.10916395238189777,0.38970229118355143,1
1945,train,-0.0024763835308540733,-0.001913492137799162,1.724552889184556,1.1773960101656937,-1.0849354781929261,1.2578988182689963,-0.13518235773285378,1.2459095563002647,-1.6699427778818392,1
1946,train,-0.3102169801505505,0.5677203516315168,-0.42737310109569243,-0.10299386076152939,-0.02048549852678704,-0.6598732469768744,-0.8085246627460722,0.7492889651371785,-0.7232414480589935,1
1947,train,-1.6199189256609534,-1.118929609289088,-1.899077401268132,0.7389380516273258,0.6565756758246479,-1.026686985171246,-0.013583696398669255,-2.017119721332623,0.177825758199059,1
1948,train,0.6078429479152357,1.1663854821918693,-0.7344975915125255,-0.8480257320802228,1.190630030603336,2.288045357023335,-0.02222870727735394,-1.0901249188408562,1.0009366003625024,1
1949,validation,-0.18684175854832075,-0.5210658853315837,1.5008292743252165,0.9874863288681189,-0.02048549852678704,-0.8265375511524479,-0.19291329343216426,0.4182950425644621,-1.0064529816988774,1
1950,train,-0.03567408905656294,-0.583408111335615,-0.16943009091046005,-0.7772815064866263,0.5438632196107747,-1.828179091986915,-0.09165985873808638,-1.3672509349862887,0.07852128077375785,1
1951,validation,-0.07923759793306996,-0.6026997109794519,0.12207556338898186,-0.41505537129510783,-0.5091354094072535,0.9835050258862862,0.31330212008255387,-1.9233782892192315,1.085371500311922,1
1952,train,-0.43539976958614846,-0.922069229617064,0.3461583477276848,1.4924015565809183,-1.2745152353428721,0.6345710497952926,-1.0912041822390297,-0.029286705095502005,-0.5357422920988768,1
1953,validation,-0.548968215952601,-1.4452815933879553,-0.6900405457914309,0.723163500174131,-0.4482099658139448,2.1865453453775276,0.29199131436040526,1.0511149597003595,1.6421077019217758,1
1954,train,-0.03567408905656294,-0.9132488778911846,-0.07104393417515137,-0.3159601338629277,-1.3160650657657311,-0.21329199435091076,0.31409014468103874,0.6006399490826985,-1.8738806505841161,1
1955,train,1.3141576312460772,0.8779347489104814,3.0952136016319423,-0.6819012450693482,-1.0213564242996358,0.21908177581343985,0.6088511824565509,1.1263811453150268,0.7398302392673787,1
1956,train,0.4749227479663554,0.6148363823845401,1.5070288738312196,0.42811411751215395,-0.7463950252995346,0.23631594113468246,-1.1179798101384002,-1.8533831495966806,1.0896302298060578,1
1957,test,-0.6806256778029525,-1.2703408187239673,0.6254822556889349,0.4486289374999922,-0.02048549852678704,0.11086817537159321,-0.4914492224957548,0.026917555800952335,0.4184691423641277,1
1958,train,0.04810134369622479,0.04370174813459954,1.2367636228562142,1.1685964468908492,-1.3927085378029784,1.2769993379809426,1.6955610120393454,1.0018962328751506,0.8428161781462318,1
1959,train,-0.22825770506391593,-0.9295553727121388,0.07519899773327463,1.1204714457518388,-0.44494456842403773,1.2259361763738772,-0.4419631041009633,-0.6705677685116038,-0.8418659147374221,1
1960,validation,0.7108972456011814,1.0556912668121359,-0.21166920153180113,-1.220110805152144,0.41865289970937897,-0.5167028442406125,0.23071592150866774,-0.17595578086353086,0.9052018956826209,1
1961,train,-0.03567408905656294,0.26092771974868895,0.09092849899575309,-0.38086500424700526,-1.8449829256052384,-1.41719932760648,-0.807750560930155,-2.3902338137130767,0.009760456635150426,1
1962,train,-0.509521392438042,-1.000674412491603,0.5440251369110397,0.1770531853642886,0.12651504045397663,2.207549901262107,0.20350824681340066,2.9742120308171307,0.7774789539548715,1
1963,train,-0.7785841118243275,-0.6461628813331401,-0.5277859298167,2.0646672862387976,-0.7092034117030461,-0.30944060135388757,0.2716855218374806,0.5220060663759893,0.034663088485352114,1
1964,test,0.361372388109991,1.511215994863233,1.3126762555675722,0.7012206357437535,0.32916653985895583,0.21905763077997875,-1.070822228944402,2.043873561220734,-1.2532810088331738,1
1965,train,-0.24906482018782997,0.027463658709531817,-0.08772075862549132,-0.29060525768358014,0.08832338773323575,2.63182302749047,0.3948220831489875,-0.1541943134933355,0.662446471934348,1
1966,train,-0.14823142353025187,-0.3398784322782159,-0.8917252403694162,-0.033436562295865856,1.1427339581702798,0.4257295220522465,0.8966926340072671,0.5348941779314026,0.47990374120441115,1
1967,train,-0.03567408905656294,-1.6685758377057025,-0.06894256088334764,1.4988340663159114,-0.02048549852678704,0.020909392351257605,0.6206618168053637,-0.45340941044249033,-1.7510520200141795,1
1968,train,0.3198202385859776,0.4763571302934119,-0.8530265129901854,-0.8125205657512754,0.7972243403423416,0.27783712232744306,1.1969582951907654,0.026917555800952335,0.516233436570721,1
1969,validation,0.1923904565985378,1.1486485514721898,-0.7132883206559365,0.46998190601641593,0.8316352605626941,-0.428173940208495,0.27461432645492456,-0.08778146018265687,-0.7370882098031216,1
1970,train,-0.3515204350547521,-0.2775139254843962,-0.18867858194432655,0.12549757097593084,-0.02048549852678704,-0.4630175529524799,-0.5843339390516528,1.2102395413418838,-0.18725352305511173,1
1971,train,-0.5109123612106836,-0.3458592092091527,-0.3765033997994208,-0.32673825128609857,0.6357033570760385,-0.7540617308295414,0.665606192589389,0.6747339487680869,0.0142448346081033,1
1972,train,-0.8113058737577735,-1.7579184273963053,-1.2301298667329348,-1.1122265179844713,0.15118806754998165,0.22802470673165756,-1.1309738412348314,1.4940589147199523,-0.8427604947174311,1
1973,train,0.567769063884089,0.019498184417237125,0.12345238238218441,0.7394903937569165,-1.0565030538117341,-0.8614845894369053,-0.3995874404004043,0.3534278653721871,-0.7477535850249517,1
1974,test,-0.3642071455936632,-0.07491877699647813,-1.6390892662186105,-0.7851254591911204,0.5766645160680463,-0.8252503780628653,-0.7928867867124995,-0.557717586222173,0.5756889770261324,1
1975,test,-0.1901425977003791,0.835891827200325,-0.525625337230933,0.009677938577230165,1.1118419176887473,-1.0263841098222095,0.365109659793222,-0.3780935165066401,1.1207615320375106,1
1976,test,-0.03567408905656294,0.1940889024361504,-0.19442293768051763,0.9877019667067104,0.48094583475475305,-1.010210631260596,-0.8283404014679875,-0.20063603616117287,0.9378501193653663,1
1977,train,0.06269458930577779,0.29340516740858813,0.45304263476145196,0.43467097349516426,-0.34433117571538535,0.7057492354133013,0.4010542002444752,-1.0751637642646532,0.9873291735738372,1
1978,train,0.000689444718454905,0.30510563761140586,0.0009929270867836935,-0.7521250710260622,-0.02048549852678704,-0.49763625452489685,1.0450391541576822,-0.7030769528954526,-0.048622476065000794,1
1979,train,0.08007680050562084,-1.5020469039954696,1.7634930394395947,-0.8845220322065321,-1.5010198568560265,-0.39461358361094034,-0.2869019358231858,-0.15783565319191106,-0.11203460262468502,1
1980,train,0.4710968124790993,0.5765549177044438,1.9440420024341334,0.41594263960964817,0.23177781292586352,-0.9682981686463074,-2.490042208648536,-0.018027479779731816,1.8606897887826852,1
1981,train,-0.03567408905656294,0.3993555084254926,-0.1821186236108244,-0.6554679223726513,-0.2755580391029213,1.3739010259892834,1.8401739564759694,0.4193905870422504,0.3678022188607456,1
1982,train,-0.02555413588384153,-2.091355978476275,0.9964848612586658,-1.6498461908761752,-1.4307098130673421,-0.9826755956609451,0.2686267437158867,-0.5044630306793448,-1.408719373946312,1
1983,train,-0.03567408905656294,0.09575814100766583,-1.0446918054011816,0.49177863386976384,-0.03315739429793851,-1.653539325828826,-0.3201223405378041,-0.7330949618307867,0.6517945683589214,1
1984,train,0.4417101244398544,-0.22101717348040692,2.869046385099042,0.7038321916912116,-1.2834493601410626,1.7221805952573461,0.21908122940293373,0.32249255580709146,-0.5883978940342023,1
1985,test,-0.5564180491853725,-0.27251106988641766,0.6558877723318752,1.2738538183995491,-0.2994646599017055,-1.8603985759051533,-0.2978765148799711,-0.42226623305759886,-0.4066659313574996,1
1986,train,-0.308974928591546,-1.097213902622821,0.08460982810032798,-1.1163364863145437,0.13204494204184106,-0.13675539106095563,0.4678151847242917,-0.8138066069874813,1.5477237602887846,1
1987,validation,-0.20999855206851983,-1.2978893848468414,-0.7157686145730804,-0.6311343162281541,0.2529142884964818,2.0951035655278782,0.8733049321478509,-0.6333192442258474,-1.2190572572419622,1
1988,train,-0.03567408905656294,0.2456682320328286,0.44004143211036334,0.5502275649150918,-0.41591925903635757,-1.4341349301602115,1.8701085294375692,0.18397827598341512,0.4512997556432823,1
1989,train,0.7358983477739692,2.5014239942637824,0.8229709858130153,0.5581539255996312,0.020031297198303134,-0.5325772386794736,0.9614374490547103,-0.12083354749772794,0.24505074175884428,1
1990,train,0.4695404875530998,1.6776932843384276,-0.014312369546891954,-0.5621133366200932,1.6824776176216996,-0.8894097984241345,0.018544927821804225,0.09295995071373445,0.08965555240927171,1
1991,train,0.1436913694418059,-0.43871204079113435,-0.9228184358280942,-0.7534087222175818,-0.9121309342532272,-0.04120923776960509,1.1623844864883461,0.4892093884597976,1.3877539143934599,1
1992,validation,-0.03567408905656294,-2.0484254906249846,-1.469032108324606,-0.16772110441850202,-0.17220744456185094,1.1983903414488979,1.0381596169653167,-2.1503965108317677,-0.16463759288958055,1
1993,validation,0.39041870581225313,1.0450403198806302,1.5070989531825127,0.34873830165630315,0.8323066621270154,-1.5081620078733387,1.2902398523501204,0.3857942241245941,1.0507049938226827,1
1994,train,0.3953558308375099,0.8231048298395488,-0.17693906369625373,0.17964402638684274,0.4761574259524191,1.0113209302207609,-0.017961856256924123,0.4483689856397553,1.9319737877157097,1
1995,validation,-0.03567408905656294,0.402853623069941,-0.19319327007405904,-0.09721493690766213,1.004041641438118,-1.0973909100733024,-0.8937293784792756,-0.9479280957295031,-0.44924718931331037,1
1996,train,0.48769314010207887,0.4275006940296614,-0.2209193287721582,0.11687762822491554,-0.02048549852678704,0.2539229518687493,-2.214669779673607,-0.6536318271870494,-0.7991586652386418,1
1997,train,0.12253695056907775,0.6099177800454455,-0.27340864224859307,-0.10257562887635266,-0.02048549852678704,-1.5534676365006261,1.5134431934750545,0.10108912599425714,-0.0135299292377846,1
1998,test,0.3133259662111657,0.43917257923573083,1.4277903252308386,0.6664911909218313,0.8785024395651353,0.24067356380866292,1.3122917288437166,-0.3773710775404527,-0.3283402203699337,1
1999,train,0.45321159940735284,1.0042716662666569,0.020565819937959882,0.4061312350892745,-0.36749304399116306,-0.36296327664279626,1.2050448131190619,-1.5877109726399634,0.4428618094194516,1
2000,validation,0.24369055220314184,-0.059992961730064596,1.4512700935459808,0.8699546026612472,-1.070641924817401,-0.9602372943782471,1.4372742259607059,0.8771450811283068,-1.3762070291126576,1
2001,train,-0.3573121160237892,-0.9833416988182564,1.0067734760750768,1.093585384779283,-1.6833724684495706,1.3014182776810233,-1.0112841368709047,1.1118813933675222,0.31387251246975734,1
2002,train,-0.033391493326032994,0.7288149240932729,-0.23535171785289877,-0.023493602706193925,1.0460288423994981,1.3334642772536844,0.31801198541711906,0.11307773855360309,0.7495608382364857,1
2003,train,0.5423384564557494,0.8974365756211095,-0.26489892804073384,-0.5535998227382201,0.6183212038160042,0.5469351102002719,-0.6940570572965854,-0.7027043296566626,-0.49983693121612593,1
2004,train,0.28205400697124716,1.225689141736555,-0.008877062224805906,-0.3168413901458767,2.0181684475596606,-1.5874765829230184,1.9804951259392791,0.1392249562026643,0.3470264235238202,1
2005,train,-0.03567408905656294,0.13020747840574154,-1.037280249901817,0.3842380492195908,1.6825358232963277,0.44409160800628394,0.25251460894313643,-0.1579832248694447,-0.274627560296838,1
2006,train,-0.3716401559075058,0.5599767504859583,-1.0794004131901445,0.12648279067376028,1.5377197588003817,0.46045634505985195,2.3940296780104693,-2.635369344141175,-0.6964032289790677,1
2007,train,-0.4839194227134561,-0.48308176039626666,-0.49070462712756846,-0.3896939056175864,0.9312351577750386,-0.2022854444883682,-0.8153862327879171,0.026917555800952335,0.7253667523282844,1
2008,train,-0.9038540522859105,-0.7585146495590689,-1.562375976861824,0.12930920812521024,-0.10130092923159552,0.18198228113076145,-0.8869411149010404,1.8873306550098534,0.03992111747228804,1
2009,train,-0.11302929682958053,-0.23931214450918567,-0.8834095503842971,-0.5638063497936123,-0.02048549852678704,-1.1052341450277543,1.100168138698028,0.039264789844199406,-0.5173370909347387,1
2010,test,1.1774146867861048,1.2158334320502862,2.147657705573089,-0.3042502030794339,-0.8318984253471886,-1.8443225735181876,0.09548736999970243,0.4281038181442474,0.34730527317748033,1
2011,train,0.1889372600786783,1.074865771251644,0.837136138041811,0.5188948282061584,1.1334835399738672,-0.47724381776043867,-0.1256805312891232,-1.684765049865427,-0.2803970323153153,1
2012,train,1.4239249094651238,2.6011474490976982,2.9635276342009367,0.7683511365507227,-0.5228428059623178,-0.06995097657166978,-1.3138988367131392,-0.12971973772637863,-1.2930454126604765,1
2013,train,-0.03567408905656294,-0.12194998444565076,1.198991791468349,1.0302570399951083,-1.6954339255141992,1.8979242713592626,-0.208305646961898,-0.10655679380805605,-0.02336055214440277,1
2014,train,-0.36301422635316766,-1.560424884070023,0.3705347149553704,-0.8602677716949234,-1.3347513749046305,-0.71955150812262,-1.716001753930784,0.026917555800952335,1.092006730531738,1
2015,train,-0.3902614877612135,0.8317519920976179,-0.7588153346893818,0.3554215207373298,1.5260240486743706,0.1116376353126214,-0.666588909396884,-0.8731849226197461,0.32575640993722893,1
2016,train,0.1790181539036592,0.08864318299849247,-0.31197460764632245,-0.8288321195605131,0.08710360605334586,-0.18215940053132115,-0.5449958220705742,-0.590855160036847,0.418174748207982,1
2017,validation,0.699788469031038,0.6296572787296822,1.8631337137595365,0.09784082844063208,-0.6017558434411338,-1.8108710470538432,-0.3781309946020264,0.7899286455065909,0.5880821398114456,1
2018,train,-0.03567408905656294,1.2370149330294888,1.5501257935439003,0.324340328276808,1.3048556338850612,-0.7760080034125011,-0.24782049548025567,-2.0708950427875723,-0.18532432446757374,1
2019,validation,-0.7482629790604087,-1.390186894559964,-0.18880880133852193,0.39016291213999943,-1.613194049949157,0.6204334646788874,1.1479433701367472,2.0877646298167503,-0.264398506574549,1
2020,train,-0.03567408905656294,0.48986937502371347,0.43386861968351753,0.9302899071556001,0.1329431466378305,-1.2046671199559955,-0.98236393544557,-0.10427818152658042,0.31759438630501563,1
2021,train,-0.03567408905656294,-1.0935794981954414,0.42897589867155145,-0.18702774589757265,-0.02048549852678704,0.48667491800508245,-0.048452771495182435,-0.8736673963242249,0.6947609005716278,1
2022,train,-0.442774905246316,-0.5966737717763927,-0.1699391467082136,-0.4474650548124166,1.0773123616984532,-0.6528089364714627,-0.7890756980253127,-0.2843971746829363,-0.4211858393675588,1
2023,train,-0.21376753063964543,0.15107638940495424,0.4635910180063955,1.4146256392301333,-0.170349256891153,1.12635765705736,1.0573992504627858,1.5176317594739726,1.5761873287119674,1
2024,train,0.5745298096607803,0.8581223059239379,0.6359484225409411,-0.1381892091483057,0.2598938203299069,-1.3814098100669376,-0.03879576308139032,-2.1343536221445074,1.1206972108401598,1
2025,validation,0.1734325873918043,1.0192560950275291,-1.0483301101222795,-0.6988266863977466,0.4804825565807297,-0.704175255674256,1.5680043573207683,0.8779895940529103,0.059076305076290955,1
2026,train,-0.003895708895819139,0.05182704955034586,-0.5879328550044409,-0.10342426477570782,0.4043896588715553,0.5457877268710305,0.9134038706110468,-0.41107640622886615,-0.9045861600438516,1
2027,train,-0.22631256646639844,-0.6107519945387032,1.1638694066176818,0.5201462907956876,-0.02048549852678704,0.4825887611838285,-0.9327823797567812,-1.1778013527331266,-0.3013880005992755,1
2028,train,0.4493659761350056,0.20456784289638774,-0.046819119491377716,0.3278250556614976,-0.01679693119017205,-0.04517103472709182,0.8216849324101482,-1.1217582393987549,-0.458563462586368,1
2029,train,0.3242778069380018,0.8124939178402324,-0.8052628415825078,-0.22771582107967497,1.0492225035953675,0.6575250379664633,-1.6408523963575763,-0.2524278671427031,0.3669280272936707,1
2030,validation,0.5082444032064763,0.5065393777120795,-0.34064074076838313,-0.3875298168458979,-0.4737228352980013,-0.2799657914810301,0.7980013981898679,-0.6471508030754197,-0.5361736737816121,1
2031,test,-0.22953530874054331,-1.2991269708559556,0.3782078815192784,0.8715473016909527,-1.6185669541219325,-1.206758118061796,0.5261039403324245,0.24245456084579198,-0.6206122360751515,1
2032,validation,-0.3688661008290511,-1.5527901799014634,1.610613481199142,0.9231206652315873,-0.02048549852678704,0.5671314261880889,2.1728390829837654,-0.7598560893191241,-0.22609253666524945,1
2033,test,0.9978076311559797,1.2301975722047545,-0.4536680894536231,-1.460968263245851,0.19810500217464047,-0.06019124838214599,0.32101299515742876,0.9388065377168209,-1.1915967440045554,1
2034,train,0.2830561947514529,1.067071656766704,0.0726430498933847,0.45104534934693813,-0.02048549852678704,-0.5792168083031674,0.02273485936912906,0.026917555800952335,0.8861835498275429,1
2035,train,-0.8988860707185816,-0.4182705960915341,0.02405175265997101,1.1562814511386996,-0.02048549852678704,-0.633665881320529,-1.1369921819734157,-0.1785674959965137,-0.9177120627483791,1
2036,test,0.13124730653096509,-0.9477282591107601,0.9768058808300591,0.4601615319030294,-1.4259817574667684,0.5873242171735729,-0.5928119958514391,1.0952495031859732,2.70188626956831,1
2037,test,0.27859435224786927,0.6025466511840974,-1.4054846931849152,-1.339306915480759,0.20975697909147675,0.9040727367115037,-0.9228092865495604,-0.8343820951725297,-0.284030875622804,1
2038,test,-0.6590684695047695,-1.1643775413640494,0.0758744063459017,0.8535790647998203,-0.02048549852678704,0.3820715201883962,0.3767045445496332,0.026917555800952335,0.01719426712824057,1
2039,train,-1.2643999484594184,-2.1331887650623766,-1.5828049440632606,-0.20882594604518864,0.0450183108858905,0.5834578762932427,-0.47079993097272393,0.8430305626555676,1.4925498530445214,1
2040,train,-0.03567408905656294,1.8153240490161517,-0.7645227716936854,0.8631467189477888,0.7730238818094755,0.5359450588276679,0.09391932387880304,-1.6369489713655154,-0.9500124391861027,1
2041,train,-0.4516814167152404,-0.5034901394230972,0.480309779213436,1.6283894017373557,-0.6828328879882539,0.5555101109886388,1.0586522397082836,-0.539994594683301,-1.0625432371088852,1
2042,test,0.39822819548671873,0.27197437902341065,-1.1648701433265904,-1.7656381418996052,0.6127859251717143,-0.24985691256967915,-1.0508286328702257,1.0853580663000002,0.7910999112125061,1
2043,train,0.029941560980109458,-0.16306232307306606,0.38846444084263765,-0.30482986520863825,-0.4001674550985643,-0.10708979598316934,-0.42786095901530313,0.7827292421391847,0.69018380288938,1
2044,train,-0.03567408905656294,-2.691003078914745,-0.8351653117656436,-1.0585363105547154,-1.4451669025562945,1.0382565034306945,0.22940304991951388,1.3025805140528244,-0.09627800131104504,1
2045,train,-0.3191201318013881,-0.535741763463352,0.5210930856059169,1.378255882889668,-0.02048549852678704,0.8426713188484914,-0.45195915108484974,0.7696665180408738,0.6171006019612936,1
2046,validation,-0.3943323407110894,-1.1504869124315864,-0.9573152702228576,-0.08648426561591444,-1.0365699404009001,-0.8383496022560943,0.42001355781908245,-0.1649703724315901,-0.2844189881931183,1
2047,validation,0.25533321646227275,-0.05187608839848842,1.2928190709536258,0.28304711585091824,-0.02048549852678704,1.3086055811874084,0.9392349489180204,-1.7585774282127693,-0.5448902727313827,1
2048,train,-0.03567408905656294,0.7647107965632183,1.1899325506202922,1.0393589656584978,-0.8200370151034269,-0.8705906786623981,-0.4418191099172902,-0.9343300684575789,1.0664350623227283,1
2049,validation,0.008145189460941438,0.7596573264888491,-0.5206213854221821,1.2986989767079655,-0.307729873937505,0.17933043913108107,0.7073870466285388,0.7607766014467504,1.0418943017845723,1
2050,test,-0.06443295679057083,0.02955825828847283,-1.0998509015607347,0.5527032031167942,0.19985647806875328,-1.5332143066813728,0.02048266037827071,0.3003534067203508,-0.15065628219785715,0
2051,train,-0.03567408905656294,-0.3671576215072106,1.1966714165048251,0.8096667318370881,-1.1227646876516986,2.3313221101646047,-1.8096948031966238,-0.9290804750500894,1.9466666801053483,0
2052,train,0.8262651669625846,0.7881006272215392,-0.1700667256357348,0.1400449486451294,-1.0074115529860066,-0.6640088302469213,0.46357237964343173,1.7319282523831723,0.24966698841637838,0
2053,train,-2.204223978132017,0.4608115750122562,-0.8112704894044829,0.28709623350496555,-0.1897736343062064,-0.6991374369644738,2.294837934832836,-1.9224956342823292,-1.058079889482088,0
2054,validation,-0.03567408905656294,-0.668229315826458,0.8167712087583915,-1.5182004038266856,2.293562309641783,0.5034751715619002,-1.298877202431848,-0.8093061321822379,-0.3859346723756705,0
2055,train,1.5630975879017548,-0.9332685843236501,1.2129172872024918,0.15292737769888756,-0.02048549852678704,0.8666992692338806,-0.45401193397839024,-0.5909037485471816,0.7613571028678855,0
2056,test,1.3032770554266393,-0.8425954759707319,-0.002772396600799321,0.5148154447178369,-0.02048549852678704,0.11003713635135201,1.2109428721520397,0.4499790144421537,0.6982881727342419,0
2057,test,-0.9488478816767436,1.3636440229486566,-0.8798376613669817,-0.8461967419701072,-1.1082937847849021,0.8663284808940961,3.209630790205788,0.2922439209719478,-1.2560429367511476,0
2058,train,0.14806363790165955,-0.5840964896678418,0.18516239100061596,1.2523085014594575,-0.2068413588367184,0.6220935029015866,-0.07970586041724763,-0.6929332816260789,-1.5292610739350694,0
2059,train,-0.03567408905656294,0.13119382475811223,0.30685608478344634,-0.7967809537164886,1.8522088030778883,-0.6948603088280288,-0.43353506652661833,1.4623436597506263,0.577126310266651,0
2060,validation,-1.86230475956533,0.017008856282358695,-1.3619270452710388,2.3139558776490374,-0.02048549852678704,-1.6299333872436934,1.7420464572146102,0.9904631326847488,0.4988247715175243,0
2061,train,-1.2185810451030046,1.1508171097882958,0.5687056460649712,-2.1718249153870546,0.9827523097195631,1.7622712849002946,-0.455269928205712,-1.3588414280197156,-0.5734031408587692,0
2062,train,0.11835804355477575,-0.2744723678213602,0.2890816024027739,0.06178539166150439,-0.02048549852678704,-1.0069907918308318,-1.0312774300763767,-0.2887481804061863,0.37858698343186953,0
2063,train,1.474921628134035,-0.37633299785068863,0.10639353817255887,0.18976782271634562,1.1310431445159774,0.10476508000403947,0.34846023287939953,-1.3516619790859201,0.03257809449506968,0
2064,test,1.7676602557421404,0.08612841430845054,1.2635499610894627,-0.6039242882103611,-0.02048549852678704,0.41050767333368604,0.564664899277022,0.6607571497543439,-1.5025617911989242,0
2065,train,-0.03567408905656294,-0.3594240911560469,-0.23328780732016774,0.25421052167381225,-0.02048549852678704,-1.6579303743990532,-0.40681515423175735,0.026917555800952335,-1.218493756239364,0
2066,validation,-0.2334085608148317,0.003420856866773874,0.19932821814179857,0.3099696246737173,-0.5011247459915362,0.8892523376904307,-0.7956760331020424,-2.176182857869197,-0.6008752216816874,0
2067,test,-0.18544080972029303,1.9819232423007884,-0.7585514689849755,-0.02553455833055941,-0.02048549852678704,-0.3723013738802184,-0.6945843608889688,0.008884690356155613,-0.8898246664757975,0
2068,train,-0.07975074189413892,0.8020129056036682,0.412764811569789,0.17862778134279916,-0.02048549852678704,2.7036060468129386,0.95674350115317,-1.7354727759309287,0.493685574344255,0
2069,train,0.24645872572770652,-0.5386172756091973,-0.4610640741665346,1.7317529405050365,-0.14729301564359903,-0.7870800850404394,-0.39202917444124163,-1.0815467241257395,-1.3071464375043593,0
2070,train,-0.5946473610888351,-0.13805641800170151,-0.28275008524872386,1.0565854790151235,-0.02048549852678704,-0.3279782250289869,1.2119516146133933,-0.30693323365880604,-0.9702382192330997,0
2071,train,0.17528508351598396,-0.2773293136639668,-0.061563050633844964,0.4279893332519187,-0.02048549852678704,-1.1821007205815321,0.788804820570361,-0.7033389841978724,0.07005128776013012,0
2072,train,-0.022253624203413546,-0.28509908171230686,-0.7273783231545452,1.105581581781142,0.21255924110967547,1.6490735185027035,0.00510072369640406,0.026917555800952335,-1.021430304213454,0
2073,train,-0.30055856658402247,0.9134955238185649,-0.9200786887450336,1.2234917293601595,-2.0970812591903103,-1.8847912148972696,-0.45421248200925035,0.026917555800952335,-0.20861793023663014,0
2074,train,2.084794201131068,1.3923302915565725,0.32269515061718745,-1.429126742635139,0.3637937946027555,-0.9799708539759063,1.0251234351112022,0.4362694066062852,0.6530451514606253,0
2075,validation,4.708454372338593,1.1939093984671132,0.24977698921556957,-0.9109536016082347,1.298269816274539,0.403669325337951,-0.24822881144240622,0.42726543914675397,-1.0228334014417126,0
2076,train,0.943236823108565,-2.087140045435403,-0.7444887736919334,2.2607374617150877,-0.02048549852678704,1.5449935071162966,0.8158898885073405,0.22936377303281916,0.22850086954790166,0
2077,validation,-0.7086398512193117,-1.3967039489542914,0.2723222076003871,0.8205609268594235,-0.02048549852678704,-0.21056822751342233,-1.278437444044577,2.6280074050563886,0.2888236643438354,0
2078,train,-0.8462277929916698,-0.06449746317866142,-0.46577041351339776,-0.90393298601491,2.101833869210484,2.403039648254927,1.0296333520337568,1.708122640970403,0.34104010083642067,0
2079,validation,0.7016350114350228,1.2189122173272926,0.5482203820654018,-0.5173328603262435,-1.6128883458918837,0.850389719419631,1.3230163127295316,-0.49457415155035206,-1.6831798565151719,0
2080,train,-1.0205174827374506,-1.6309406017427082,0.04783873016760379,1.3431728095578657,0.9492212220280501,0.11254107492273425,-0.8225542264174457,-0.8677789707902888,0.22695314169570768,0
2081,train,-0.8034218308433146,-0.013688929383124647,-0.2748757799977733,0.33944697714227434,-0.15250392706643479,-1.2811780917954219,1.2975747419322308,0.6996661703789603,-0.19288875430508923,0
2082,test,2.178634635138272,1.6121489717183548,0.16441939810539327,-2.346339621136496,-1.3570787805949782,0.5037620944266038,-2.7764394148735625,0.09538750290795729,-1.4401681696998945,0
2083,train,1.6980483257391965,0.2766667378710318,1.2822446187909355,-0.8954899005100764,0.6282135980611154,-1.1699528020790428,0.8324385152095992,0.176725685719983,-0.7053898938388689,0
2084,train,0.007317137614040787,-1.7412273422384814,-0.32308461018595197,0.2958681160276015,2.4502523180308895,1.2358811631562798,1.3131172082053255,0.16040659159932347,-0.43784840922151763,0
2085,train,-0.03567408905656294,0.4297809964828368,-1.0909078503514023,-0.0910346505580896,1.4710363006509128,-0.07353952138529421,0.12754444990175615,0.7100929021999833,-1.8594242466492386,0
2086,train,1.7722797503055723,-0.20100253922223427,-0.3484725936887518,-0.015005178263849527,-0.02048549852678704,0.40767429494638574,-1.577689148224229,-0.11972565658250268,-1.1317298368839226,0
2087,train,-0.3789701985198247,-0.47958515974221183,0.07166951552125311,2.10463144622951,-1.7015377605935418,-0.9481749816666754,-0.693712692520283,0.026917555800952335,-0.5162091618347495,0
2088,train,-0.03567408905656294,-0.09475911540924688,-0.34840028132210793,0.9893730854999513,-0.17800605891483426,0.6176027707164409,-0.33377728009594326,-0.8519622503064549,-2.042709513813159,0
2089,train,0.44980668963476306,0.37386854056870594,0.6639623683613892,-0.9187149151768763,-0.027427585945323213,-0.38129438571444607,-0.5438610219832697,0.44786749416291954,1.3368815697015122,0
2090,train,0.8204771514972109,-0.14902620701927158,0.08102473105898075,0.5495808345793901,-0.02048549852678704,-1.6655372480869466,1.1440926301235097,0.4092745098894412,0.4093777119564819,0
2091,validation,0.1124528912827085,0.8269378244480486,0.28425257809679505,0.18406942581992627,-1.59828909395148,-1.4939532744056534,-1.397074333043941,0.7023179914709423,0.4995104827950894,0
2092,train,0.4493478065655852,0.7029739460537456,1.0237881004348337,-0.1909113391706312,-0.02048549852678704,-0.2830038430894418,-0.46046953529474216,0.26961457611214323,1.4492416824398007,0
2093,train,-0.03567408905656294,0.5361695335166938,-0.31727679561340055,0.334979358440493,-0.02048549852678704,-0.08446941107472804,0.7837279762628898,0.539434295434905,0.020485141627444692,0
2094,test,-0.13194769310970203,-0.3364256821799111,-1.0921828474866115,0.5768592747472854,0.46233144580518193,-0.41354806338783046,0.8568930124246784,1.3000686528397898,0.16602574554719432,0
2095,test,-0.7058016825058359,1.0378772696908007,-0.1748156356789268,1.410430225495318,-0.7701978040990395,-1.164272651528097,-0.5109259440625342,-0.6854242388349295,-2.2431000980565576,0
2096,train,3.0532370782040266,-0.11636684452587863,1.9826376628387574,1.0988765374796605,-2.6865258310957865,0.43682202774090356,1.641072120620653,0.9746267936471861,-0.2679933914407161,0
2097,test,2.097421997413018,-0.07412365314728389,0.8082187531343751,0.12747781299779676,-0.4750192111968613,-1.8343353249158583,1.2813413831956824,-0.19360593843454457,-1.3211759187627676,0
2098,train,1.1153289004373816,-1.5775768965539947,-0.1773229306440788,2.2149267918999236,-0.02048549852678704,2.2719539161121656,-0.37035447044098996,1.8194076008335627,-1.229613491028526,0
2099,train,-2.2918788168386643,-0.4098179264332999,-0.7936341512324252,1.5189493537396015,-0.02048549852678704,-1.6525122116351203,-0.4043275222419834,2.9116079311449656,-0.243735089192781,0
2100,validation,-1.4908504334209423,-0.3729401698984572,-1.2396340125580148,0.2271763801724207,0.5219884862763123,-1.100794250524853,2.251870009850977,1.5773984118198383,-0.48064664060638806,0
2101,train,-0.6895965582122235,-1.7928036315953426,-0.7923493502265557,0.6208504274790194,-0.02048549852678704,-0.47687204340601536,0.8442381759216141,2.1752015902261563,1.3624731646941872,0
2102,train,1.3265530227496243,-1.2398702634019945,0.350907430766969,0.33803847876131066,2.2713253802032054,-1.05069274159964,-0.20324918357674468,-0.22911731479018035,-0.4408199091552268,0
2103,train,1.9264458841721996,-1.1224103988572385,1.1740546244011523,-0.615319101913828,1.9627907173968973,1.3955446241236875,-0.8313929447772608,-1.269723770948417,2.025291704605843,0
2104,train,-0.03567408905656294,-0.949497320107668,-0.21568122675227583,0.11281270287815176,0.49822924570589744,-0.09703574119152407,1.0744556870262651,-1.2747663964406968,-0.6940637826338169,0
2105,train,-1.9436283114554718,0.3355250176062951,-0.0682878822103774,-0.15734903615946078,-0.8114308165997868,0.7452074693842099,-0.2369441927291626,-0.0513252271048335,-0.303988784097238,0
2106,test,1.3966009699959607,1.117225294709855,1.1712423919553554,-0.21644738418157639,-0.02048549852678704,-0.7033226389561688,0.6335286858758209,0.16347769915160312,-0.41837663856641016,0
2107,train,-2.1632978100340816,-1.3455064268943275,-0.45031943482163195,0.1657160198008581,-0.25923297723844985,-1.0548493984675493,-2.0273038243582002,0.5756786282331534,-0.9796092345764833,0
2108,test,0.20422089622269354,-1.4841152937257245,-0.841807015305357,1.2385701990242355,0.3883001439343876,-1.3731990529461922,-0.23554946704851604,-0.4598354991815055,1.7482123058436234,0
2109,train,-0.03567408905656294,-0.4916111869156107,-1.4934379271127125,0.9811369934787866,1.7220368579114487,1.3107266071365071,-1.212743453773613,1.3647218593382047,-0.07322239675970106,0
2110,train,0.98051757088162,-1.6828934701593394,-1.0420957873413783,2.5964817707431607,0.3692413624170412,-0.5041960114796231,-0.45093055389731246,0.21925001788733772,0.4759472343827284,0
2111,validation,-0.9381295071176514,0.07344523562086594,0.4553938906656109,-0.44458184032290654,-0.02048549852678704,0.6881200257921665,-0.8034668991669854,0.8464504833654866,0.4546366447342456,0
2112,test,-2.2936030298660377,0.07238990769812756,-0.6730427692024407,0.9122297325591409,-1.173131440618359,-0.6920164096645358,-0.7006841518941062,0.026917555800952335,-2.068411847401647,0
2113,train,-0.38413948867688497,-0.4136008490275538,-0.8569819149962159,0.8049881314351276,1.0784054420237634,0.831016527219545,-0.8032013689729698,-0.47250091096856567,-0.8933058396490573,0
2114,train,0.562732226130008,-0.19288919036222013,-0.6092271090533136,-1.0234492465141574,1.6609922210699257,-1.6492948421720262,1.0385392062897372,1.032961698429081,-0.10774759865749528,0
2115,train,-0.3381049884830847,0.4427929991729031,0.8167154368668234,1.1131464714809993,-1.8295215925623136,0.9479923553743599,-0.06401334870494975,0.1811863505207632,0.16109514214480952,0
2116,train,-1.8954234109883574,0.6619418550466649,-0.47511466314750156,0.26805829351818067,-0.05459206307326725,-0.04664192083160799,0.2269383931213645,0.2492721378656685,0.7871811160494921,0
2117,train,1.0156767300363814,0.5643855579345043,-0.6869356927315186,0.2714576035358951,-0.4630929906713728,-0.8401289149720625,0.20825780324465532,0.8458176989781043,0.03998140165134885,0
2118,train,1.2260451383398867,-1.5766241001061387,-0.4772165463225255,0.7295330458085713,0.21021948832995455,-1.739119082262415,0.28475469190614777,-1.5100905713512827,0.9504969173834789,0
2119,train,2.3288454774576537,-1.6229083402466884,1.0818942885993066,0.39341058207866375,1.898474023634401,0.7792270943451367,-0.6914282364827549,0.6035859236347031,0.9085575900922371,0
2120,train,-0.03567408905656294,0.6850734124289055,1.0505379034867417,-0.2023472188560035,-1.9201970727877353,-0.20364317308792934,0.5950281538266909,0.30008767440188405,-2.5399172631180864,0
2121,test,-0.09352048417647436,0.5347592208182094,1.266991222123127,-1.0048929853857465,-0.01051728998304565,-1.3448012348175304,-0.444812416390954,-3.1960920681180465,1.2328741053511079,0
2122,train,0.6964787895065682,0.4997973762188609,0.30928734910409894,-0.5357501176854067,-0.32200523100257405,1.1030591479763754,0.026951541259405815,-0.3965390420720438,-1.5366738400157378,0
2123,train,-1.4808958064457525,-1.0873206159401823,-0.9443604692210398,0.6910514126250727,0.26041490323359534,1.3216397025316102,0.02819663756290701,0.33762020413910643,0.28844387644538444,0
2124,train,-1.3514952593334213,0.012910435252886892,-0.014979561983259946,0.4104825718277274,-1.1416254270729924,-0.04101286802426771,-1.0206807791550567,-0.9440438787540241,0.4639369975518955,0
2125,train,-0.6746809457164431,0.3734910083692351,-0.040718461230802375,1.5598928803886336,-1.9324738894753892,0.38235029487463057,1.5396838848788321,-2.2250596222188674,0.7067596311970189,0
2126,train,2.0082999462320723,0.518742042205903,0.41187433467028056,-1.1801731657731727,-0.4067798668941816,-0.8101530321801937,-0.08243920764549098,0.1206199206480322,-1.36740372697911,0
2127,validation,1.2900847293701032,0.5017128039226109,-0.316816530404379,-1.1249832263165953,-0.46361906890991067,0.556564704177802,0.4977891367360373,-0.0019275815031572529,0.8765254036361838,0
2128,train,-1.0684258327928735,0.9811681912608723,1.539808456823614,-1.7137188839111983,-0.02048549852678704,1.209330960210116,0.20406874665136585,-1.2254511523136038,-1.4995972975443463,0
2129,train,-0.03567408905656294,0.12622243502928907,-0.1218964246364886,-0.11906797768030224,-1.8997929286848567,0.27569019993638155,-1.2404710194262027,0.27745883779805014,-0.20709346031559686,0
2130,train,-0.24019471049265265,0.9932116415828205,-0.7689484339856051,-1.2322799060751182,-0.49273521155515243,0.19676859239326203,-0.14725982858817582,0.6436463335203423,0.2808411006884865,0
2131,train,0.07344543461741536,0.9711776598106953,-0.7305557833573383,0.18786116986238896,0.026228176224902616,-1.6402118626646238,-0.10145808350945322,-0.9739939379219581,0.16861149604324807,0
2132,validation,-0.03567408905656294,-0.1942681996237168,0.9912816896537399,-0.44962628310886743,1.4787196941134917,-0.5661809454106111,1.5086496078882914,0.47785896351776835,1.2372259062111832,0
2133,train,0.029702564558604337,-0.7058529761989387,-0.28507930805187104,-0.35121811550461335,1.0631818830750304,-1.6344160525965776,-2.1386000839546115,1.4368987656652934,-0.7348700133905075,0
2134,train,-0.9885709612124495,0.21481190644220263,-0.2809419665106632,0.5923498385179348,-1.8804713002821274,3.453919132836478,0.4553183263730657,0.1950937713270086,-0.5867907170276371,0
2135,train,-0.03567408905656294,-0.3892657213839097,-0.9620795336692545,1.3467889574305754,0.03480661066293788,0.4862343321540731,1.6269225322231797,0.8851245534783911,0.5628998718754483,0
2136,train,0.5929504545081236,1.461108490720453,1.2054007822578836,-2.354577062085757,-0.7189268598239243,0.07294197890056482,0.6089648438805767,0.09907315593634393,-0.01911217542191303,0
2137,validation,0.4704196665041203,-0.04727817925921949,0.05865591861064588,-0.6180519442543932,2.2828226582729956,-0.6948669225212165,-1.0094861124470509,0.026917555800952335,0.931723954978168,0
2138,train,-1.304264958693423,0.2926345217805827,-0.44387495024170803,2.581288161187441,-0.02048549852678704,-0.8664197837431089,-2.8638058351820703,0.37816568097540026,-0.16585414713675856,0
2139,train,0.39721264060047295,-1.0228802045904906,0.3665811055075345,0.7236787240393293,-0.11603937498300092,0.04774872313736074,0.5551267041145119,1.4560834278631203,0.8277383802948858,0
2140,train,0.12818301082684203,0.9919321388801777,-0.6156851943128738,0.30695999225678083,-1.6901652230926902,1.1168563312591193,1.1059363435387686,0.06254738368217358,0.03288779658468454,0
2141,train,-2.309424244392828,0.17747050107621404,-1.4083914727753917,2.022791854016343,-0.568014344776073,1.4259269791251092,0.35862436587572716,-0.05781906535079153,-0.15889220231819137,0
2142,train,-0.03567408905656294,0.7479719594128645,0.6082528555422684,0.48526964520773463,-1.624754169276439,0.5435702884105759,0.457510303440205,-1.9270031980542692,0.9182618365517021,0
2143,train,0.4142348161451121,0.7385382975342756,0.5545523884556638,0.7408954771379286,-0.9299644032471488,1.6827978468696088,-0.12303157429536288,0.6906758763992638,0.705320000040165,0
2144,train,0.7308097089097083,1.214350800260103,0.6961770576527955,-0.5566516283173051,-0.2333881802488037,1.0303111691254594,-0.2699382780395193,0.9233214073575583,0.6375443503059699,0
2145,train,0.07058861363724998,-0.38508002217952636,1.0597570302825847,-0.44816794043285785,0.5243445624591958,0.5457645703172447,0.16641247794208444,-0.26322627793643577,-0.2387964884789004,0
2146,test,-0.949415054372061,0.1729547366424072,-0.4917550115993746,-0.9824020592581224,1.4108541705726614,0.631593820499859,2.2727512376160623,0.026917555800952335,-0.305228284260226,0
2147,train,1.1401876715931196,0.015134646507339084,-0.2551946166316313,0.24694632019631318,1.1812973445421033,1.1140963025007806,1.5057736462115845,-1.9222116453079896,-0.5668671021092776,0
2148,test,1.8587346036011219,-0.5825848836566598,0.9971832590033417,-0.438113392401958,-0.02048549852678704,1.3400795973658113,-0.5888898094167366,-1.2584978889987966,0.44330296459943047,0
2149,validation,1.9642783372227197,1.2351428195488594,0.5838973036141539,-0.9397728435232249,0.013831207865800341,-0.6021554577841169,-0.3841702669332998,1.271755588558814,-0.4187702229141294,0
2150,train,-0.03567408905656294,-0.5383684111398099,-0.4020225234453558,0.4846107601887523,-0.20969121796521117,-0.3792770330419975,-1.476275193728619,-0.5238696207555347,-1.5511329804786933,0
2151,train,1.4059109448964004,-1.0431855801697254,-0.03998382308102252,1.696961119752595,-0.02048549852678704,0.9068034401619743,0.4292507657341907,1.1137331168961484,1.0674742320066266,0
2152,train,-0.03567408905656294,-1.5468156979832124,0.43351118927013615,0.13125406897808078,-0.02048549852678704,0.4460598053839645,-1.8077488414833063,0.1827770136299463,-0.4961303960043705,0
2153,train,-0.8464369976645144,-1.190315411723959,-0.651819726946387,1.4709925816914486,-1.545618041626162,1.5054437820795976,-0.7322544147132254,-0.8790158315758692,1.3792623680243379,0
2154,validation,-0.03567408905656294,0.40552558932117266,-0.3580570973369075,-1.6472730753295617,0.37785099641485226,0.6355811416787822,0.5595548709610894,0.1699504492109181,-0.25419611737725384,0
2155,train,-1.4313513733997638,0.7425655947276223,-0.09404184463741705,0.553639238341681,-2.7811776088467113,-0.6701054129877881,-0.6206539632737763,-1.2780815010807285,0.6448561896506114,0
2156,train,-1.1306722007449563,-0.3315517149745834,-0.43175359205923525,-0.4336780813069089,3.1195554737250153,-1.1825227077314222,-2.0032756741947417,0.0770770580909271,1.603288505122678,0
2157,train,-1.5287765276992344,1.3611997528841329,-0.39674917688603295,0.19074969906629255,-2.6447288400726814,-0.8962654189313003,-0.4731425806314346,0.5881591844084154,0.7794108647742105,0
2158,train,0.5582473332999907,0.6451391759249082,0.2004957960849178,0.246691608926417,-1.5015076723125604,1.4810149920932782,-1.2036356411587648,-0.05937539012889398,-1.0659445266797887,0
2159,train,-0.23148972683563254,-1.1703253292411642,-0.6270927569603106,0.022943555423428064,-0.02048549852678704,1.0692693519350265,-1.5082357949578162,-1.747535068495192,-0.5584777203075735,0
2160,train,1.0756126481064918,0.3126599041446415,0.8805687839870643,-0.6646906222726144,0.14306924236493557,-1.2113539754301474,-1.567584292751933,-0.14903513387993048,-0.3601236819987115,0
2161,train,-1.9900003307363772,-0.4592537613038161,0.45536886541507926,0.895675438360153,-1.0046507420861295,-0.3537513325832655,-1.505349168937503,-1.2344772612283859,0.25239931579605657,0
2162,train,0.9748538121778633,0.4775887768017552,0.7670088349635149,0.07992421717730541,0.24115841191020138,-1.063088121428481,-1.6092690532815586,-0.3417262421659066,-2.3083778142709797,0
2163,validation,1.9850664807780831,0.5635352990910462,1.325658146391709,-0.5626043533008132,0.8807824762611208,-0.6662614644998989,-0.14436723666623957,0.7449339282216199,-1.6762961175770734,0
2164,train,-0.03131125804317562,0.25136847022168607,0.31784822690630093,0.6125106723586065,-1.4575976107086726,-0.7659907775001232,-1.057402416457194,-0.39323369949557274,0.34121553146750205,0
2165,test,-2.9142389091170458,-0.3247864213214758,-1.1260068295136403,0.9625954222708034,-0.029604763781048322,0.24158024863945451,1.2904810490322614,1.3676008252202112,-0.6149823781387174,0
2166,train,-0.7567135737676328,-0.31425757740867555,0.14911897836813984,-0.052671038925562665,-0.02048549852678704,0.22463478840437465,0.6704320535784999,-0.0905379579226899,1.52693419407762,0
2167,test,0.7466299539570755,-0.5713243073466587,0.4335711631457391,0.29719564196216197,1.5954226841452628,-0.9180617667559517,1.6781599904314135,0.5182595778963239,-0.1604064358339601,0
2168,train,-0.050271205094853486,-1.0603492693812215,0.521364549480805,-0.2956377345738885,-0.02048549852678704,1.8067209135467652,-0.6075560145596216,-0.9182045241677507,-0.8847123218039832,0
2169,test,0.7460411293276948,1.9056835315009153,-0.5147489420133821,-1.1917171883698086,-0.02048549852678704,0.08024384128521046,-0.44387268210503034,-0.9519813521767975,0.4154344235168075,0
2170,train,-0.03567408905656294,-1.0484137628965715,0.3219141165087978,0.10622152243840996,-0.08011143830128364,-0.16445434050159807,-0.8200645263544976,0.4961346308249293,-0.9656140507104041,0
2171,test,-0.14906966920819745,0.6136587920756873,-0.9429802255880863,-0.9212569436941895,1.8808954567739533,1.548327140030458,0.4371212281421015,1.2839881842637288,-0.02008788322942732,0
2172,validation,0.5900843928367963,-1.5202260700829866,-0.1122713340564062,1.3265199669712868,-0.02048549852678704,0.5775625181872899,-1.0859504962602062,-0.3714916833729019,0.732497869568393,0
2173,test,-0.03567408905656294,0.23098716220121118,0.5129924957753805,-0.7224982311558557,-0.02048549852678704,0.7306362288671847,1.879583232306208,0.26763587034268954,-0.8507212275282239,0
2174,train,1.700064763284822,0.8144543331249056,0.7373287216657874,-0.8920114691616047,-0.02048549852678704,-0.3637699019405879,-0.891218872254112,-1.3652778181313079,-0.05330494286577207,0
2175,train,0.12981332800193196,-0.049138861192955956,-0.03614991668597281,-0.3277302249703314,0.738048194907832,-0.11856944799446402,-0.8814979218323115,0.9580912876830404,0.3845436058383602,0
2176,train,-0.03567408905656294,1.9652348418708683,-1.1393425428721253,-1.1442022871592445,0.06090808383021119,-0.04850280037603108,-0.5950272754531462,0.2589362366722523,-1.4766867558349253,0
2177,validation,0.641796773863344,-0.839361757988608,-0.30113194325240283,0.6133458227153675,1.9691558038203654,-0.9541701651271515,0.27949587551502675,0.11955283343472929,-0.30035213520909365,0
2178,train,0.5415604839399123,-0.8130946590781771,1.72843418740388,-0.548211251260709,0.3361657262341729,1.1041278954056746,0.49188204059040197,0.1770486855581625,0.12195026909312864,0
2179,train,-0.432393348535701,1.2485736949574426,-0.350337480184044,-0.9328596244135156,-0.02048549852678704,-2.3781612495096587,-0.8316519923572879,-0.5958347009501164,-0.27050259203941274,0
2180,train,-1.2899179288591724,-0.7809755919457566,-1.0840104915928805,2.298729395369827,-0.8950326857277393,0.9067149872537882,-0.6056151064706774,-0.7378912897749971,1.1577947337864014,0
2181,train,-0.3717239546043609,0.021662225280227567,-0.664135391608383,0.20427383159576104,-1.650554873304923,0.2981899816968289,1.321922659956122,0.7359800315800497,1.4998314882801889,0
2182,test,-0.7953792031535516,-0.029952119175231332,-1.0678601466059476,-0.2713266826317729,1.2880436435861315,-0.7412322358707572,2.1527274843674657,1.538547918581356,0.6935153020430298,0
2183,train,0.7164988486915622,-0.38277380719847315,0.9352566080612139,-0.5494045585381597,1.0938175219987727,-0.33748544103217337,0.31352964790235366,-1.7953956586841657,0.2983623240007918,0
2184,train,-0.03567408905656294,-0.27117279432190633,0.8784382972739128,0.5507535259987121,-1.629296178175476,0.5070387812978348,0.5828778445775764,0.8116932333910013,0.7875646826584439,0
2185,train,-0.40189758012085336,0.2583340335432328,-0.2268333538404165,-0.4686208362097475,-0.9733232808669241,0.6729800212186774,-0.6422034325943546,1.4804231858819883,1.2020881529631178,0
2186,train,-0.03567408905656294,0.26409520218350657,0.3788117812865854,-0.9081672426482825,-1.0361756110295615,1.2360475543590521,-0.4137445056778147,0.21605721788548932,1.1815240779443437,0
2187,train,-0.07262760688754714,0.2709894945605491,-0.6502606861612251,-0.9780758786267768,1.0309037813479989,1.2861131797465308,-1.1984299399842866,0.4091717597976897,1.734910004493177,0
2188,test,-1.0857864206528502,-1.9050873897791523,-0.6641041476035805,1.4998781061324145,0.8895453261588527,-0.11526037423991278,-0.4179888832285144,-0.528319057028519,0.020651067299084055,0
2189,train,-3.081351738765121,-1.5088050353094105,-0.056663430264559785,1.2742504979651976,-0.5978009113390137,-0.2664909105007385,-0.8395473573031246,1.0874985362562997,-1.4751735095152663,0
2190,validation,0.15524340575682216,0.09475057427173297,-0.8278358110444454,1.0780982142014333,-1.5846735742093616,0.7270632322718916,0.920146339829305,0.25464473745667665,1.4744122280613634,0
2191,train,1.0008062473524166,-0.1536353423666564,1.1720712651739686,0.634442011397794,-1.1030585804912132,1.1209838193489845,-1.7426741455140515,-0.5104734908800879,-0.5207751446094951,0
2192,train,-0.2584719922086172,-1.467383168395127,-0.9657436102555986,0.013318456253463534,-0.02048549852678704,-0.30286281142394045,1.9978436074751782,0.2679845193628025,-0.7359610287727245,0
2193,train,-0.03567408905656294,-0.061362461047858315,-0.39496608567476865,0.32071908438428404,-0.02048549852678704,-1.3266539114793938,-0.5906541328138345,0.5701994697992894,0.6962285504512484,0
2194,train,0.6428390908750521,0.24709159140560882,-0.16000823773317374,-1.5984694194309246,1.9911688768981353,1.0794570104776744,2.2317228838178544,0.2807299155567728,-0.07016749793593204,0
2195,train,-0.03567408905656294,-0.8789393639418778,-0.3698927354007156,0.9128266890057439,0.3125908599304791,-0.10922702831537073,1.2836605008738375,-0.40668362211830317,-1.2895309561447785,0
2196,test,1.0435119902461818,0.9819963348114672,-0.30593807402943707,-0.04954037432460148,-0.16278709160978702,-0.5480596639515964,0.15153311669362624,-1.5742960759514668,0.7847735570088766,0
2197,test,1.6224114405890777,-0.8430221668866015,1.3146502684532344,0.8494821502307384,-0.4905300362269594,0.2678295938690353,-1.1830657654811907,0.520261723645323,-1.0315364302812189,0
2198,validation,-0.1976979401140899,0.9348850452388854,-0.8358803034776082,0.8563477693128394,-1.6306329424138866,-0.8287207046514022,1.571923958664003,-1.6367402790556713,1.0896181596712304,0
2199,train,-0.03567408905656294,1.0114916627226587,0.0717238761289092,-0.8691175811394661,-0.35240579259893634,-0.4802235120924687,0.3786193049737546,-2.019794117355023,-0.15307735508367415,0
2200,test,-0.03567408905656294,-0.2551827296225661,0.006925115606617019,0.02759081957149814,2.060564807363624,2.318707854806301,-1.6182199337123475,-0.406188840000524,0.19485203565213108,0
2201,train,-1.0879578455515382,-0.3072649614693211,-0.5890010364492579,1.6889265021365418,-0.02048549852678704,-0.8880448041292057,-0.6148148443262631,0.026917555800952335,0.7504286360463689,0
2202,train,-1.3843232269207353,-0.15321263563603152,-0.4054361563201768,0.6361617034406679,-1.3623196448035266,-0.6686713730177959,1.156866227870098,1.6308859431541722,-0.0518815403434231,0
2203,train,-0.5704989092608773,0.07286741842916664,0.5903452094194321,0.4429492847850274,-1.013317565665168,0.6255309754823684,0.8762051355580383,1.183913362456069,1.0029187699496236,0
2204,train,0.7204700678870618,0.7671385199999478,0.9098077128618886,1.0735762053480753,-3.5120432355333664,1.5858069134438164,-1.0787430776913345,-0.4185478875095483,0.9386076964737694,0
2205,train,-0.15739343299530698,-1.184271194304902,-1.1267402009222958,0.3351305997601979,1.4374930939859571,0.5626404672195757,0.818492194542767,-0.21686321833673183,0.797810365264437,0
2206,train,1.169536914170446,0.8941151105561184,0.20996734238976092,-2.890058432228032,2.0485354478656412,0.23416351554941953,0.023520962739872458,-1.477652384369453,-0.25706836829682345,0
2207,train,-0.03567408905656294,0.10994116010093107,0.40308417786270856,0.005081544283395654,-0.8011884523257422,-0.41594555674890965,0.5517235306238167,0.7410609492799719,-0.8835844489690574,0
2208,validation,0.8848395703248702,-1.2188394167259085,0.012463003920865275,0.348753385351584,1.2555370334382414,-0.7789367220202373,-0.7617513301596956,-0.206703865913064,-0.49248049925132426,0
2209,validation,-0.41389647768787036,0.5823158472936031,-0.07383967508555662,0.34010601730356443,0.402383865784222,-1.391704739607149,-0.2204986759947482,-1.2642041294828572,0.09043017527434714,0
2210,test,1.9134139647497734,-2.0881926794359646,0.526006370390241,1.0477575751659667,0.4373567900102969,0.6492159246530051,-1.5780135389624332,-0.05007298198784058,0.8269304331673252,0
2211,validation,-1.549562711190511,-0.3236633070839443,-0.30687683277258987,-0.026570901468645235,0.7025788761014897,1.8425864133743541,-1.8232222931564834,0.4458732491959512,-0.4771056436045864,0
2212,train,2.3786608568548298,2.4921072069269554,0.7782289791074255,-2.6862492718372284,1.2482830685084754,-1.155880428273275,0.2288215511847029,-0.05815003694939308,-1.175498612477999,0
2213,validation,-0.5304302055449927,1.6047445749102178,-0.08739962438569043,-1.0223298474120917,-0.02048549852678704,-1.1562873676072634,0.2524361108816326,-0.8445012066515091,0.320254400290854,0
2214,train,0.5027191139416148,0.3651762558803673,0.056275133866891,-0.7768093436461809,2.0404448426151305,0.9218709036385065,0.5726355683962062,-0.36271681641153225,-0.17330985241197686,0
2215,validation,0.6163363501770324,-0.14665450122707716,-0.5767564174127818,0.9129960414764435,-0.5789687351270514,0.04328602211587039,0.032799908409885836,0.748537239346573,-0.4119100769400691,0
2216,validation,1.76175214124748,-2.02620394873535,0.9567415060802315,1.3782445462861055,1.0016022867894134,-0.1985870946195597,1.1503110783566566,0.6364140405414932,-0.09687670761949314,0
2217,train,-0.778046486465372,-0.5138532534887689,0.5403939375491862,-0.18305659940279723,-0.02048549852678704,0.04899881098386984,0.11272455799417523,0.5904245490803953,-2.2294926687103898,0
2218,train,-1.0275715008054516,-0.21516798192905656,-1.172492880391417,1.0117785095242395,-0.10663255255034834,-1.1913931801314093,1.1481652015774788,0.004511425302828678,0.5127070377953399,0
2219,train,0.35839830028761965,0.37072629335027474,1.4481791939866828,-0.9323925694310531,-0.8797530439157242,0.5268600838731412,0.4298208472366256,-1.948889134269805,0.9224340342147525,0
2220,train,0.012502071519832571,1.4309832508631144,0.19106402977628115,-1.4357524375653625,-1.386232205629404,-1.0668049553742065,0.5533747218523026,-1.298154085825969,-1.1577231388534526,0
2221,train,-1.3148860203937527,-0.34874322912287353,0.43878977465191626,0.45009317745287575,-0.42213386751968696,0.27023350988296646,1.2352271235031083,-1.0631179646700188,-0.1639839143355478,0
2222,train,0.14799568515535438,0.2758434826092556,0.22357339401040105,0.6746994451792957,-0.013271391920284138,1.252619922677648,-0.584818865499644,-1.589750648212649,-0.036001102182986536,0
2223,train,-0.6666242585325968,1.3624177704141829,-0.9417541271641667,-0.6738668804162544,0.043223200645744746,-0.7932521693872154,-0.24702149112641217,-0.32914585932132834,0.2059683600112055,0
2224,train,-0.7371180573834724,-0.30147900200255423,0.08427413714985361,0.8067356886564079,-0.0716120339601783,0.20826312090041585,-2.9972259542912263,-0.010310133158675955,0.08421482308932646,0
2225,train,-0.03567408905656294,-1.3388785294017471,0.7614818431268268,0.827679806724305,-0.02048549852678704,-1.006752003735745,0.26760124557883075,-1.1237712739932555,-0.17899841782694717,0
2226,test,0.545737799891424,0.3401857205697714,-1.0760742651221546,0.17481424572520143,0.19652999698831697,0.8796238061436735,-0.06691966149698407,1.9968823137181333,1.8663214868424396,0
2227,train,-0.03567408905656294,-1.1305432487716442,0.23932872063033836,-0.19658433883515186,0.9721900682584125,0.5538137985199056,-0.11383570948805932,1.2447322802064498,-1.4234747550824902,0
2228,train,0.40508947233090487,0.24942874205270424,-0.032329082877224725,0.6780840148086024,-0.02048549852678704,0.21417797744584557,0.6259935694872343,0.7542996845757037,-1.0025913019688595,0
2229,train,-0.03567408905656294,-1.0041416159880705,-0.2614826877050716,0.0508963287965493,1.6482235355369317,1.9701546430581987,0.17705268688981587,0.1831117287048816,0.2545499570489315,0
2230,test,2.2520375101825656,2.023365054659356,1.9692318917534914,-2.4245211726924683,-1.3207601285389872,0.5585808711676474,-0.29468375253835133,-0.05061252168410297,2.3028421723804393,0
2231,train,-0.2513707835042113,1.220407080566176,1.295510881047095,-1.3324622281489549,-0.06420656401208194,-0.30871035028496036,0.17659638306404019,0.026917555800952335,0.7965355370354599,0
2232,train,0.18080394385233708,1.1796098113078748,-0.15606467230188972,0.05028096711393534,-0.02048549852678704,-1.5107762186243399,-0.4383398123662494,1.582768852907309,-0.13961229169264558,0
2233,train,-0.03567408905656294,-0.019565887640869948,0.10603881765191499,0.37735774333236904,-0.22914618803019815,-0.3813250852802166,2.0887748973690123,-0.8985379301094037,-0.32960205520554475,0
2234,validation,0.17773009496333347,0.16712373136431746,-0.5442088711200469,-0.5510732629681797,0.7584434385817667,2.1236456560859325,0.9287381039423144,1.4550830641387842,0.41832064223833865,0
2235,train,2.085338239759805,-0.5792413983062986,-0.13336420813421299,-0.8332485830459029,-0.02048549852678704,0.738095774712825,0.6801969689109316,-1.1108399169525582,-1.49795766199002,0
2236,train,-0.4788614878888868,2.1236941945283747,-0.06412628821039341,-1.3973742656091943,0.6431179306717594,-0.8603989072061893,3.8983708177848655,-0.3916276315408282,0.7175802839272606,0
2237,test,0.5831607711128849,-0.4581836030176953,-0.6778250834253261,-0.1539746087248656,-0.02048549852678704,1.9330012947209996,-1.1239173308220791,1.0038204228049734,1.8682226142784015,0
2238,test,-0.03567408905656294,0.03041026710868118,1.0740864901027136,-0.5262791639246884,-0.02048549852678704,-1.3037091659629414,0.0023827707643335923,0.5403745791208261,-0.08227027289335534,0
2239,validation,0.478375109127189,-0.13919036002882368,0.7138938037257451,0.03792072775268113,-0.11297625158084679,-1.240075984079295,-1.0960128745496593,-0.8683440449623365,-2.5695068514653596,0
2240,train,-0.518128809292602,0.9449442242008209,0.3014647366789576,-0.5203534517714876,-0.02048549852678704,-0.34567486449369655,1.1162451407010556,0.3190078527404235,0.9955866943634694,0
2241,train,-0.03567408905656294,-0.8100141514072424,-0.82673387942775,0.46749196356934053,1.6936741183141066,0.7194704142226706,-0.14267135241852041,-0.93168923000397,-0.2261210796761056,0
2242,train,-0.29848653034659844,-0.8106795348610943,0.18412015669340204,-0.019018654309204384,-0.02048549852678704,1.0522164974505543,1.8357957293135578,0.8101317658483056,0.2554882345230935,0
2243,test,-0.7281603194115549,0.2685205348065422,0.1654699658164819,1.2079166180163559,-1.3863407628512976,-0.6974846114388554,0.795331512662698,0.43729910848762465,-1.6429321127766892,0
2244,train,2.0442726572528613,-0.21419601542065966,-0.4827754843915754,-0.1260821096959044,-0.02048549852678704,-0.13992284353297393,-1.4642256917274101,1.6968096818447622,0.4645184215346537,0
2245,test,-1.3057044436477208,-1.8697847502330438,-1.1101751706441731,0.9595198381735341,-0.02048549852678704,-0.8107064193383705,-0.9417625439201598,0.6305422283869547,0.8151486746922433,0
2246,train,-1.0286299565178154,0.9946244030228504,-0.7057796187456038,-1.8312947315934553,1.3637228265096144,-0.23327999009597178,-1.0744282663407987,-0.14949428547968985,-0.4747211660274332,0
2247,train,1.6410859671796358,1.771830773545806,0.7600219609703399,-0.6127696321733032,-0.02048549852678704,2.378604125021145,1.2708308999504339,-0.04242208571569782,-0.43446292373964146,0
2248,train,1.3292360413954434,0.07969926023488408,-0.013471710969480603,-0.7021297340404279,0.4493136004395232,-1.7191765615124843,-0.26418249081566275,0.4398514115395404,2.1625243972567803,0
2249,train,-1.8270154049066691,-2.3717347953594317,-0.3089212801067879,2.901481460135739,-0.02048549852678704,-1.2275132258005266,0.19829485155011567,-1.0622007673391645,0.051081556198484854,0
2250,train,-0.07399828467371582,0.28253586873715064,0.09916709190651303,-0.7285646879120699,-0.8176386090187415,0.1697360039705242,-0.22818606191898458,0.7517337872609053,1.2283654042470449,0
2251,validation,-0.269829425272977,-1.1174235321011212,-0.4583948912790792,0.35096236694876576,-0.02048549852678704,-2.2194653117087584,0.9714923718791847,1.3143196407401745,2.0320923566692324,0
2252,train,-0.14743814631115598,-0.43057436388306736,-0.17836455377430832,-0.14331477391542438,-0.082849911623551,-0.09441362999823188,1.1285341760539538,-0.38332476833768364,1.107917039047024,0
2253,train,-0.632363409207929,-1.140147553304244,-0.23135489921657698,1.8595396162360576,-0.65035156483503,0.9504527909798902,0.7662487594621588,-1.5286970055604385,-0.21349289516393088,0
2254,train,0.8300354629091911,1.0939129411307467,-0.5993419290914221,-0.4695185163932125,-0.8989762732843601,-0.4024736313474974,-0.14499416264744622,0.7923762091706303,-0.09999285096465262,0
2255,train,1.060402751629499,0.2948478255617396,2.019374902477046,-0.6836497393750895,-1.1876360530702486,-1.0168805519333313,0.1360366834043369,0.026917555800952335,-0.7087319324618742,0
2256,train,-0.03567408905656294,0.7034501971692958,0.045097691304510835,-0.7614113331655957,-0.02048549852678704,-0.3632967899316893,-0.8448562632831231,2.9338636489287513,-1.248833107245,0
2257,train,0.18009443605508502,0.5514881005702109,1.2437300548571755,-0.4648415882882544,-0.37780660071196903,0.12387613651491577,0.46765390255022293,-0.6813290164145768,-0.5451642490633116,0
2258,train,0.33347826878917985,0.2906254626588355,-0.6701258661537859,-0.9797164306470498,-0.02048549852678704,0.36536905463335484,-0.8300785068368268,0.026917555800952335,0.5624798582930005,0
2259,validation,0.5254681698787403,0.3993508377344835,-0.2235504661768613,0.5867884534632228,-0.9207891155459695,-0.7340400466618374,1.3036427867904328,-0.5626672287561473,0.231488713203745,0
2260,train,-0.03567408905656294,-0.46987844632504544,-0.3307118292153314,0.07368321909441788,-0.21754635867436792,-0.885281859232573,0.15874694445376963,1.7315694128942172,0.05449318703227056,0
2261,train,-2.2369458837172593,-0.21768527904434937,-0.3738277170390438,-0.13011538725803856,1.7104609754054763,-0.773044266494877,0.30666134132629297,1.303166848153869,1.1031087456622175,0
2262,test,-0.03567408905656294,1.158186307852179,-0.3158849669329135,-0.1876497755841058,-0.30005747076083783,0.11690559476911094,1.176118961203856,0.0009997352383242899,-0.5840904172564845,0
2263,train,2.8262931037066292,-0.5554838733213027,1.3610623475676387,1.2249092814474363,-0.16948399294471247,-0.02619889288856523,1.138762312243886,-0.4519043301607254,1.504057958711787,0
2264,train,-0.46822462653337354,-2.152398995384494,-0.193327286277231,0.415363269073215,2.569212902825498,0.0897859437188268,-0.7288018093788191,-0.7895269689323726,0.607463822427718,0
2265,validation,-0.03567408905656294,0.8047823618030692,1.1862609919529497,-0.7304964389284161,0.07772170811717492,1.217511181690025,-1.3526607349704893,0.7050011203702489,0.045739505569538104,0
2266,train,-1.2633030955068818,-0.1550027270015129,0.3461671955673079,-0.05047490423296142,0.09469854446615789,-1.0432582553160386,0.507447188364256,0.7096474082366682,-1.0000567936004456,0
2267,train,-0.38931921775810313,0.05649253660087394,-0.02137491453479562,-0.747664594477984,1.5245368284654086,-1.623632024052623,-1.5559779041855266,0.026917555800952335,1.8604964159901727,0
2268,train,0.510771346558139,-0.7794475220552416,0.46711196991767395,0.9297973751893706,-0.7303207078241926,0.2535335808505835,0.6558696000697496,-0.37614357219477107,-0.5599992644453161,0
2269,train,0.20710969368429394,-0.5632204285884949,-1.011313036784999,0.45683217050501784,-0.02048549852678704,-0.6348059730715183,1.1776854532105951,-1.6296812880544485,-0.15860664944949027,0
2270,train,-0.7239978145730053,0.022915441554531547,-1.2843889768985557,-1.1163629377664601,2.270355433920782,-0.19698040225384153,-1.3321997840339588,-0.4404748682465443,1.5936677432296196,0
2271,train,0.8879446297793319,1.8239178722280742,-0.5711772831880707,-1.8402558902236186,-0.02048549852678704,-1.1591524229473442,-1.0531915441393402,-0.6924977842085057,-0.14845175819562237,0
2272,train,0.8852036343577069,0.815434099442108,0.6429632763758055,-0.3865079661177521,0.5253548064566234,-1.3551665719655241,-1.1070829765602777,-0.12092418056433774,-0.6519897273697779,0
2273,train,0.21098074740952388,0.3952873304267823,-0.4409881382699502,0.08513910466073407,-0.02048549852678704,-0.9710279021048778,-0.20943373192994574,0.12896605151720678,-0.24057804370411295,0
2274,train,-0.03567408905656294,1.1973522402031915,0.019255943603742345,-0.6453706771849015,-0.07001781911620021,0.16296991482505552,-0.4651218984053692,0.04958213636148141,0.6695504297726572,0
2275,train,0.8854260652080516,-0.9146157629705067,0.9266664233551927,1.6704484034472762,-0.7266331895353582,1.4603942954050362,0.9503128306772803,-1.7923190908657454,-0.36838572445342915,0
2276,test,0.00729760437377425,0.7900922540004639,0.9367963370194242,-0.26983512890989025,-0.02048549852678704,1.2813973108389682,0.580959559863075,-1.2685165673234677,0.1455185135873594,0
2277,train,-0.3531817449347549,-1.6895869657295883,-1.0174039389764657,1.2585249378358867,0.19474319125206746,-1.084821764884713,0.8698223458709791,1.2643061156489015,-2.221151154411279,0
2278,test,-0.4781791316428208,0.089296187895266,-0.15484898209682188,-0.777801734158541,-0.02048549852678704,-1.0278483945587202,0.7303972241774281,0.13914486089201974,0.8782877788685716,0
2279,test,0.31021904268741984,0.16053003350492132,0.5579112179894083,-0.9095072977260709,-0.02048549852678704,1.0890640296500553,0.2207929423645631,1.103927340153339,0.3066639655513019,0
2280,train,2.4133077707232675,-0.1007759553461599,-0.8832184147410478,2.0133604789897865,-0.1855980122100091,0.6336232444565192,-0.057559247204738644,0.01584651954636438,1.495610770951311,0
2281,train,1.459938657242747,0.12225161212940137,0.5610833995351174,-0.16431958627091536,0.16472171213364892,-0.7893378441045006,-0.036454817441552205,1.3202453590806733,1.0983078741507604,0
2282,test,2.3423540430726,1.8220274131067735,1.155317295847718,-1.302252122361965,-1.24283499473379,0.9535715392588382,-0.5284316297524707,0.5846787920114657,0.47329664351624007,0
2283,train,-0.03567408905656294,1.0119701817590396,0.10186464956752718,-0.45820083396214767,-0.48300448875477037,-1.6494552741488258,0.5609781764340335,-0.7304566348714577,1.0543875012949115,0
2284,validation,-0.7235810868383943,1.2336911356837499,-0.21854670215992109,0.30581038651128056,-1.2875284533642641,-1.3893792647552685,-0.6523405276754252,0.5075720968200493,0.07311863522915231,0
2285,validation,-0.03567408905656294,1.2100738877316883,1.4805331394418506,-1.3275523018434892,0.775735906495162,1.355806444574162,1.4750471908996174,1.3741664390955344,-0.24623705461583917,0
2286,train,-0.7557936024720774,-0.44678204784520603,0.5678983028929425,-0.8468036711387005,1.7968690088995232,0.6644290508395693,-1.5461482844725498,-1.0887657435119322,0.30442022352120307,0
2287,train,-0.5899279529563897,-0.22615330313956378,-0.7578618610351812,-0.1729939503265819,-0.7395497605972227,-1.6051085028518912,-0.7033345528679531,0.9676698645008265,-0.6149012835587493,0
2288,train,-0.03567408905656294,-0.64014939117659,1.7078375423740766,0.344780837591548,-0.3240688974745318,-1.0264119745958942,0.8122332445037729,0.026917555800952335,-0.5708971090061367,0
2289,train,1.3933026294320232,0.9096924473764915,-0.21006417451561654,-0.8556490830153429,1.4521136344561885,0.15467390564614392,-0.7685569704474422,0.026917555800952335,1.6849137145091482,0
2290,train,-0.03567408905656294,2.656783013331627,-0.07446575135853065,-1.7610033757416894,-2.2076425358285063,1.2078507833826686,-2.260691043989355,-0.7268579582551277,0.01008197055180168,0
2291,train,-0.673033401899603,0.10188590372653644,-0.6156644871358606,-0.4392552092559428,0.8841327861048845,0.20287907917304998,0.5402857001167319,0.39191783972230804,0.42346241481700564,0
2292,train,-0.605126930535213,-0.8188754452336419,-0.5859376819651542,1.4868330904325284,-0.02048549852678704,0.35834833337007643,0.6368660695534814,0.8398130659764295,-1.0637822027537724,0
2293,train,-0.8643065458822897,-0.37327749860405585,0.8613344763565146,-0.651632674931788,0.39901789437110696,-0.2757427302247702,1.37186291620656,1.0183677340761585,0.20594191671021173,0
2294,train,-0.22291450023816645,0.4879240322182957,0.03395916375787478,0.7695557966313334,-1.6087807333985236,-0.4983254725946407,-0.02749407970517964,0.6464094848506974,0.27366674758349363,0
2295,test,-0.03567408905656294,-0.7542328701951412,0.5441413925614307,0.7072760032518124,-0.02048549852678704,-0.9755394995922936,-1.953715834497994,1.7228332507023807,-0.5377808981019804,0
2296,test,-0.48617600929903104,-2.087238442551904,-0.9247071366012707,1.2272693585679377,-0.02048549852678704,-1.333690824335555,-1.9158798526772984,-1.9081734886448127,-0.695380323734714,0
2297,train,-0.3286125472067667,0.272752410717907,-0.24797417287474008,0.04743980927407765,0.2804394293498463,0.03162855468969878,-0.639964978947833,-0.5552225196369241,0.003470165779585451,0
2298,train,-0.975027627097027,-1.7674907756984874,-0.5962161025315643,0.4740044214376698,1.5575094135541305,-0.11647841044807836,-0.30437683598005766,-0.0026129494702513065,-0.1263861080215682,0
2299,validation,0.35537389961491417,1.5728359309890927,-0.8199551789166662,-0.46139852440142565,-0.3148784040729315,-1.8817661996348976,-0.7825143932408266,1.8161462433118494,0.7808245129805879,0
2300,test,-2.79791066936804,-1.519283451696051,-0.5108128267953955,-2.8651437452433486,1.6297643342577202,-0.6480853396741711,-0.448413005209949,0.6524697858233686,-1.5229428999043906,1
2301,train,-0.03567408905656294,-0.4645859251360205,-0.28737935938892867,0.14203670235083168,-0.02048549852678704,-1.8894152809119116,-0.052170399183150105,-0.5903965509147822,-1.7281581621747748,1
2302,validation,-0.03567408905656294,1.0842180791323033,-0.6187135250551818,-4.202605467332941,-2.619213672020581,0.3273757093329243,-1.9884674981052497,-0.6489967887617016,0.5894615136430188,1
2303,validation,0.699208320697847,0.06272987360823476,1.523552543247528,1.6126704124143745,-0.02048549852678704,-0.9739641045637203,1.470902041090641,0.42803202984016875,-0.3926889032043434,1
2304,test,0.021819686517245116,0.2243218961157976,0.3775520442277419,-1.0557370604528176,-1.1396213256438612,-0.0491796883327207,-0.4366277873580758,-0.6789125501576347,-0.0709464263571007,1
2305,train,-1.2280464689485346,-1.0010723069424299,-0.9259061782087047,-0.7013829107477371,-0.02048549852678704,2.5623415203991287,-0.7520654146106628,-1.9445284121119595,-0.17334343242474876,1
2306,train,-0.03567408905656294,-0.9076878808470975,0.9729111162306965,1.8026680207705519,0.7809938218494399,0.049757151144812134,-1.3131828217495383,1.8293822864986486,-0.7989710966989074,1
2307,train,1.8546570099098327,0.7149526165883804,1.4019168452665591,1.6546402496655999,-2.7448862128096243,-0.7512112672735924,-0.23411727436762653,-0.20046285839572914,0.6526728775056277,1
2308,train,-0.03567408905656294,-0.7510709932024873,0.5507871091552362,0.10878343907804823,0.05689876052300971,1.011109282178599,-0.1389095732038514,1.220842738748771,0.6669005307106964,1
2309,train,0.6363899864376501,0.03261533588541431,0.14683615949052842,1.6061097277185918,-0.2990060282953387,-0.39754936701356186,-0.2833461440389387,0.17318411945692996,-1.0004764018186874,1
2310,train,-0.32709206987175404,0.31255506184231874,-0.8213153709367464,-0.4018426909980625,-0.48248078597782845,1.8995193275197275,-0.5332328513017223,0.17459687333049667,-0.7251342341993231,1
2311,validation,-0.431144290717745,0.0543005911173834,-0.3200490784812957,0.13044274947666615,0.04557720894124798,-2.107433253722465,-0.1651542783827837,-0.8401474879060505,-0.8890922308994258,1
2312,train,-0.5567050382424127,-1.0216669956655549,0.7200787554704986,0.8795518354066824,1.1821837295002733,-1.6308502403504452,-1.323288057796247,-1.0112975642527982,-1.3225514333225001,1
2313,test,-0.03567408905656294,-1.5852641429316523,-0.636772980939804,-0.9557902394174386,1.2671076569743187,-0.6587885470632415,-0.9624067753943298,0.39122525097150745,1.1937194345059063,1
2314,train,-1.3086640839119135,-0.5236130454476616,-0.35826198275510995,-1.1844130449133075,1.8419707366043059,0.7064582292391398,-0.062478437644035136,0.6150148120181442,0.4465884018475184,1
2315,validation,-0.0678619775981203,-0.46014393248914853,-0.4119839081859714,0.7269347616936209,1.0249886540364186,-2.7901002533011185,-0.9167240271236793,0.1315130958309107,-0.7220498563186448,1
2316,train,-0.19885939961113006,0.41946067869620424,0.9853446583814502,-0.30072162026660915,-0.19873414732461545,0.803426150315788,1.7504041099375962,-0.3166973568602206,-1.3513911848438278,1
2317,train,0.8340957775360358,0.04951171078508407,0.28801534553948566,0.776596680414483,-1.509192859042679,0.35171561749468994,0.38246679297251907,-0.10600513011555908,-0.2742485281404878,1
2318,train,-1.3795656761726283,-1.8091890469964695,-1.2047393588529436,-0.42722023851534946,4.042626344044005,1.8746793879169141,0.34458829511612665,-1.4091073174101914,-1.031858748532525,1
2319,train,-0.11969466121740047,0.44083995769569,-0.29470610469210157,-0.44680951687968595,-0.7337935475471995,-1.2831529201215466,2.124529998034517,0.3677906302945597,1.8346304827789117,1
2320,train,0.1084718615545599,-0.2658703770296867,-0.10662423399187348,0.8455051425966548,-0.02048549852678704,-0.6205031355992486,0.6404421351852511,0.34916819552835454,0.6343543475564797,1
2321,validation,-0.6260787683764665,-0.23484092020165187,0.6257221204617778,-0.17130005614413538,-0.38092390660812614,1.1685224975134914,-0.23291953877538177,-0.7871789568963881,1.1037676082745824,1
2322,train,1.413992774548723,1.3687734346585392,0.7234554343313346,-0.1728911339678797,-1.956680194664603,1.7307871078410424,-1.879301892923371,-1.1317176102087385,-0.5477338681099693,1
2323,train,-1.2296918116930604,-0.9190710903789163,-0.3881394265495819,-1.4454810116700099,-0.02048549852678704,-0.9955570622188087,0.38611449470110387,-0.1970148023590221,-0.43254491166968645,1
2324,train,-2.1161955814384874,-1.8642739508582762,-0.4989034468709157,-0.49302974369509084,1.0892487925895133,-1.0303207979169255,0.41617725454742627,0.14281323004871843,-0.3887901716513979,1
2325,train,-0.9523683453630071,-1.2918377384546833,-0.47645935266906037,-0.2695649208549546,1.545345817133216,-1.2764687478397299,0.9449050395949004,0.0817421520620053,0.12185772968778726,1
2326,train,-0.10241440126347705,0.6450988774235422,-0.317351401316402,-2.479565727607218,-0.46014486981870667,0.24947355095221413,-0.4039165661213279,0.6785596605381783,-2.506524179509993,1
2327,validation,0.2589830702492353,0.9279669213045667,0.5400426780885235,-0.89675832657136,-0.9098675807123898,-1.1822913702094473,0.547275762971283,-2.3723577503051856,-0.11545421542494858,1
2328,train,-0.6891503239901027,0.6468217157421005,-0.5294154061885296,-2.228045630927427,-0.40603093740344076,2.269081559333686,0.6969974232927879,-0.08182448536741929,-1.6358457147531322,1
2329,train,0.035415550894858226,-0.3107258760826183,-0.2631169396795584,0.6220253033518772,-0.7797153422655124,-0.8881088100369477,0.42254652221757727,0.4922958672696506,-1.7859949478080985,1
2330,train,-0.03567408905656294,-0.44768253194080543,-0.04109060314083534,-0.26779372031983106,-0.02048549852678704,-0.43828722243443985,0.3673119190999155,-0.3847655244535566,1.3620677275993855,1
2331,train,-0.5143756392272445,-0.14235392263831265,1.3090314987751046,-0.029310704028962412,-0.02048549852678704,0.7611006067288314,-1.4384640342927177,-0.5287997036731923,-0.9015307036844553,1
2332,train,-0.6355315392900546,-0.8372491131152684,0.2363357983185056,0.14883115410498313,1.1528151865082807,-0.6710503058858232,0.4406554275292135,-1.1291876273255188,1.121027092906224,1
2333,train,-0.03567408905656294,0.2741313678785193,0.5953102530412328,-1.9085345051669131,-0.97788637507711,1.081673556594881,-1.592778856376886,-1.146286050225646,0.12346518034716071,1
2334,validation,-1.0729139458740655,-0.1377558296135705,-1.1014013016463318,-1.1630142134646717,2.7242002242808816,-0.2774172961406502,-1.7596085590298383,-0.7099311579332211,0.7679461445857461,1
2335,train,-1.5815164275599973,-1.4296129696893625,-0.2978793048661181,0.5230992601327814,1.1164607157868396,-0.3394652438021499,-0.9581002699885685,0.19917655795319983,0.78071916687959,1
2336,validation,2.31930306986543,0.7449776020859413,1.169736786476381,3.445411686578242,-0.013804168136667875,-0.29789567640603987,-1.1013814701386844,1.3863443472184636,-1.385961643033778,1
2337,train,-0.27773535364076934,-0.12367931085664123,0.6435693750144981,-0.8022873741569413,-1.4394384206174962,-1.5789382951571993,-0.6199097720368888,-1.2705284491528674,0.4677491090399076,1
2338,train,0.6053965516917998,1.2496786413102605,0.1938592994999608,-1.0857303352384882,-1.3796546952689768,0.627351040183347,0.3046014058364784,-0.7887457934472948,-1.4638516693400185,1
2339,train,0.1825009828616555,0.3556067302201916,-0.9218344260873116,0.6991689167323841,0.5225274304542544,-1.1225868404012138,2.0137744187316047,0.2103857073811254,2.421488734604972,1
2340,train,-0.06350796585190481,0.803652026995972,-0.23911685602493502,-1.124401326150568,-0.6298386602915773,-1.9466182583041884,1.253779847719479,0.026917555800952335,0.4626230894002097,1
2341,validation,-1.1000066706280511,-0.5007513553205608,-1.0821889690720519,-1.0283796846264857,2.1045965255556713,-0.48374096278561846,-0.523393895278519,-0.3479021973551165,1.2309328570887657,1
2342,validation,0.511852308626389,0.30477197129147354,-0.47471071613349825,0.648229481483298,-0.02048549852678704,0.5792354682716814,0.5822579855328072,0.12451707850496459,-1.0063755903830747,1
2343,validation,-3.094959189919635,-2.9395582989079525,-0.22097009743463164,-1.2978786513645653,2.311679867365543,-0.08828297059145701,-0.08659071769726154,1.2564276778682337,-1.4459679813749988,1
2344,test,0.9116110780878149,-1.3389464505658877,-0.6703109628676501,2.495073692973247,-0.12880515229191247,0.0391175306072621,-0.5942042649303713,-0.8546649844510428,-0.015669446631897135,1
2345,train,0.3628269272279211,0.5419405461592788,0.9109296995058543,-0.36650727402997474,-0.9740956821152025,0.8251939086459955,-0.29176659459927173,0.24909315191322562,-0.21778427629729408,1
2346,train,0.3628401248112248,1.4180027875963934,-0.47040115470599203,-2.6425905012190305,-0.9724098595857192,1.5035939249463153,-1.284502429622935,0.6588135833577999,0.42030092310958583,1
2347,test,-1.126576186944621,-0.4070611246191859,-0.745358503579802,-0.8612941869714451,1.6526250736427213,0.23276687634718465,1.0149539422565894,-1.0045028169250605,-1.136972138506918,1
2348,train,-0.03567408905656294,0.5752619208728552,-0.37839680788732355,-2.079938955317112,-1.0770455156883314,-0.7113979447809818,-2.3658956285441253,0.12564252009457574,0.7816938568009597,1
2349,train,-1.0812059408280725,-1.4155155247656284,-0.3961539291996129,0.23342262941743144,2.281156611118035,-1.5731211119893445,-0.6007632110100986,-0.6597614379237715,1.1894632970409371,1
2350,test,-1.3557229991079827,1.3184445630540729,0.7484950549198885,-3.5553250275385526,-2.070036340554964,0.2996543243617001,-0.13050331464271164,0.34187494225230775,0.8514771104883855,1
2351,train,-0.5659424608157978,-0.2804836636112678,0.6687783895071299,-0.3782968102629931,-0.0789075186632249,-1.5344520656473455,-0.0007846332066634882,-0.5174215724433932,-1.3414937650770737,1
2352,train,-0.2292083034671585,1.6457189779797197,0.3101800681240162,-2.927831038897179,0.6702734057614199,-1.0926143864752502,0.33448821426188224,-0.38826976115338036,-0.7588266632891324,1
2353,train,-0.30175074101378113,0.5620608103625505,-0.6062058984659686,-0.2833387041490081,-0.7981856546633632,0.9753552636310803,-0.6989772052904728,-3.04840659955053,0.9429588681881371,1
2354,train,-0.03567408905656294,-1.7835563958738483,-0.44488335926031947,0.5185203096911005,1.8037323353485701,0.7078291063439064,1.041205255479983,-1.9049580883631207,1.8753738539511446,1
2355,train,0.1476733148650556,-0.4374538749328542,0.8333368137932686,0.7202127881887652,-0.02048549852678704,-1.4859286916388823,-1.692939558528932,-1.028053024008836,0.7998393934192674,1
2356,validation,-1.079477561898598,-0.4871821306117504,-0.030904847020840186,-0.2429908485707531,0.5060739673384057,-0.1045264364721139,-0.3305558553614699,0.1766168219806613,-1.145821727606281,1
2357,train,-0.9746413018014166,-0.2724631585264762,0.4614248121526815,-2.226432696730154,0.11551350062304211,0.34838501041295084,0.37702426070823664,0.40735275096947376,1.132438617034851,1
2358,test,-0.6257743994944809,0.28561098856373307,0.11281637661641478,-1.6811808017540297,-0.02048549852678704,-0.22969209851704514,0.8051386215827302,-0.2783099063582329,0.2542135942705774,1
2359,train,0.5227580691247836,1.1835153916420096,-0.8024731009049935,0.40180344633625875,0.13128959468549262,0.9573211249133011,-0.7343995174946029,-1.046872459930083,1.5769325991165268,1
2360,train,0.09368427821188938,0.19454000108377728,-0.9231560547744936,0.45266831608010283,0.5026098083484731,-0.19317491819700125,0.5695790174303383,0.8835176648360125,-1.0358451998766411,1
2361,test,-0.34449151996800326,0.5340325973723954,0.34920798658080077,-1.2622806563523816,-0.02048549852678704,-0.3358676227237778,-0.07522080626198085,-0.4610773808198304,1.1758798072004468,1
2362,train,0.5279079159090521,0.4471373455689545,1.1280162054651195,0.26330646843927474,-0.5623760727078045,0.06718440894523744,0.5034160181444084,0.026917555800952335,0.6741660370544715,1
2363,train,-0.6878934613181361,-1.709987373321172,-1.140301068695105,1.265645051985552,2.851229925323689,-0.183865340200481,0.20525191395299533,-1.1469656340876944,1.634509192079675,1
2364,train,-0.03567408905656294,0.3535168043970174,-0.9239767004355259,-1.6281021896002628,-0.02048549852678704,0.26110139110353475,2.1541195056447306,0.6288136377889725,-0.154380851641148,1
2365,train,-0.46031200984686166,0.07387120938339052,0.7563836812881499,-1.5472909877684984,-0.07987237624005512,0.25715665712936725,-0.7975605709005902,0.2563071090192494,-1.3001961510626563,1
2366,test,1.0638128648650331,0.14458554788477568,1.2242528789229405,1.7833675831146003,-0.02048549852678704,-1.103052899467125,-0.30666091878544505,0.007094079855011153,-0.8153575048347288,1
2367,train,0.06849981915824684,-0.21339864816869705,-0.9670597622506961,0.4580939983452673,1.2317498805075087,1.396596288849375,-0.5420295076229692,-1.5476629205990025,-0.08541966121840994,1
2368,train,-0.10348251704855205,0.26409325912701,-0.25993758448667387,-0.35834388580636123,-0.02048549852678704,0.5819524636536395,0.43134293991499617,-0.7707231229074899,0.5913243271283847,1
2369,train,-0.6190865668763696,-1.7839279517954532,-0.035308418167007014,2.344708329167291,0.13402737047337113,0.24418388808101257,-0.006720792510812474,-2.180780656088039,-1.7964078003108814,1
2370,train,1.6721947604454845,0.8376964118058219,1.1232789373760703,3.0512570651012663,-0.5070432758429073,0.8115233321078759,1.4775297995518875,0.9681115256310834,-0.8201384789738048,1
2371,validation,-0.13292235148683923,-0.23907291563857389,0.6320781289217353,0.5645541595040272,0.5947171701393341,0.4603862653019363,-0.5772403501671979,0.5700477129316917,0.6924052307068782,1
2372,train,0.7421576452967661,1.456607823283964,1.0585142365976115,-1.476766159566442,-1.3316458886462927,-0.11553723112767558,0.18652199318881002,-0.6117637764228274,0.9444093342059278,1
2373,train,1.1388957163531168,0.6716838897984001,-0.007095158085412651,-0.4001382353005305,-1.580284646646526,-0.8864013950433847,0.44335535518444646,0.05907588829965683,-1.3109644210189761,1
2374,train,-1.5958465432462157,-0.6149666740936014,0.25664491929012756,-1.9213005077070793,0.9332260335127799,-1.7227201699414754,-0.32419608063667343,0.7454582531930091,1.9143842701253329,1
2375,train,1.1440486356518782,0.4330491868615975,-0.6642519033385159,0.5895809900777138,-0.1390318495042108,-1.2811572043078232,-0.6533266192288173,-0.40104635108226283,2.3272960507096165,1
2376,train,0.5551143563783666,0.4294566133145238,-0.673547099475353,-0.11831112309784247,-0.38269893939192823,0.25479536283070564,1.1949508508245048,3.668223156864731,-1.4284872765807701,1
2377,train,0.21688694200813463,-0.42054609300435386,-0.29081282080271476,0.3335127128472495,-1.0405667794902735,-1.0877759596456724,-1.1531418571691252,1.0774321978439838,2.8845022701981633,1
2378,train,-0.8741988150422847,-0.46792315531554773,-0.9999267037172496,-0.6170332250332271,1.113178036570539,-0.2770264633557826,0.4619180954830242,-1.9505951778217374,0.13240816433657773,1
2379,train,0.00347282014333323,-0.5417126228377884,-0.0852126874541874,0.23335199543010435,1.2071046174771083,1.7696722885918084,-0.5019756476482674,1.2119385884525204,-0.9013077214023858,1
2380,train,0.5229493588527192,-0.8487235022587802,0.12494637094592388,1.5695748033883017,-0.02048549852678704,0.49857482301302264,-0.5087007768683728,0.9194049966123522,-0.56063669262607,1
2381,train,-1.4558452642264377,-0.8054325100028009,0.1350226603740245,-1.6594400104908433,0.18737649762507166,-1.0026710271888986,-0.3020413848068182,1.1682046165804758,-0.2408467362350986,1
2382,train,1.8333297363961278,0.5269452068603535,0.24556561331371832,1.5615246335347381,-1.0984117546924719,0.9739716324269647,0.551474092241778,1.0610941296787249,-1.7920354767689708,1
2383,train,-1.3143761988059888,-2.739262206126679,-0.3071418400235797,1.3701274147695568,-0.020887775396232214,0.36849652174674413,0.9733778947658421,0.7276140641520901,-0.2825300626033808,1
2384,train,-0.135551552450813,-1.7861798531373534,-0.7877199156097124,1.6133212586941885,-0.40334942023553927,-1.7387396971075009,-0.02444292530895552,-0.7324955423565663,0.7844583665180872,1
2385,validation,0.3572007344901963,-0.11844486989420414,0.4093226161295985,-0.7115867835612403,-1.3736368738690399,0.05196132277830548,-0.4489757444407596,0.9497376274009094,0.8396301523137146,1
2386,validation,-0.03567408905656294,0.4099489390458608,0.20514087660493835,-1.6395318274557655,0.8825927729782977,-0.07535400894097366,0.08349340830626842,0.6362483592347525,-2.1488798647402128,1
2387,train,-1.4856566502921544,-1.6791992508524123,-0.9332250476371423,0.753823939842743,0.9555710670505181,0.13633720217393908,-1.3284342740275206,1.0483705365251819,0.16965397641462063,1
2388,train,-0.9346698700954423,-1.5598242528206634,-0.0747969489631301,0.5343571984450037,1.41109424598109,0.16137220135513994,0.7397616461262687,0.27589270215874406,-0.022413603456737985,1
2389,train,0.26729194871463463,-1.063859560308727,0.04062549420185405,1.5666936805161682,-0.02048549852678704,-0.3298078861174349,0.22326817509313154,1.061146603622174,0.2873055178486646,1
2390,validation,-0.03444113181366769,-0.14836999638575493,0.8545518276648736,1.202488343815449,-0.02048549852678704,0.8406344332260536,0.8956691733505859,-1.4736109762433953,-0.3732747057752462,1
2391,validation,-0.03567408905656294,-1.354131504507112,-0.23702978791659193,2.3611863674952516,1.1030426477081208,0.4406746186471,0.3888253317482587,-0.3147235023369721,1.692167150718097,1
2392,train,-0.03567408905656294,-0.23660837526543002,-0.11720510522009984,1.8640017457662326,-0.573072606015853,-0.10426544579240345,0.1645128731903074,-0.2270283669064214,1.507238427090552,1
2393,train,1.0697059401739728,0.7829663088342891,-0.9261683333004337,0.10854347380411297,0.4063356946821746,0.40521465185012134,1.1480946668214067,0.3999347880285491,0.7901349973458831,1
2394,train,-0.03567408905656294,-0.5982214806354035,-0.4607292470583904,0.6866142697292833,0.5617300274530092,1.1364737050543663,0.2556500220248103,-0.19933893650414533,-1.0266221475834423,1
2395,train,0.8307645148397366,-1.2611920138313104,-0.4053103801940401,2.711177095561485,-0.12967302512681358,-0.5875444093910983,-0.15541369962150708,-1.9684096763486456,0.2690383591810514,1
2396,train,0.4309511318246628,0.45848610109268445,-0.047158914546518854,-0.0680603932130569,-1.7816673062837831,0.8371417216401851,-0.863691983122136,1.1999208589099046,1.2750598109607354,1
2397,train,0.32116698711457775,-0.19183743594717043,0.8646684513595555,0.4808718293292702,0.4428627996722711,1.189039009429989,1.5737578470254625,0.8516227603930441,0.1640714808739615,1
2398,train,-1.4993936168171815,-1.8306079441210714,-0.30836043360385734,0.10441761553720896,2.358815937635997,-0.8621140143464511,-0.26448756526093514,0.6221128107145292,-1.1773018297525784,1
2399,train,0.8354870016140038,0.28766971208692876,-0.1424778391813624,1.6968354837673214,-0.02048549852678704,0.6290605997587484,2.2874877396736695,0.8805877054169758,0.6281010266837503,1
2400,train,-2.2355568641156776,-2.619600889219489,-0.7863844324394158,0.3941211251246486,2.3270406456086463,-0.5641151005382395,0.49202017931245495,0.026917555800952335,0.643356962282973,1
2401,train,-2.0427750651365946,0.15989643159028688,-0.14322307675620152,-3.22547594301952,0.21350611383332535,0.09265888347846146,-0.6232541553468316,0.20104152465517264,-1.2736259327091881,1
2402,train,-0.03567408905656294,0.14866110888521922,-0.7052134309883186,-0.24416451819659246,0.9164314019338,-0.8386260548778548,-1.016586214538293,-2.6111481035563973,0.7736592697008418,1
2403,train,-1.5107359119777626,-0.6945024982812813,-0.7502708095704452,-0.7837308924647677,2.1479273617438053,-1.1645985416913156,0.3067482982965646,0.17800992371251012,0.0052551697974276305,1
2404,train,1.7297062991426349,0.6329153400836484,0.3825699415701823,1.736382575751695,-0.12764583366171775,-0.41830245218976597,1.839740049637928,1.249904344932573,-1.7334821197496204,1
2405,train,-1.2903514672580563,-0.5433237446020982,0.09490514082466069,-0.4853814223251832,-0.2019732361340576,-0.2888104561803714,1.4000640430825224,1.50809966969919,-0.2574878358524073,1
2406,train,0.5166670348319857,0.12590921064441823,-0.5676066905033164,1.7391598591981823,-0.02048549852678704,1.7050291627268679,-0.14460880658052092,-1.2329356029938425,1.4557941531452756,1
2407,test,-0.7946141463639382,-0.33088231975266585,0.7014653672359831,-0.20092475891347775,-0.11542848040754937,0.010341664606039695,1.9500283575968258,0.2964641686575186,-1.0400126009430468,1
2408,validation,-0.9220907288812454,-0.6971207025497789,-0.8546925438916024,-1.094719711699854,0.9702709836386763,0.5384406914582389,0.6608942347074112,-0.5044387459302119,1.4445922803149727,1
2409,train,-0.9571309783891314,-1.6407142770547989,-0.39121721254981917,0.0300601523910595,2.318469241438459,-0.8408112555897032,1.3615460578418859,0.7180342103570208,1.865594831222569,1
2410,train,0.20594535230073696,-0.15740033919206883,0.5164313143773717,0.8280932703200028,-0.02048549852678704,0.9514332605186018,1.426156858076505,0.4139662435712327,-0.22952322856797536,1
2411,test,0.29625238987509783,0.41875038734513464,-0.5596267711379248,-0.32924539272216763,0.29881733217226775,-1.3862533025467212,1.7108259312671985,0.026917555800952335,-0.8889083758538681,1
2412,train,0.24655181073027532,1.3746199200286826,-0.9676313322350942,-1.5975984947533768,-0.02048549852678704,1.250579573678792,0.9098105353445608,-0.2278450873552093,1.4268767238678224,1
2413,train,0.45604537550759794,0.7164452885253789,-0.5286380106887419,0.5526241415999387,0.28284064754167104,-0.529350288851648,0.7906947151679147,-1.2113306442409582,1.1024934577838679,1
2414,validation,1.4130824830694892,-0.039782584450841436,-0.5844348523905846,1.877516416484121,-0.8808743194597848,-0.2876029160980334,-2.773915417224289,-0.6749724871314489,1.8944697867709956,1
2415,train,0.28111344036527,1.5367369845972478,0.09301813814470704,-2.2780432570409253,-1.0075828608408453,-0.8688664755370964,0.5743345608722465,0.8611248269426136,-0.1699929808960304,1
2416,test,0.31196061443449835,1.0245227588543182,-0.33425533093963433,-1.7149036004170128,-1.5261203956383744,0.2374529676126637,1.0070060464165598,-0.8096461953521096,0.443331384850148,1
2417,train,0.05104049349538329,-1.080102553346403,0.42992612182022544,1.9267792518681592,0.9274969254407525,-1.20100558787379,0.3621905836856811,-0.9461125661098662,0.41023148569933954,1
2418,test,-0.03567408905656294,-2.4461641659385087,0.6074146405346628,1.9241749919705895,-0.02048549852678704,-0.69010375695648,-0.23149626389523592,-0.18021903131364211,-0.5813522280802127,1
2419,train,-0.8438075284597453,-1.5183294201507687,-0.9331842080398701,1.1115555114158733,1.6706726747089933,1.2947177276960595,-0.014244366236549384,1.615808904949134,0.46954908340083856,1
2420,test,-0.03567408905656294,0.15650083616168928,1.548356564782676,0.7220544289390961,-2.2036130664100018,0.23772464915609254,0.41010442803482905,-1.3071014252050328,-0.7496222347318819,1
2421,train,-1.2429410218186074,0.43544426143262854,0.8438071746623846,-2.033166568306068,0.21470186353120743,-0.7940238281408873,1.162857142164885,-1.8990110118646033,-0.30698973495532467,1
2422,train,0.22913318209795847,0.49079655928996524,-0.38134802789768624,-0.2300160512761895,0.6082540744604773,1.1783988576770528,-0.6660842842459803,-1.3395492969346767,1.857903895784005,1
2423,train,-0.00669360336436756,0.3738694140247022,-0.5776138577492931,0.47625566903316013,-0.02048549852678704,1.121387971959101,-1.6464843430155844,0.7795940062453206,1.1612104272135069,1
2424,train,0.7523886379041893,-1.2379451112214905,-0.3849041913425713,3.2083332807647245,0.9968381104415704,-1.7211157577346086,-0.7317901200484982,0.8649469321232658,-0.33420656548237787,1
2425,train,0.4493699078370216,-0.3418358471649248,0.9983948872146334,0.5879647885460583,-0.02048549852678704,-1.3997444650937312,0.8775346190367429,-0.3958214055544191,1.5815863298149742,1
2426,train,0.8209085398848449,0.7895597584482968,0.2355662069911257,-0.9743941635026666,0.5804580156446967,1.0690790350870512,-0.9356505066178086,-0.557926482594888,0.40712126553084327,1
2427,train,0.6407393094164585,0.5148284536594271,-0.7234959972018566,0.3566718244325129,-0.4313770082903966,-0.6369559977111361,-1.481055262805177,-0.6754292742635933,0.2098175834234621,1
2428,train,1.2015309721854663,2.0189689383731926,0.2963117180069917,-1.0580063307245728,-2.5456228768468567,0.8117588688196925,-0.3063852317823489,-1.204380516979057,2.584947868630184,1
2429,train,-0.4395754522643901,0.17826021256299177,0.5273962301020443,-0.8231618208674922,-0.31226396554661834,1.7157640285809446,-0.4962047261670255,-0.6601235360813088,-0.7551056628411055,1
2430,train,-0.03567408905656294,-0.5187156880101925,-0.5445774939253575,-0.04866081775336001,1.0395187182548782,-0.2874426221632834,-0.8169815982778191,-1.2429361051470658,0.6247100873269896,1
2431,train,0.7635110096531306,0.243478057979393,-0.5007610288338306,-0.16041781891765333,-1.566773419280219,-1.0039225077810845,-0.5379230607632932,1.1280047563393303,1.4816446991404784,1
2432,train,0.8348759647404723,0.1511012936274883,0.16458551418877246,1.4009735161660721,-0.015136390162960284,-1.6722542287733426,-0.6849934849275539,-0.15683901773425435,-0.6109986978489682,1
2433,train,-0.03567408905656294,1.327496711612704,0.1467375005018831,0.9632524698814912,0.14654623983228873,0.7326196774262872,0.28444263618427257,1.4365528848023887,0.012861247290540643,1
2434,train,0.5105341399971701,1.3518998401041933,0.4416526084547552,-1.7424414615765036,-0.8804905382364161,0.1817682284454002,0.8031111725855743,1.9507727331585962,1.079335503246147,1
2435,train,0.7206943879968171,0.7327710484143679,-0.19384031529444978,0.21793910561840296,0.5787499077153736,-0.7541926735735389,1.6695572832744052,-0.7857109881727967,0.8263685612940603,1
2436,train,-0.8085694847250388,-0.9680259697305368,0.13746347703812412,0.2739701923984515,0.6298033777947128,-0.3235700345942692,1.254194315893395,0.8876920129515041,0.3963237364628615,1
2437,train,-0.03567408905656294,0.9619685711305357,-0.7052904438408958,-0.48010349098933325,-0.20095728828259898,-0.3129736335433625,0.11882255932060393,0.9013451682516721,-0.6146831285633599,1
2438,train,-1.888157652895424,-1.7864316689685793,-1.1349012881692415,-0.928136996618452,0.8413239912436729,-0.02001715669099641,1.6288809332742689,-1.1406496645182735,-1.0210666567156594,1
2439,train,0.5526072982479129,-0.8580505166926542,0.7863637026603876,1.3983902409790254,0.5534587964965633,1.102401309822502,-0.6948118336417317,0.8709490815150283,0.5381863865442547,1
2440,train,-0.1505199280472398,-0.3751485302251534,-1.1649075070681632,-0.5904103826119653,0.8317590674241833,1.5894875557222345,-1.534848693643752,-2.0195680099902162,1.7549870440091138,1
2441,test,-0.530568431252404,0.5190104874133864,0.9508225483470738,-1.1752865513128443,-0.02048549852678704,-1.0954264151805897,0.20917575239881356,-1.428507554286745,1.4565900429255232,1
2442,validation,-0.3440852931116429,0.2049536468773774,0.06378716822826784,-0.5284559400972196,1.8068521842244276,1.4754286546725977,-0.6626442556110111,0.3308756220559367,0.4107087310811643,1
2443,test,1.282082687738172,2.1378942107688443,1.4377354904496547,-1.3629573739693244,-0.02048549852678704,-1.0442896069076533,-0.0001643948111948168,-0.07337287934330733,-0.29233120773184124,1
2444,train,-0.03567408905656294,-0.9291246853519939,-0.866366283789918,1.18986434944697,1.0082935941182396,0.8066408957474254,-0.5539663403246063,-0.40009547957526204,-1.435388098359334,1
2445,train,0.23079933665182195,0.4083733163720768,1.0537580390940253,-0.4500875162048953,-0.5964573996911878,0.40550510094967646,0.7776862473299021,-1.5532572725236058,-0.3301489759169929,1
2446,train,1.41791466807448,-0.37279554397409037,-0.008807809157480511,3.1963587744020416,-0.8044720432799048,-1.3608272906329815,0.7696023603822701,-0.9547332578684946,1.8649358509650724,1
2447,train,0.9426629750299972,-1.3720026501686389,-0.30344258263319773,3.011479418563496,1.5649160643675313,-0.6532222355998695,-1.3345202713516997,0.26315906746422996,0.5175569980170143,1
2448,train,-0.4070796076308168,0.860831450753015,0.5682408829575462,-2.38576811399191,-0.40501451995206,-0.5560362684785748,-1.1010053010891288,-0.15144768428444863,-0.9259034912699178,1
2449,train,-1.8007450015864466,-0.20129124860882136,-0.1081259277105205,-2.934891257524062,-0.02048549852678704,1.0801485518444107,1.1677482973636961,-0.17455432269373647,-0.1619307638135839,1
2450,train,0.4824932453042009,-0.2699716390897137,-0.08199535392834874,2.1734950106016964,1.5539781869074007,0.43169809051259217,-0.8569375643568088,0.9381786990022529,0.09784762286403162,1
2451,test,0.08247046766911961,-0.23935973100479108,1.081367196820783,0.7638428705643477,-0.02048549852678704,-0.3583524638974148,0.4314428315204457,0.21760240349251908,-0.6464492643888987,1
2452,train,-0.35063928242336023,0.3680796205458275,0.8318993095918458,-0.20683877308746035,-0.16820480275530295,-1.4778834580280258,-0.5823772879086344,-0.023275924224533045,0.2990186802603366,1
2453,train,-0.03567408905656294,-0.4432733291384929,-0.4863953103984825,0.8257971760055683,-0.02048549852678704,-1.5057200735999827,-0.7522550624274409,-0.2801961196807545,0.24796260456172112,1
2454,train,-1.9011024975430566,-2.22850903014894,-0.4297468442156051,0.9384595129096858,-0.02048549852678704,1.4861802174520606,0.43407733647622576,1.6314576772538978,0.8250834992173223,1
2455,validation,-0.03567408905656294,-0.6223831889543968,-1.040218368872573,1.1784506270738186,0.5752068641770235,-1.0300555205385744,-0.4836919809755718,1.1058624943432027,0.55371742249792,1
2456,test,-1.47259383620206,-1.0549138232084534,-0.8749709352941705,-0.43008387142878185,0.6589058965497994,-1.111985736060481,2.1335311733318605,-0.02617158777277535,-0.8768089678489818,1
2457,train,-0.24298118702622082,0.02199987578540368,0.4778013984701771,-0.09039471844615642,0.3516833508514547,0.5587794237028912,1.2769132836532628,0.21222762194975472,0.2396199163687899,1
2458,test,-0.903436530721941,-1.4628774502376518,1.2065753073598735,1.2968843344575265,-0.4009342733255393,-0.24960917639174707,-0.6555969046821102,-1.5145399854435204,-0.30776634755763876,1
2459,train,-0.8453834308789344,0.6314448631232183,0.8912079822136191,-1.818081929799422,-0.1460600000337238,-1.4447887690288492,0.02186204988906187,-0.21943082293530267,-0.13499360134111213,1
2460,validation,1.2009697409556885,1.5889653563587605,-0.22994802329044334,1.61003118568369,-0.2875488666914593,-0.20763305667239473,1.1851255759007622,0.1670286662489096,-1.1458423436369707,0
2461,train,-0.8291176875695989,-1.5279565601943332,-0.24302620920267276,-1.3885607775334152,-0.3792547946957764,-0.16721158869865652,0.3851140398288467,1.1588635588048872,0.3969893649490855,0
2462,train,-0.7237653015451443,-0.5584321366897085,-0.992362597532045,0.5281772367104607,-0.02048549852678704,0.11468973269955955,-0.1508685459137153,-0.395769212989588,1.0679542931991177,0
2463,train,0.30353849069638383,-0.763344919446541,0.5972571510656685,-1.2881927208334818,1.2198403211675795,-1.2681864220789643,-0.14598773719933564,1.972432168459502,0.7857407163630249,0
2464,test,-0.2957306400718649,-0.18969119213319025,-0.6399653540886455,-1.1477604130550314,-0.02048549852678704,1.6788069994558346,1.2785028579264202,-1.4767362922735279,-1.1325699228713841,0
2465,train,-1.3522991933372195,-0.42607387420253534,0.20212586087108816,1.2658790757452492,-0.20562664114663717,0.21654071255839805,0.2673344488429601,0.1578413039381959,1.0977578192195374,0
2466,train,-0.40854890816227235,-0.498830126030144,0.8215505922908949,0.12750699096673343,-0.20658135701285507,-0.6571533687346167,1.1080538791494767,0.6224717275192314,-1.6396399109334923,0
2467,train,-0.03567408905656294,1.7293898286649916,-1.1127062787490778,-1.6901987212846872,-0.23093601733086297,-0.06907509114063085,-0.3351852585768717,-1.651851116916509,-0.730061190602606,0
2468,validation,-0.9629327122606735,0.09014233996316545,-1.3964321302136535,1.0661562216788312,0.2653647830081754,-0.6146973754109819,2.299489141535682,0.910730077997537,-2.6351819716580476,0
2469,train,0.7105162313371605,0.19457922691988624,-0.9773502675046699,-0.4898429605700175,0.7813802366770539,-0.22495251842246253,1.2277940922236195,0.8119500135600369,0.34949621939694214,0
2470,train,1.3771739170011743,0.39499323013108434,-0.5616506285227247,-3.1118173538680116,-0.02048549852678704,-1.6476748028656574,-1.8966426626266408,0.25813135820734473,0.276036025921051,0
2471,train,0.33473910333119994,0.2195283267039412,-0.10915800304983163,0.6306767088382633,0.005626239930023751,1.2857323870557198,-0.00854168505149626,0.5400220839592078,-1.0158787173738126,0
2472,train,0.7913007118189825,0.32029129224517483,1.0546003411343148,-0.6235160270444671,-0.029010574330330725,-0.7267478287328751,1.0003906413273218,-0.7026403546790995,0.5912868878437709,0
2473,validation,-2.817627286259178,-2.1445116632238705,-0.5673562820738911,2.1809053611174547,-0.02048549852678704,0.3480571408253453,-1.2563835545448447,0.8360939700853994,1.4055013808040033,0
2474,train,-1.4433348661838346,-0.8715563683380175,-0.4688871577784015,1.6375499356785173,-0.005026505244882308,-0.9234488010377458,0.926900162035063,0.07193283210331891,1.011285373351956,0
2475,validation,-1.4247305642165733,-1.6886505350888124,2.5818936835167428,0.7251431664871917,0.0463361620560693,1.3153161170356231,0.3325250529713569,-0.2041196238531417,-0.056602604977611146,0
2476,train,-1.3878107997920905,-0.5215874305038452,0.0845897992500981,1.8836671485356244,-1.0270065874068834,0.27487644328771693,-0.014720218860525162,1.0107373347153212,-0.8172194193578328,0
2477,train,-0.03567408905656294,0.2924402958146842,-0.40896330194681785,-0.5358044754377871,0.5035615940210212,1.4707842903141028,-0.7660686164676251,-0.23885912986387448,-0.6410401496407655,0
2478,train,2.713298595286218,1.8229363252865438,2.472210992343252,-1.9000067206849856,-0.02048549852678704,0.06757075536349978,-0.5618486207305523,-0.6581003857987693,1.1632158483380322,0
2479,train,-0.8910171643462736,-0.8272766055061844,-0.8084889580744348,0.10263142663521067,0.6987541247872934,1.3269154132956773,-0.7622101854248611,0.07476464235123807,1.5260584232525187,0
2480,test,1.3126214277838149,2.2053359241868162,-0.9958565005937632,0.3293199147245129,0.6732089407869185,1.5016197313671138,-0.6877462922348816,-0.1533038110081944,1.2678392322699965,0
2481,train,-2.078166807443079,-1.5703250235512816,-0.7635725405780859,0.6752265427270481,-0.003066853782701538,-1.0478213129074399,-0.13997069359540468,1.2396882440186696,0.08577412364203908,0
2482,test,0.5433174700013367,1.1874411380829957,-1.8593691564433525,-0.3869415284305537,-0.02048549852678704,0.19598344002926138,-0.6379862795749821,-2.023077368541358,1.7816964979341994,0
2483,train,1.1406398643011357,0.7110240750882071,1.3146050504614384,-0.8785274356226306,-0.26868916533315174,0.1917099391941673,1.0705671679662403,0.8638079197189897,-1.3826942144421968,0
2484,train,-0.29304536997348013,-0.7397366175227311,1.4798079443748278,0.7428245913581063,-1.1042875015193068,-0.47479721963784177,0.4920976280409726,0.11783779147066467,1.1515712973347874,0
2485,train,-0.03567408905656294,-0.5136237153825738,0.027977200164967585,0.7473048021323254,-0.02048549852678704,-0.5124322743340313,-1.2799470273276672,0.24001983096188592,1.2693812735145449,0
2486,train,-1.777061993153316,-2.3482013685353933,0.9331922149604357,-0.45341348191786046,-0.02048549852678704,0.07087859290219813,-1.760019304672041,2.1619790322997114,1.1800241536571703,0
2487,validation,1.5423074761125342,1.6987069285285328,-0.9875435637504049,-0.5752517436277287,-0.37069730002037593,-0.9635531531460295,-0.35305187504346364,-0.46365130186137143,-0.2465944528553547,0
2488,test,-0.1505601410188894,0.7179657241040138,0.2010268326296022,-0.30252511345498995,-1.3354863042760379,-1.2605202691910022,-0.24204287417615597,1.4763176227974502,-0.21069915318892107,0
2489,validation,0.801538045529882,0.3514267130769179,0.3478650793742472,-1.3533357645666888,-0.02048549852678704,0.1609532351075984,1.4781613970534158,-0.9793942900634369,-1.4966948923871077,0
2490,train,1.209290123138658,1.1310109863325015,-0.25768113954623534,-0.36014615592506344,-0.02048549852678704,-1.7573399006666715,-0.35814114002709896,-2.6018364295667777,-1.9106954019460347,0
2491,train,0.2807864813872511,0.3192235275349592,2.004170654909609,0.8704329549943983,-0.23119016425978323,1.7449444970614632,0.015312630406767462,0.026917555800952335,-0.7767896248920724,0
2492,train,2.096969106189631,1.4369155831662388,-0.6022602115562878,-1.9345549256463017,-0.6310070194068337,0.7358673298639673,0.9053338299639865,1.1251368922379947,-0.5625505538688556,0
2493,test,-0.03567408905656294,-0.896600754509326,-1.170244233932725,0.3817005036295994,0.7466024820235266,2.4324129959889627,-0.03438493623296632,0.5522207342491284,0.1474565943823891,0
2494,validation,-0.7109470141303176,-1.0020238652281026,-1.3510462721142167,0.39017045118386323,0.4650333946890179,-0.6556869049057538,0.7356074714417541,-0.03642662983960179,-0.06022486663332206,0
2495,test,-0.03567408905656294,-0.4055454087676859,-1.0400742597131654,1.6702519951550285,-0.3831485497366232,0.6711228170438198,-0.2919198614601509,-1.2208311068056616,-0.9340557976699497,0
2496,train,-0.6986368503526349,-1.458781471820211,0.203626847809647,-0.34895265089235555,-0.854724469261879,-0.4276863214592264,1.0252551095749458,-0.754114628343993,0.3822067246684958,0
2497,train,0.6269843782470852,-0.2908714918844849,3.1329422989480467,-1.7182660613328935,-0.9096897012048311,0.11501649795077033,-0.0893063945251287,0.026917555800952335,1.6852843017909995,0
2498,train,-0.03567408905656294,-0.09987929913315297,-0.3750381820792407,0.576153623356951,-0.02048549852678704,-0.6615639416272044,-0.15742162429470258,-1.4178407830569448,-1.6550485665382495,0
2499,validation,-0.03113750676989502,0.0881596255001559,0.24318879154623926,0.7058683815183447,-0.36630969612515796,-0.10268699411845152,-0.7035920891637376,-0.1389084847494322,0.7732810879141985,0
2500,train,-0.03567408905656294,0.1792296598404109,0.05037148628791527,-0.11438725326176845,-0.7928562585114964,0.07647476951645367,-0.17347360444789042,-0.12115676217228526,0.6485926847298176,0
2501,train,0.7849846759214137,0.49333962182475677,0.2959830436414512,-1.0486820188437413,-0.02048549852678704,0.21645760384955287,-0.5671976277507391,-1.1126204814765819,-0.36417334458392997,0
2502,train,-0.3472147951575808,-0.29964660471929416,0.10350628005298332,-0.5513002698095304,-0.0832881197525787,-0.5296713845186868,-0.6734698446801385,0.41052274536113764,1.2870132162413916,0
2503,test,0.17294342170692562,-0.24111101947075197,0.9365187204019324,0.23086562063304217,-0.664799325488092,0.46227068224829887,-0.9819801487892044,-1.1999025100029106,-0.2998455974680703,0
2504,train,-1.5202440364900354,-1.5352642638913505,-0.18059042734606728,-0.4713805480764794,0.9644282790707283,-1.004174178157424,0.30678229913274496,-0.5784439763654621,-0.41783944659590555,0
2505,train,-0.11312612358700296,0.815580392594761,-0.44981571572570417,0.5600079640272181,-0.9452352599705527,0.011762475957138037,-0.6219595201248245,0.17233651643742212,-1.6360058911583046,0
2506,train,-0.2551329212542362,0.9104232266339907,-1.5451373670633124,0.3709230971195732,-1.205613104300182,-1.7652030876273335,-0.732836201020341,-0.9025818934574997,0.1323821494173149,0
2507,train,-0.12937670720650463,-0.8014367644918311,-0.4938244397969492,-1.185253384749105,0.8097497950849696,2.6325655199311337,0.8930791747979696,-1.597069670446661,0.7646684642438835,0
2508,train,1.8931018478460058,2.493488983664817,-1.0056732845018665,-0.11745806595425119,-0.3965659861897149,0.7228012234374105,0.026740175615019072,1.1839029653894122,-0.3439424418586711,0
2509,train,-0.03567408905656294,0.413237834928859,0.5781455215654416,-1.7348072706178177,-0.12841522233037528,-1.0288881371349088,0.25858780562859435,0.026917555800952335,1.1931413148168646,0
2510,validation,0.6505953490486986,1.1380928480213275,-1.5493402530681133,0.7451369407233971,-0.02048549852678704,0.40939452566521317,-0.4240080438540967,0.1668888084013987,-0.18516249719429392,0
2511,train,1.8658552441044778,0.6527366678032869,-0.7618025606496176,-2.4749603219752516,-0.02048549852678704,0.8743465091285572,0.1752019633113783,-1.5177473638996763,-0.952449023326868,0
2512,train,2.589287403351941,2.671686802183155,-0.7553956196361524,-1.5206138224862988,0.00983927348672979,-0.09103416342611698,-0.47768950872153565,0.379282563965402,0.042580642975076244,0
2513,train,1.8704134415612421,2.0506705609642686,-0.9638842607733971,-0.33032288221708883,-1.0448825812826934,0.4245539769124109,-0.6918900378344093,0.6276462676167046,-0.842766958805952,0
2514,train,-0.378262925835598,-0.6062613948318505,-0.3734248410074285,-0.6316732556823261,0.06793728889990128,0.7824549402137655,-0.22414426682024133,1.95359464001991,0.11817419793565673,0
2515,validation,-2.0374534332704606,-1.5302778599136726,0.27748672709810457,0.09837594790489312,-1.4041049837069128,0.6692663807278616,-1.1173647113330685,0.25045155281721715,2.533797546393056,0
2516,train,-0.03567408905656294,0.03036565342821989,-1.0074723824042113,-0.3866131918551835,0.7936350618080948,0.9348567805189627,1.4159753575485063,0.901735705295362,-0.6010311168270442,0
2517,train,-0.03567408905656294,1.1076957181686489,1.227596129703307,-0.245746644496106,0.26847258156554926,0.23912095681090492,-0.11131023114734193,-0.8381387487716133,-1.0299982112247206,0
2518,train,-0.03567408905656294,-0.12576907118289016,1.6737700433080163,0.225473687115805,-0.02048549852678704,0.5688592073140103,0.8328680197439469,1.034430719787545,0.4515615390802465,0
2519,validation,-0.6188044578955292,-0.10539028852290928,1.2588677512831001,2.3673676731734,0.10116073097188635,-0.1613571206197644,-0.3873387355336825,0.23764630599712727,-0.8049655918867495,0
2520,train,1.124734457566882,1.8544833584253848,-1.0343426624387924,2.0121570980543866,0.6204455118405497,0.9660756395267599,-0.8952814551593923,0.20965626880496474,-0.7702304573653147,0
2521,train,0.7876084936874922,1.4824063176497557,-0.4339596609928049,1.4145550557107855,0.46115304384245676,-1.0345365108990916,-0.10989669701421723,0.026917555800952335,0.8892854875229733,0
2522,train,1.4080609554651813,1.005823828218868,0.3125687173611846,-0.03412080467081184,1.067500010897475,-0.4016692862085579,-0.0032508104668948026,-1.5934077172294256,-0.22772720682774042,0
2523,train,-0.03567408905656294,0.3713361372618222,-1.1613925269364707,-0.40611736874471227,-0.02048549852678704,-0.2585364962332008,-2.2005897311543996,0.6505972402770619,-0.20131018033908793,0
2524,train,-0.5218486146963668,-1.6372372540740825,0.08689057216296284,-0.8766545389933391,0.1393600538246975,1.7972713103789089,0.3217080298857909,-1.0864489283795373,-0.7312089697611728,0
2525,train,-0.9476654891854375,-0.9444082528705187,0.06622098879381287,-0.2581954738533737,-0.6783369328360203,1.2581404004830663,-0.8541258995645726,0.026917555800952335,0.9098674970306716,0
2526,train,-0.03567408905656294,0.15668078035586724,0.8756928731875024,-1.9735258309383858,-0.24060268505407045,0.008229767919975527,-1.6656072582566082,0.6499782339358934,0.18472568485161625,0
2527,validation,-0.03567408905656294,-1.7397414250278513,1.0933779183114731,-0.2924555128818835,0.3465320374258256,-0.6066775871403906,1.0036123230413017,-0.7173054774028895,0.7229019397495168,0
2528,train,0.07312660251852454,-0.6515859244307667,1.4931627715252642,-1.0402365519979444,-0.04466686548852725,-0.20572692398613654,-0.794782270614327,-0.3698178012701804,0.4473344510117035,0
2529,train,0.20221906146088464,-0.2576543220035926,-1.0805265130438346,-0.999126016835487,0.25861130998665915,0.5830822860621686,1.0899922060593443,-1.760524428188927,0.47553548409207547,0
2530,test,-0.6206069672793777,-0.2738166506138617,-1.2878802144546915,0.38970714267005746,-0.3103619101030259,0.48187455010803426,2.132331703127945,0.1296742333330496,0.2034778739398101,0
2531,train,1.356341737021604,0.5881681465094449,-0.8718919633601944,-1.2941377292006044,-0.00887965774270532,-1.4321448050494878,-1.0669583554427962,0.18993939226095916,-0.6826958127791807,0
2532,train,1.2050658738985087,0.8043094083669992,-0.2908573069755147,-0.8729251179211697,1.7000614159900589,0.4818501105026995,-1.165556387240483,0.4855398975910443,-0.6515395454833959,0
2533,validation,-0.2151530535794867,-0.5184157340269425,0.22519780910839415,-1.0996975591829778,-0.0171460444052122,0.4133467915587003,-0.21615419574828967,-0.35148326309217626,0.2237099045238372,0
2534,train,-0.03567408905656294,0.3168264547417904,0.9968554109217693,-1.6566537711586946,0.22142970079086285,-0.42497750999876777,0.39792139060994836,0.9698728131848797,-1.1012184426597658,0
2535,train,0.9933988982874714,-0.39270341126199165,1.2773238542018768,-2.722980490439515,0.6792426297210845,2.50823568030996,0.9389601582839187,0.13091539251276219,-1.4360218092096566,0
2536,train,1.6889433521647192,1.6882305685944305,-0.5301457706519465,-0.5258077113743257,0.35378347585308195,-0.2178013671427983,1.3348225172411308,1.0671105501630174,-1.0077294480084464,0
2537,test,-1.078610860229455,-1.4295652606034424,2.43345221938609,-0.3280378304211996,-0.310484212047804,-1.7342471765383045,-0.9280403491539414,0.3614718342642522,-0.3870041599774224,0
2538,train,-1.2854878708474187,-0.6608913384511004,1.3269190033726248,0.8164350735770123,-0.40009130576373153,0.6937378589854387,0.7797594111457594,1.7896377469254137,1.7966959006498633,0
2539,validation,0.13604735438236867,0.02699264526519889,0.14774484991942813,1.4989113689302194,-0.040933785022398916,0.2633645202498207,0.059551077366907706,0.2460646554768705,-0.5102220539939671,0
2540,train,-0.8249039984385365,-0.3468510905142548,-0.8502925100602734,1.6156753706241154,-0.007084064171645581,-0.23270150886524396,0.14602120608105312,-0.12254727572784359,-0.2938512736329209,0
2541,train,-0.9179823998328119,-1.1769479706739803,0.40388288147330403,0.3934706003445563,1.2006583918763545,1.7293586524114586,-0.1949709130471375,0.6232715848967858,0.9745248078034876,0
2542,train,-0.630201929643103,-0.6340963227367754,0.5183801153588242,1.666142378231628,0.3864228509615719,0.3169089852297228,-0.3087561858981717,-0.3206496953454538,1.4189471772471096,0
2543,validation,0.14316244556916521,-0.15163691795475276,2.248446364890548,-1.1127738033471193,-0.3433295904814449,-1.0537081333591405,-0.14421401569455802,-0.7385510091938938,-0.8110869225935112,0
2544,test,-0.020299450520622483,0.48140427164275973,-1.6348467287127277,1.0156030072854518,-0.02048549852678704,-0.39367739598964585,-0.8810665450187006,0.5768188402989666,1.035472992614133,0
2545,validation,-0.03567408905656294,0.09871095554152345,0.4733442315411841,-0.37763479186784654,0.06091603407451505,-1.0232775560793033,-0.49668011683974467,-1.2207605137269713,-1.0474187405337612,0
2546,train,-2.679256412920336,-1.668739143329349,0.16421412230785054,0.7365744554556073,-1.116652226763249,-0.445584640358102,-1.6337594135164586,0.1393684973216264,-0.6460570112214273,0
2547,train,-0.9659506472409036,-1.036847397304317,1.1459443527630433,0.7572655040205974,0.4629866914844451,1.5138268637462013,0.41861176520199744,0.4017840216099072,0.7684796396858424,0
2548,train,0.8352606955692217,1.5016770401629125,-1.580281214696952,1.0811987718487959,1.088620437684771,-0.9783130650991013,-0.048355639360151276,1.1802130637973984,0.5597056581974718,0
2549,test,0.008180053956221019,0.30973779235522886,0.31119131450617027,-1.0699392358955426,-0.02048549852678704,-0.7714685670342843,-0.5411084012920127,0.8351348828297621,0.7658408401863676,0
2550,validation,0.5943714335707853,0.0731288882477142,-0.15804144401997405,0.6697320632597892,1.2702712747599285,-1.16888510722037,0.08379870913824893,-0.24532513951108736,-0.30816553027915516,0
2551,train,0.2152430691414708,0.6774166328093354,-1.5567711775286655,-0.5051357390825566,-0.6333114231210313,1.1183760041354323,0.282190608513085,-0.9683759704730417,1.162713793899552,0
2552,train,1.8045228930469412,1.4774365246597883,-0.32301750705032806,-1.4648918664116133,-0.08751470030588537,-0.5428767494901988,0.19367308429720356,0.026917555800952335,-0.5938006316489127,0
2553,train,0.6492774595533026,0.07639181030767889,2.1116962134191812,0.1310431520762949,-0.02048549852678704,-1.6535491711849923,-0.002830315511687175,0.16768420744883422,-0.5093825664621789,0
2554,test,-0.03567408905656294,1.6504119926855274,0.3100348572526517,0.11870269429385277,0.3099748313553049,-0.023294144296691723,-0.08559193625107864,-0.3775621703782669,2.722166652301726,0
2555,validation,-0.9546870045026256,-1.398615882834058,0.5188887306994209,-0.9006358674252379,-0.02048549852678704,0.49891012715100275,-1.7254763270859566,2.289622981842303,1.7957428663841035,0
2556,train,0.8921568892005698,0.846662826827513,0.2443722828535996,-1.4783482291673615,0.09841813285965458,0.5988286033620759,0.9024087270751535,-0.07234048281809266,-0.33041640248405424,0
2557,validation,0.9832379512492109,0.9489969037189305,0.6302945699381419,0.3608981283092014,0.444148146838443,-0.4912315643948176,-0.5054535379305799,0.8915784194835658,0.8005761665205187,0
2558,validation,-0.5759889343925229,-0.5646304777178016,0.011975809366163026,-0.007297646738784109,0.055907739914230176,-1.7307112146528345,0.9777318190091769,-1.2145025252635762,-0.15671830952791177,0
2559,train,-0.826146047274284,-0.3231176177491024,-0.3305732331682384,0.8705076120896779,-0.13937590971423514,-0.009997540925639047,-0.2948869957947538,-0.8843802825942171,-0.3095568936842152,0
2560,train,-0.4427722895581524,-0.6087914719875036,0.5623908072606209,-0.35117035535020613,-0.4745726848329455,0.9506208645701381,2.1585280166183134,-0.3796780025946911,-1.0907039217451222,0
2561,train,-0.6908353187153753,0.12856293239198957,-1.4216581906258656,1.4270804138400073,-0.2294603531246762,0.2766716813726157,-0.5630770470181863,0.494096532620214,1.2070728680113696,0
2562,train,-0.288407389942838,0.999661206943868,-1.3864315555983706,2.6182916389630444,-0.21050992011814798,0.1371499851331478,2.109085162559068,-1.649028097215438,-0.3807184572820186,0
2563,validation,0.2873228267181118,-0.2604912243296629,1.1502208138921497,-0.8615556167132409,0.011554840090848926,0.10357241641755997,0.2927831232880566,-1.4421896187048986,0.9886590009021792,0
2564,train,-0.8094456360953033,-0.14343106244288378,-0.8091509617661614,0.5038567921165891,-0.769342228740477,0.02184693944023518,0.2307320928619205,-1.34541162143318,1.4121911919714634,0
2565,train,-0.4322125467505451,0.6799442980005372,-1.0245253071883313,2.374859326981204,-0.02048549852678704,-0.08253964238506543,-1.913124754275296,0.8218333379962802,0.12056747588020905,0
2566,train,0.9983747119413794,0.3972258510811596,0.06406578754021645,-2.7680120542777145,-0.32038548749847107,-0.17649775870765833,-0.3876636861200981,-1.4656786956503296,0.794276970439937,0
2567,train,0.026248269885437627,-0.4081869419731684,1.0791237129296922,-1.664859733796048,-0.02048549852678704,-0.20185701743036968,-0.06053588672181537,0.7014400249101902,-0.2818569278462125,0
2568,train,1.0039149498436728,0.5328370537118802,1.9295194619028468,-0.30467071973104415,-0.6538038053240027,-0.5592108559990212,0.49958784949785634,-0.5653318785583776,-1.7649675542894159,0
2569,train,-1.6746524190276115,-2.319563942973814,0.13286319909165184,0.7476641272932825,1.049454562850732,-2.0635747568745337,-0.370143392368909,0.027631611078562275,-0.6989817033794363,0
2570,train,-0.03567408905656294,-1.6433930194857038,-0.2872420300829599,-0.6310146959014348,1.0173842137772182,0.7156694646006494,-0.10377139773374496,-0.14671943412223437,0.1872414480026948,0
2571,train,-0.6758445865421865,-0.14098896529169688,-0.5160755557195437,1.1401736353169167,-0.02048549852678704,-0.18173906742098644,-0.4662695138159381,1.1983674569205023,1.4125816305906447,0
2572,train,1.7528097903573392,1.3370753579923307,-0.17580031350330305,-0.028885585445287902,1.1083417175912973,1.7229446900462217,0.4048259680078331,-0.6515745274266448,0.8548758515076722,0
2573,train,0.7022879674005936,0.10351621393993515,-0.7171777792830422,-0.6548245054778808,-0.02048549852678704,-0.08545483780203475,-1.8183311125656498,-0.7821477665297174,0.5600282309203136,0
2574,train,-0.03567408905656294,0.38135198667684694,-1.5898451509307263,0.35641781597596206,2.742677034184095,-0.07849219280096582,0.6388651529079291,0.026917555800952335,0.6186325922195359,0
2575,train,-0.11520401210330572,0.29202714193437096,-1.3055504336838293,0.4200157762836084,-0.2592239944235546,1.1502722847803428,0.5842601709970163,0.13495342219420492,-1.2560551961411877,0
2576,train,0.1728186910986241,-0.2427925663063907,0.27908683510697624,-0.1571605887236964,-0.20782803770586122,0.8922543886718719,-0.2724486313006906,-0.013206834765870713,-0.04520239907796474,0
2577,train,0.46433655961188985,0.47798834461038475,0.26530039750159484,0.5163916245186202,0.830968489088837,0.44512295466782503,0.3675182216361614,0.25275849308111004,0.5486350325785501,0
2578,train,0.9190253925628603,1.3287731311689186,-1.2509290207609332,0.823605443865359,-0.45370431237140485,-0.022412424124029565,-1.8927083990729,-1.067675903453019,-1.0270296511405679,0
2579,train,-0.13107987082038336,-0.3875924003584208,-0.960320612971249,-0.14371225723037745,-0.0005512069968493191,0.9944877881456746,0.7104478805861876,0.9883357392293266,1.263501239367953,0
2580,train,-0.7747137423173697,-0.18908973339920346,-1.0296356220025022,1.1480895734290797,-0.27680909448994434,0.8867207907091698,-0.5655090888339244,-0.7618688818266158,1.1927801954106638,0
2581,train,-0.4903542695398409,0.3279614066262818,-1.362306417734857,1.6628458989030308,-0.3622735836527766,0.47573807444741056,1.4966998221957974,-0.4976186580497911,0.08710958387046643,0
2582,train,-1.1929797793403039,-1.4332749232253272,-0.24133675440271113,0.030561253321773788,0.06012421720370265,-1.7501221219128453,0.0105988889646405,-1.2677051569454778,0.9769804402256782,0
2583,test,-0.03567408905656294,1.099597405010795,-1.2724671845044426,0.28727648830537816,0.006245301699454558,1.4077547194767643,-0.07660199157004037,1.2102855334373646,1.0589982966350637,0
2584,test,0.940837734621576,0.8413849490516395,0.08066562759128383,-0.26680831058825166,-1.2873800185957178,-1.2072389024971002,1.0646789506365193,0.7414928876382776,-0.03099968664094926,0
2585,train,0.23296835963800575,-0.14024724484856513,1.7272960870844083,-1.2435878101793734,-0.02048549852678704,2.0030091610767564,1.3682466149262889,-2.6226024966300483,0.5018755681066798,0
2586,train,2.815201809764375,1.2522996314436723,0.006534596276157457,-2.506435162184278,-0.02048549852678704,-0.6652150626273451,0.47128730520481976,-0.1033667036597373,2.27454477259167,0
2587,train,-0.936504712707367,-0.2954311375216196,-1.0949695277266744,0.7423250063359643,0.4874697420690342,1.8414948853093498,0.02866989897685507,0.026917555800952335,-0.8012373115067841,0
2588,train,-0.35705663096312756,-1.3670710869684692,0.09215047738115478,0.41372449713958,1.474605932881963,-0.4211917622574368,-1.271580878984556,-0.6863853147529565,-0.39180900712710176,0
2589,test,-1.0060854280599674,-0.19571878324074632,-1.081923962959194,0.9044763125563436,-0.6080736952524957,-0.34987724162787576,1.3033713919569567,0.07027406459524266,-0.28403906346826396,0
2590,train,-0.03567408905656294,-0.4137876031137405,-0.17105758124162304,-0.19077656411962296,1.3081921633053628,-1.0233182156254417,-0.9561701550389127,0.3540770368953487,-0.1067767232516667,0
2591,validation,-0.03567408905656294,-0.29734883314620136,0.8165338467382278,-0.9402475945610436,-0.016573294525234233,0.6258654550656065,0.22867514322923352,0.23370138728858603,-0.38873148335413304,0
2592,train,-0.03567408905656294,0.8326649895996421,-1.4900673634361181,0.9173718352470264,-0.02048549852678704,-0.65140319265656,0.35699149055566415,-0.09843882170590358,-0.678458297771409,0
2593,test,0.30994377657012223,0.9376548875977797,-1.0474724205348191,1.5018866183226456,0.31077870678319786,-1.0445711868055345,-0.4573207072709549,1.0588979841466017,1.4619530113705002,0
2594,validation,1.2020588435193509,0.03241487007247119,-0.19177655840956429,-1.1929470593869367,-0.11864790643660254,-0.8814595660911826,-0.7284367210408568,-1.2934962867856656,-1.2572571201931586,0
2595,train,0.40758934787152806,0.45795054078263714,-1.0346791557724588,-0.2646444947174897,1.294092609621877,-0.8367103048513164,-0.02711048272416425,0.24286149199635318,1.372667291878439,0
2596,validation,-0.03567408905656294,-0.7279774296236868,0.2995128536355422,-0.04015441549517791,-0.02048549852678704,1.7703302931356508,-0.8303058143884781,-0.6095425527045689,0.9647984760279292,0
2597,train,-0.4329244231004051,-0.46374373580006095,-0.3816943842848867,1.0160742947245225,-0.02048549852678704,-0.9168628050009691,-0.0992763948004273,0.4989454606212624,-0.049426774914707386,0
2598,validation,2.120960556135304,1.8383323786135457,0.7841026334888727,0.5255558837443488,-0.20211691997940895,1.5303995118464515,-1.6706993705119941,0.026917555800952335,0.5294099011071223,0
2599,train,0.4643857184821518,0.8071485081244697,-0.7817914692685104,-0.6668458772786915,-0.02048549852678704,0.6706447293585516,-2.299407489302358,1.0817421609469806,-0.37932531001870207,0
2600,train,-0.03567408905656294,-0.16611056803779684,-0.48641418745893905,1.0483860996453298,-0.02048549852678704,-1.2840568182284666,1.4711751032316318,-0.2888012893527307,0.2026030992620799,0
2601,train,1.819472156827093,1.4631141908675633,-0.4409432526127523,0.03237637470648725,-0.02048549852678704,-1.1127188736872626,2.876865092932418,0.4509670285603739,-0.2836953977404452,0
2602,train,-0.03567408905656294,-1.1438284439791506,4.485700577918014,-2.108126023481672,-0.572480533884085,-0.6276686457170867,0.9125110901521615,1.0190328947491276,-0.14073438201356664,0
2603,test,-0.4611055144579011,-0.4240474011265128,-0.4510766193700394,0.22783383838062204,-0.03668413640271495,-0.36006705831006414,0.9293121747456654,-0.12973949506820986,0.7712221190731906,0
2604,train,-0.03567408905656294,1.7264702698188923,0.8024446739379836,0.8892840494364753,0.8493150165947859,0.637286951933521,0.476984724428542,0.29409996594379756,0.9286011544530203,0
2605,train,0.9266806873519943,0.9746383108548157,0.8140148176302257,-0.5714934243412253,-0.02048549852678704,-0.8170157285749093,0.08880670129356258,-0.3488856314659783,0.549662572018116,0
2606,train,-2.0063855235782495,-2.463547509412035,-0.5363355184857369,0.9689359207792162,-0.3001675576152286,-0.8300468438069819,-1.96271793828677,0.30796682323392194,0.45586636500623345,0
2607,train,0.4029265514824133,1.1210693316409976,0.21154810442771516,0.8164644216417323,-0.02048549852678704,-2.4080949222473698,1.2835129181549079,-0.32471747954820557,1.367750138383683,0
2608,test,-0.03567408905656294,1.4392463529874286,-0.0953274821704443,-0.3706170971867234,0.4566200452202971,0.7341225880537445,-1.1662906327585993,1.1446147294080393,-0.5273799699563607,0
2609,train,-0.9415539474072506,-0.8037349252891743,-0.5341099749723126,1.5195982504600563,1.124659664055771,-0.6054108171587158,-1.0070487474843854,-0.17897692279796376,2.5394607247557204,0
2610,train,-0.48168066324775816,-0.5887826546397872,2.211239234859332,-0.2661527439946924,-0.02048549852678704,0.7248732506215652,-0.2365270170925848,-0.04759746868155115,0.24388708434366616,0
2611,train,-1.0663905271624567,-0.18546241775679986,-0.4752894199304457,2.13633337490094,-0.02048549852678704,0.4182588157534165,-0.5299435870367197,-1.3453960442115283,0.706181934774703,0
2612,train,-2.1986659961691806,-2.0020570340026453,-0.24749527530368262,0.40898553267260646,-0.7810087303005362,0.35149690589016147,0.7956538016756497,0.9765022543773655,0.4086536074457307,0
2613,test,0.32270123119356686,1.750575068648808,-0.588583455749784,2.571564744785695,-0.02048549852678704,1.5768754400156972,0.27248820344569596,0.9904426896409717,0.25337510288616033,0
2614,test,0.20652536719434486,0.5385285389522324,-1.151759588934958,1.356149322140674,1.1446988795871487,-0.877402953966054,0.2816297843914567,0.894436615947949,-0.17939018251136898,0
2615,train,0.4624988058384376,-0.09195078275613554,-0.20430711836234874,0.7771454785703952,1.0923071101445052,-0.6522585850058553,-0.8651502745193701,-2.35266856547303,0.18244393705001738,0
2616,train,-0.03567408905656294,0.27063259124636985,0.34213653570853264,0.08086611042619324,-0.1213310658311351,-0.5137892091918086,-1.5421405238620653,0.22723048963850134,0.3597865483306558,0
2617,train,0.28952781235288183,-0.13035724971588966,-0.5427490618040203,1.0708900652035298,0.35478894970392627,-1.9921924699239029,0.5097118692168754,1.0865444871988774,0.44883338554526325,0
2618,train,-0.03567408905656294,-2.3548242367602925,0.05882638804964076,0.5946800597786129,0.47616006230286345,0.5431758985779,0.7277664607208971,-0.21992925346907208,0.8804610834331892,0
2619,test,-1.3798828436807957,-1.2637117658176649,-0.31986137316845853,-0.5272321806901129,-0.7681871941797525,1.1105992844959776,0.4614936601753782,1.969753180388767,0.5900263752371475,0
2620,test,-0.8534286225149823,-0.9578703765504486,0.9340522251994257,0.8324144969895502,0.01579698335036332,0.8154442895715529,0.7350469654852297,0.21944992218527665,1.5616802555300955,0
2621,test,-0.8335839608120086,-1.0182500848459004,-0.29401787502038607,-0.34605339880044406,0.15238472349332785,0.49773127762960945,1.6780594502586375,-0.27418406500118014,-1.5645905746825701,0
2622,train,1.2306335183326638,-0.36322823106910523,2.274792969819431,-2.29754775293793,0.08855286556212477,0.4077557853587058,-0.16778002767965108,-1.5234580880632806,0.7055338903995072,0
2623,validation,2.0901920978040986,1.455392303531586,0.3347918466132967,-1.486462163132414,-0.9343948588218624,-0.4979897900735435,0.3364183077965795,0.29822266080347476,-0.30685357222341353,0
2624,train,-0.03567408905656294,0.941226403193458,1.1708899795667869,-2.1497129121960654,-0.3337035527632433,0.06511162745988426,-0.7874104555245062,-0.5746565016680142,-0.49849031643890085,0
2625,train,0.4078576165804589,0.7617138617749184,0.4167287802967921,1.7557099782622183,-0.02048549852678704,-0.6802240036700437,-0.6759462001644089,-0.9014859928202911,1.0363774049139522,0
2626,train,0.25289385236872847,0.876299139730708,-0.6342025139476026,0.6897368843759699,0.4472334320615103,-1.1871598261148417,-0.35150156356781653,-0.3774089356391925,-1.330538436802843,0
2627,train,-0.03567408905656294,0.6504518662855431,1.8216576456529707,0.7490754780496857,-0.02048549852678704,-0.7447318877671628,0.3539892050956602,-1.8803467980773496,-1.248166990275726,0
2628,train,-1.5469805578919598,-1.4180666077717927,0.6525409170868721,0.294367961565099,-1.0386218998291707,1.1532412771559895,0.6216161193819021,-1.3833752859519364,-1.419247530187543,0
2629,train,-0.9285943025396836,-0.43768487799331524,-0.9503992927598861,0.7208054324268912,-0.02048549852678704,-0.32642257987362383,-0.27599482612406906,-0.8342844384139927,-0.5851658600036842,0
2630,train,1.958988353685575,2.4511437818201802,-0.3495371922934438,1.2857808568236586,0.7524204351054893,0.3643062886153564,2.2334440499542003,1.7505603059886867,1.5916974685883776,0
2631,train,-2.623252077723704,-2.3272524734850233,-0.9245360867148605,-0.1627051106195505,-0.1532998549962213,-2.052863536884006,1.2672165107200655,-0.7139241176045176,-0.8809857434421822,0
2632,train,2.1134851889658894,2.7535810249843142,-1.6740296227597902,1.7093385381648751,-0.3332920321900561,0.1218446641128437,-0.425954140481655,0.7994322241493605,0.8495778922283211,0
2633,train,-0.5590682314814204,-0.3291160844625239,-1.8958228037011002,0.4406921218438804,0.1200868793461553,1.7538067547269927,0.10325357215054663,0.026917555800952335,0.7980131010749815,0
2634,train,0.21495223416500459,1.0130521179096934,0.7758174044736108,1.0060051259330194,-0.8652388746934775,0.115526779013986,-0.7147644231288858,0.7895703953917659,-0.213729075439596,0
2635,train,1.4893391658102912,1.82512493631346,0.5802036663205123,-0.8288644994423771,-1.6251021538039447,0.4900325061448862,-0.577361910651779,1.5074983673964295,-0.2898405989003073,0
2636,train,-1.6202694054080198,-0.8206645712003917,-1.682788812356308,1.177557008628118,-0.4391921670973637,-1.7064973709276425,-1.8950701169169477,-0.15542395959795705,0.21499866354259323,0
2637,train,1.0693612963662449,0.6574297223509464,-0.7984064009523794,-0.5813419084961788,0.8877208508194483,-0.13709727314909312,-1.6242983828753685,0.41210724222269335,1.505442350364005,0
2638,validation,0.6363493704239934,0.9620299704899077,0.6363235748106093,-0.3774065949790761,-0.02048549852678704,0.821187036029308,-1.6970641022525936,-0.6292108800298488,0.49285178365012483,0
2639,test,0.7524904230314438,1.007910520722479,-0.9807061151320838,-0.6785970323017062,0.006364104987497286,2.1873757200704067,0.18277463847860312,2.3578387977951833,-0.36132993462430185,0
2640,validation,1.5366035064795696,1.033089241361192,-0.4052045839784496,-0.6125414950984344,-0.02048549852678704,-1.6443130882545913,-0.4145871781921439,1.6311767656997513,0.8029584727777292,0
2641,validation,-0.03567408905656294,0.9663369421636104,-0.366609158029055,-0.7426161161228406,-0.02048549852678704,0.5830064812567578,-0.1808912230755279,-0.7367167133949428,0.19435423306218325,0
2642,train,-1.492428583888626,-1.324439704162496,-1.394760814850678,0.46728171272027264,0.4394423821301073,0.8489483373381363,-0.8585287172183661,-0.3173066493017355,-0.0851555581263365,0
2643,train,-0.69937684705229,0.46107763890286696,-1.9774014150170192,1.5017112994152497,-0.02048549852678704,-1.3689815281621276,1.0715015607495575,-0.7970025992801888,-0.7836212917928476,0
2644,train,-0.9728601999393327,-1.5311333809464114,-0.2893663481196575,-0.4396637369586256,-0.47583147900699807,0.5164414748192634,-0.7013450664743739,-0.2606485291317222,0.550233381085185,0
2645,test,0.5488588932011544,-0.9811315762557792,-0.4745219921923532,0.02758296712771181,-0.02048549852678704,2.540521616684762,2.35969121664713,-2.081070917966443,0.8514899836791167,0
2646,train,3.2840139345359836,3.1069687155576267,-0.5384725301107179,-0.7589493400102253,-0.02048549852678704,-0.3409500684561003,-0.06135816607670798,-0.11083152754768334,0.3651509630435088,0
2647,validation,1.1760309918323957,2.2522343969721983,-1.1012506869233423,2.1330294294266716,0.7270018645813465,0.11735722398407206,0.5166348481830192,0.11160356429077593,2.0671442775632505,0
2648,test,-2.013509293103678,-2.565107652190242,2.129950114635453,-0.3782845396902783,-0.02048549852678704,-0.4422834350003665,0.46790398949958895,0.16984047833546098,-0.5960412637555127,0
2649,train,-0.9182308262118277,-1.457282921677598,0.775498436099363,-1.2610861521738348,-0.02048549852678704,0.4629488507915003,-0.6308185245692816,-0.013156568757338298,0.14602330711142125,0
2650,test,0.6240973372861258,1.2503558915066246,-0.386422873960376,0.7640231160188374,-0.7089647615715748,-0.3896868406827076,-0.23599226415378247,1.0542714295400597,0.701199292582533,0
2651,train,1.1512324856689957,-0.15919907930428856,-0.005204603294903127,-1.461755204843942,1.4671017233711727,0.09280516491267951,-0.7307853454731021,-0.639335075969744,-0.17923469656647267,0
2652,train,0.8304216465954478,0.8038447665542988,0.4798648048103491,0.007404512485427509,-0.02048549852678704,-0.7359266192827033,0.03660457566868066,0.25065806507651206,-0.7393817425779767,0
2653,test,-1.3628823098580065,-0.15183837061973393,-0.4638083419106426,1.255239818787187,-0.6600496270980999,-0.18284461168407773,-0.5986474895523377,1.443339318152468,1.388105108130997,0
2654,train,-0.8649994418130148,-0.3889057042757243,-1.3318608095889306,-0.34897511101245465,-0.6692858831494757,0.16762678184916663,-0.8644785912740536,0.7218717077085213,-0.31896761425976083,0
2655,test,-2.492929902894864,-1.6985218229393861,-0.6597477065112848,0.6963484507641561,-0.02048549852678704,1.884237992538024,-1.1198964214268274,1.8271646579625886,-0.3767415505386385,0
2656,train,-0.7970348656797498,-1.4745603716368476,-0.836138388608636,-0.584428202397164,-0.02048549852678704,-0.011742161949068778,0.048786288425389304,-0.6120027689003525,-1.8810826528527091,0
2657,train,-0.20496556023386553,1.212341125122021,-1.5479278160004866,1.3930231968985831,-0.02048549852678704,0.9000447153133375,-0.8178149858778231,1.6200486381039534,1.0331614166564824,0
2658,validation,-0.16885775729343594,0.2741835545757033,-0.39755441906604416,-0.2394022674300025,-0.9882293325977538,0.8195084545688119,-0.13920042811641123,0.29131379860303036,1.2552806655436308,0
2659,train,-1.4975835803515174,-1.8438685814236837,0.7486696011483776,0.8369649641758404,-0.02048549852678704,-0.5162979496544813,-0.13217831930549956,0.4884265063246822,-0.45288536758817494,0
2660,test,0.8492953120208758,1.2955047890257005,-1.15845900032909,-1.977503840455323,-1.5768744257389402,-0.26805485420180325,0.3508474072969529,0.026917555800952335,-1.6348502259396174,0
2661,train,0.5007905518082854,0.8699454338666367,-0.6157770529617008,-0.002354730574269519,-0.5672111421667826,-0.18222450214782998,0.3400947789928126,-2.1189332525949824,-2.005754214880647,0
2662,validation,-1.1272419742154554,-0.9103556361210028,0.35462249681343094,0.5420611268055516,0.007261793298192579,-0.3401780202266455,1.1977738747228002,0.2658674355185198,-1.4360623584177679,0
2663,train,-1.7207078467691637,-1.235049647501846,-0.8437715338923144,1.4730391429999163,-0.02048549852678704,0.6871540654588607,-1.9476015838066763,-0.710006362072316,0.5388589931770795,0
2664,train,0.16946843504772102,-0.222912628157052,1.2000657580390734,-0.46773932758690123,0.20662113086386805,0.7719460886351331,-0.5281747114312146,-0.28746727713051506,-1.6992802117904797,0
2665,validation,0.020631061852734965,-0.005744025745721763,0.5927777598294565,-0.5734055414443294,-0.02048549852678704,0.8569690623226341,1.3584257331284006,-0.4047679350193549,-0.26621076334304655,0
2666,validation,-0.48142601354612247,-0.8119862127718597,-0.6527198142340841,-1.0363301191603478,-0.053980764806653855,-1.4324423596170317,0.44046700036509295,-0.7670952703704763,0.40091978268392264,0
2667,test,1.5346585666797996,1.583089455442484,-0.5005014026718212,-0.2686742719202501,0.24436390922108092,0.9574661923169957,1.6761431816095533,-0.4726985826158983,-2.683191471926007,0
2668,train,-0.03567408905656294,-2.0277302533253265,-0.49904650894871094,-0.485636012721153,-0.3230341821033555,1.1912531459739237,0.322483168797575,0.586772921317691,2.008227457186312,0
2669,train,1.2593663006705251,2.498095538486066,-0.868935168778379,0.6424840515452147,-0.4247282505592437,-1.143199758666476,0.734522770121167,-1.125526956789188,0.5165309662253929,0
2670,test,2.394087759454606,2.3980933868295584,-0.029143165214148697,-0.6132610245600928,0.45425297051290975,-1.193979701126324,-0.5057402964674296,0.026917555800952335,1.9268707766506428,0
2671,train,-0.16698091593420986,-0.01609514741380767,-1.1309771404112028,1.5748563272966243,0.8657745735248357,-0.7911559848444161,0.201950504347014,-1.5840900911948197,1.0302562276573628,0
2672,train,-1.0097881783871612,-0.40294207470442256,-0.15964645054977977,1.655272878873969,0.07091432172909488,-0.7349961961494893,-0.9691969051332696,0.044530717787411085,0.5002104495936891,0
2673,train,-0.6682531119571524,-0.5309432444675194,0.2710910604220853,0.03629595227205036,-0.339991251316411,1.2067144976481843,-0.24039328601030818,-0.3839907807513323,-2.1461143588757134,0
2674,validation,-0.40383189513418905,-0.23567355975205756,0.9832612038428009,-0.6460964596915364,-0.9971376898165614,0.6029855079661627,0.2172198534120812,-1.2107243024725107,0.5133812224074386,0
2675,validation,0.9687277118687824,0.031375742459888216,-0.1953228952211455,-0.39909194498597483,0.28298769822623415,1.576712809226254,-1.6017088572227431,0.8121729211936746,-0.11389692890575225,0
2676,test,0.22412753108083824,-0.00824663347649497,-0.49497647654505267,-0.4909062405249096,0.5861004125029295,-1.5660400540252974,-0.3321964492445782,0.9181132399803746,-0.8705187191922149,0
2677,train,-0.03567408905656294,1.706554728377259,-0.18404990646165195,-2.825480438586286,0.45930747220710905,0.33248578319541844,-0.6828528945839455,0.20119827472575647,1.503274529085555,0
2678,train,0.34187260918052925,-0.17871101665116326,-0.6150959741745172,-0.846157451090348,-0.02048549852678704,-0.31052290032187524,-0.10947687510057542,1.854640508685884,0.486529614799953,0
2679,train,0.013116000492094165,1.6202754837134634,-1.9790916456816925,0.6945096112982232,-1.1189077811006913,-1.9665178036060993,1.2723702928563194,0.1493550306742135,0.5707462408301003,0
2680,validation,-0.6335570378568235,-1.027179161922337,3.000285117796438,0.03533619896594365,-0.9407320987937745,-1.026400602149557,-2.7853376811977473,-0.6710312954221156,1.0857977772189153,0
2681,validation,-3.204806993480854,-2.0490177152434788,-1.1529573194141123,1.7929954169013849,-0.8895705218690755,0.9356873585773612,-1.6895411315109137,0.6459819877116486,-0.43687893788476817,0
2682,validation,0.29326239210564237,0.5736657183499062,-0.5459551949710046,0.199349403534434,0.050252891792549374,0.6860732985111174,0.08227032658052032,-0.005083070320110571,0.4205423053461017,0
2683,validation,0.2458461522565212,0.8788623806313832,0.33315006134186287,1.3404604447557817,-0.02048549852678704,-0.3189518550870194,0.3891542441020717,1.328719609112386,-0.42578345078038177,0
2684,validation,-1.531005090610631,-1.8519211806529963,0.13849312929400912,-0.9575894777189973,0.6895853071294933,1.7189931611986773,-0.8437892813113895,-0.338642758390615,-0.43106977470039526,0
2685,test,0.8797457416139481,1.5756373679369735,0.6839970037171659,0.002139467307031553,0.25362320038445385,0.06724892141800042,1.344538982758681,-0.8120494513899581,2.2162042650279905,0
2686,train,0.5867432869287661,0.5009354342158165,-0.5741284519824846,-1.4652842512145052,-1.1370167377311309,0.6183918005830079,-0.022662314305970956,1.0099813305755148,-0.49287101075933665,0
2687,train,1.1190513555700206,0.1746336692395743,0.42196468685968586,-2.0354491010644087,-0.18988925749652852,0.41862648458938817,0.7181733239516772,2.4244060962799803,-0.17815851597969273,0
2688,train,-0.6771734528049597,0.3232017273070647,-1.192216687294348,1.1160637767791868,-0.4543152179316508,1.2790496765406045,-0.7922358973922784,-1.1254640312778188,0.5063833024746548,0
2689,train,0.06007495582378398,-0.16341164724100812,-0.809475008486229,-0.33644369734874435,-0.5480386021278139,1.1960029929459295,-0.49981048822823615,2.6710545247525075,-1.1338011929901146,0
2690,train,0.8502486221070852,1.2201114417620211,-0.33376578841823,-1.7579034847701063,-0.02048549852678704,-0.53324307710962,0.2622174484282633,-0.6723754385420251,-0.7193783783261618,0
2691,validation,-0.03567408905656294,1.0803858629723042,-0.04023660565419026,0.9821901019550775,0.7373450472902565,-0.6521453868277964,-0.6379044224242099,0.04734304763596687,-0.020168286004867347,0
2692,train,-1.7161369119594965,-1.3427875422647069,-0.9473541370094551,0.2509861567266086,0.13078426122950298,1.184626890959456,-0.036694340697618476,0.1837063900920327,1.0924584967911528,0
2693,train,-0.03567408905656294,-0.4793503717057687,0.937373564658925,0.5473852712341629,0.7212712872931857,-0.6142802739636252,1.0434075729129941,0.026917555800952335,-0.5733617476747085,0
2694,train,-2.319696164826812,-0.7062329939170509,0.08727816876996546,3.461899313822323,-1.2274326060928593,2.1166722931057427,-1.7980997722066365,-1.0430591402263945,1.9061201982920826,0
2695,train,-0.03567408905656294,-0.8386849307288315,0.15015289975785873,0.7169805402677637,0.08857450011294783,-1.2034106020615245,0.14842297020417972,-0.49181704352291294,-0.5801818917462724,0
2696,train,0.5480530692571319,0.3579939161044388,0.35968649761450944,0.12410906165325082,-0.02048549852678704,0.3102656290238676,-0.5305568778076639,-0.3601163241027247,0.080788969982044,0
2697,test,-1.0609227524005573,-0.262508834125896,-0.6488900790935002,0.7538026429784201,-0.02048549852678704,-0.7952433285807912,-0.6636865124830494,0.5450900778885387,0.5505663449422151,0
2698,train,-1.5155112067864134,-1.1347519704372242,1.2601580335335827,0.36898635288855586,-0.02048549852678704,-1.1167311373389859,2.7056522242156746,0.6322790239600683,0.2047403238548628,0
2699,train,-2.5947620512633702,-1.5700471480838005,-1.6395242447481373,3.052331783841802,0.07868579950465548,0.07045066747914697,-1.1640741875712721,0.026917555800952335,0.44456231737849866,0
2700,test,0.022804179255529123,-0.32246467721224403,1.105647460166584,-0.4424062747588239,0.041916169497177254,-0.5844036495678632,1.471532500540067,0.6201494958484535,0.46359732536481874,0
2701,train,0.5025594493949861,0.10056731003713305,0.06790515241723624,-1.1299195081225097,0.25423840099896294,2.039693592897344,-0.6090599167600426,0.5791556605638212,-1.1380846535370683,0
2702,test,-1.872256348066737,-1.2532417591266485,-0.9631962905958201,0.9388522036357636,-0.3305209312848551,-0.49882289972452604,-1.974608872612915,0.745384965470443,-1.735688450627637,0
2703,train,-0.03567408905656294,0.5306300418786514,-1.3401314955511043,1.8897675559116838,1.37122499559501,0.7324604385272002,1.4236818394975266,-0.9272885115233872,-0.9093374083269913,0
2704,test,1.195169805114453,1.5123076462963667,-0.07222672097868825,0.38665493957775027,0.2533323340370172,4.009985232392421,0.8119227887852556,-0.36005193339459207,-1.0905489421857955,0
2705,train,-1.2209833068649882,-1.1121808101628914,-1.4282722571293045,1.355144190021122,0.6789865961538787,0.45085099964732006,-0.9309744218512753,0.096873595836675,-0.5630202891434825,0
2706,test,0.5372907297593238,-0.43135619587733515,0.4009358440987295,-2.1072090040930433,0.7871169517185903,-1.3903266189923442,-0.6520880361321026,-0.0391349985276269,-0.8496916906789106,0
2707,train,0.04381565369761221,-0.7186417051479179,1.0063129240567443,-1.4699664747189511,-0.02048549852678704,1.2065263919380356,0.09296697924136454,-0.5257110213645728,0.43184347706185094,0
2708,test,-0.429238374507213,-0.6510171635986031,0.3918906899127536,0.3298736917646821,-1.9339082673351553,-0.6343622714142505,0.4562818893896903,0.026917555800952335,2.042680422415351,0
2709,train,-0.03567408905656294,-0.21140590275314622,-0.17482072426793546,-0.18514239863079912,-0.02048549852678704,-1.3947115863172876,-1.276284647174393,-1.2350338160924326,1.2393042903352804,1
2710,validation,-0.9735399786228299,-0.7652648646034057,-0.6126753559423431,0.11611663028363785,1.4852013566581195,-0.10964941726622593,-0.7492425253206809,1.2795618254735122,-0.6452557174376009,1
2711,train,0.3857493477358599,1.3107591156892913,-0.7383570045880218,1.1407052002154545,1.0878725819575972,-0.032752028754994535,1.1073546685041273,0.026917555800952335,0.0931547304027837,1
2712,validation,-0.4533406623665828,-0.7133275498330163,-0.25005465119771986,0.18653373115643523,-0.3283710726305974,-0.4477272107270529,1.281843463025756,-1.2529960947958951,-1.662231021812355,1
2713,train,-0.1607287227076098,0.09364159163278693,0.5101766554505499,0.15083305125152,0.5609936371040638,-0.37539065880924877,2.4094963414476016,-0.9241442715137701,-0.19901858615141366,1
2714,validation,-0.06290590687525344,-1.3406833867706949,-0.16215837202227293,-2.7718133816287445,-0.07056713568541563,0.39628539325738515,0.3736739393361176,0.22513990228068156,-0.3146228938463998,1
2715,train,-0.7892568323446688,-2.612485434719538,-0.7284585392091095,-0.1227803025686223,0.38554676973971913,-1.8537765891015519,-0.3067817175093445,0.511839183271895,0.278851203606422,1
2716,test,0.30132645182648155,-0.1395778343028582,1.8954502954731318,-0.29951939137187883,-1.1858306116318034,0.26282042134953965,-0.36957302329416886,-0.4657222345425311,0.22679991402585045,1
2717,test,-0.03567408905656294,1.1137956559507247,1.6873949276019575,1.8088273342477683,2.781696899142758,-1.113324743939611,0.7255211389911265,-0.31964001697490835,1.123885248148689,1
2718,train,-1.19785294799862,-1.6523459434432068,-2.399822195455031,0.8138596383725223,-0.02048549852678704,0.850485979098718,0.27861778877722926,-0.3827510563490736,-0.40774183573396877,1
2719,test,1.3304762949241407,0.9389277244520324,1.427157401954626,-0.9494287001229693,-2.8222367457971362,-0.07800849962247754,0.6325023556146472,1.6810426037736064,-0.338353538494555,1
2720,test,-0.7748309417589702,-1.3802316354082302,-1.076384471016694,0.49659917079134214,0.2253686610032154,0.5315659977304095,0.4471239596524459,-0.5345171067765437,-0.22702111097349595,1
2721,validation,-0.6052413393193994,-0.03917442002661281,-0.28261825767374804,1.2557608433547305,0.248510641310338,-0.030699624494664113,0.9020351859469843,1.2038912442845189,0.2886085348743491,1
2722,test,1.347153693902283,1.5295691411260934,0.6994455183527462,-0.9016440631380684,-0.6876968941395457,0.07890287000443123,2.1042090987877247,-1.392197137438775,-0.30753055857991435,1
2723,validation,0.036318367714968325,0.422365548157784,-0.4902801766622128,0.1294962387191775,-0.883741520831035,-1.5252931297347818,-0.3634198876264006,-0.11955494404863891,-1.2872952139836786,1
2724,train,-0.5801031613343876,0.3661401743345704,-1.0999675817344317,0.9115076317227699,-0.02048549852678704,-1.265167367275082,-0.31110987343855795,-2.0746666645883725,-2.978656698768073,1
2725,train,0.474381445529896,0.7699625350191321,2.1248199883542993,-0.5925259392560772,-0.8648567549201281,1.6728513379271068,-0.7681508999966967,-0.9225916363444738,0.8071019790947562,1
2726,train,0.044908485080658665,1.2895535226483927,-0.8087448830305711,0.9406263668282066,3.2155760803266142,-0.7672988035667929,0.21494452626560587,-0.8221119677427222,-1.7096547247676368,1
2727,train,-1.708815409480526,-1.9160894844095384,0.08035765926462446,0.6820887511706288,1.909152816500925,-0.6876655843289694,-0.918707930331544,0.18566588606723597,-1.1308801589819215,1
2728,validation,-0.6159810335752242,-1.1323703501532871,-0.03207835235639037,0.602030064921203,-1.6856631960958413,1.0079341387924,-0.9953027924300235,2.1470222701451225,-1.3029220872426457,1
2729,train,-1.0333089841983183,-1.3161868720418393,-0.8239745815099782,0.5697648762139323,-0.02048549852678704,-0.4923086806233612,-0.019388652368169893,0.5981047879456908,-0.6983286642011224,1
2730,train,-0.03567408905656294,-1.122507297307137,0.5402940448252506,0.05603321770600051,-0.32218622195289576,-0.6824472201762805,-0.8592692097859232,-0.5682387769717718,1.4909181188953329,1
2731,train,0.06881976847324349,0.39724648916072514,0.3522989248365928,-0.25297541246744576,-0.02048549852678704,0.9094967169618031,0.5582312368254457,0.6054631322077356,-0.01920136577723787,1
2732,validation,-0.03567408905656294,-1.097353937539883,-0.895838083615295,0.8116250439641709,1.2892284194752945,-1.0333365643619887,0.28902771043474207,0.5993619178968785,0.218269598470619,1
2733,train,-0.06374499403955206,0.8949725531920479,-0.47061981949058473,0.09456648087873551,1.2095766189321349,1.2228077787091725,-0.1458266263449376,1.3765749114113093,1.5518662794097025,1
2734,train,-0.8669087382660595,-1.374397108723336,0.4103173197604117,0.4841666731214921,-0.5618103695728653,0.8154254271115173,0.11709431095142074,0.7133555544435771,-0.682720060463956,1
2735,test,0.24514937908891593,0.45128381587247207,-0.20610121644999538,0.08798372423015408,-0.02048549852678704,1.1912481209968224,-0.14859169524587795,-1.0277008374764667,-0.19180886406038677,1
2736,validation,-1.8444656308069105,-1.6085136934922803,-0.5042054072115559,1.122349662703077,-0.02048549852678704,-0.3170344707412172,-0.16768811467603326,-0.6418257437960233,-1.2029916111169467,1
2737,train,-0.3278416088632633,-0.6769561250123177,-0.023546457090335045,-0.3213516773436811,-0.6835596913586592,2.8295753699491537,-1.5906691054096678,0.17171658991212715,-0.4838368428411021,1
2738,train,-0.1542653143638269,1.118305419588602,0.08983042564717204,-0.29285791589025345,0.9414856919892598,-0.19176754129535337,0.8144540399870371,-0.2255816162852756,0.4293003563024995,1
2739,train,-0.03567408905656294,-0.6113945516758632,-0.2649775422452983,0.5377290532587627,2.15809262649838,-1.8660951707152336,0.7483372755973832,-2.0630891582298814,-0.10573395771872364,1
2740,train,-0.2003380109576108,0.017733683780055166,0.08118423573248398,-1.2026004125256688,1.8168631043915455,-0.06793208941394033,0.5055984257841978,-1.152280221519631,0.6920673283117932,1
2741,validation,1.0050629162840448,1.4733922579020593,-0.860394786460604,0.22231493801879784,-0.4902348281398861,0.8947211372361256,1.2129477956717092,-0.5546398859181915,-1.319224063257244,1
2742,test,-0.03567408905656294,-2.5604647615995657,-1.3510130174850925,-0.4734965851009901,0.5622846359464999,-0.1559794004787497,1.6557540848964902,-2.7277025548581864,-0.2345065881397027,1
2743,train,0.8121943168982914,1.4048195446245306,-1.0355359211965833,-1.2264074382634391,1.0292806710046842,1.64870863885564,0.2924939632165301,-0.273674898985931,-0.28073530171206396,1
2744,train,-0.03567408905656294,-1.1934114240050107,-0.9221883123570624,-0.6001044204189796,-0.02048549852678704,-1.703919621765456,-0.33383242361512255,-0.3586746832919201,1.4035669214330482,1
2745,train,-0.1108543643761245,-1.1777657522781824,1.0656062262033292,-0.07358125746465433,-0.02048549852678704,1.2776748652374306,-0.8510142907393611,-0.3877764683143192,-0.550474890999429,1
2746,train,-0.9852468395763148,-1.1517964466966963,0.6224912215384005,-0.11113115766275972,-0.13498278321407767,-1.357775407704227,-0.1996257664115572,-1.8874076155046429,-1.2323642094113914,1
2747,validation,-0.32446236102038595,1.067897011387629,0.5242737041255295,1.5456477261652708,2.318296634631789,0.18884764223003775,0.43052306821334074,-0.30121662145751416,-0.669747949358669,1
2748,train,-1.4519518103523363,-1.3334526207555029,-0.1931422863046027,1.1766405263184814,1.572102428878015,-0.1191042007084904,-0.7440911691933418,0.1438680817283175,-0.12810711820242765,1
2749,validation,-0.7971995757404291,-0.37783027305402345,2.1662513870487836,-0.03443151296783216,-0.05115021419895922,1.6690305681783337,2.3414024654513352,-0.4612486618145496,-0.09034555114299356,1
2750,validation,-0.03567408905656294,1.0955695653553035,-0.6762025337259877,-0.455844728858558,-0.5645892504580715,-0.7686870505519353,-1.1842463782841515,-0.4092819508536882,0.9410487843771003,1
2751,validation,-0.8767840537907984,-1.2373741529579274,-0.6991831457171405,0.8172958940665985,-0.02048549852678704,1.7701430563509035,1.0048177068331547,0.5250656665567981,-1.9017838125831819,1
2752,train,-1.391863432111481,-1.2964861302857549,0.1380758843435306,0.4129363779552987,2.4426479436804494,0.7683406053225369,1.0598738254461872,0.21490430892643828,1.1432085391380304,1
2753,test,-0.6267331751571018,-0.33501066507808025,1.7604802134720727,0.712621704361382,-0.02048549852678704,-0.2071874322865824,0.5806895080534505,1.1923069075234662,-0.631214475502214,1
2754,test,-0.5071659904367608,-0.898025281554859,-0.6203060189597214,0.6223772296578036,-0.5884682362625755,-0.6838264315697784,2.332136120954998,1.5811008277892296,-0.7865570378363397,1
2755,test,0.3585096576625534,-0.09376661808781085,-0.1482700852437254,-0.2758652854814307,-0.02048549852678704,-0.4116398206302457,0.01696384916877197,-1.687016263220911,1.8336719626694804,1
2756,validation,-0.8864229313938035,0.11288768268686052,0.40423616908552445,1.3538980022700513,-0.02048549852678704,1.2021895556851538,-1.0977969394795872,-0.762787004411482,1.3919195034690774,1
2757,test,-0.4306692185676601,-0.5269071667428463,-1.573294594621068,-0.5608880924574884,1.1931489041722823,-0.5109024627621984,0.3581130806726042,0.5624445565978818,2.988206540025023,1
2758,validation,-0.03567408905656294,-0.5254002528759782,2.933753448587278,0.6231936339639257,-0.02048549852678704,1.4898290693860141,-0.1419086708942588,-0.5005024289153029,-0.3647891618653752,1
2759,train,-0.11140469577052982,-0.012319733476360473,1.9845397036593004,0.8702266911157182,-0.4514813773783007,0.7334801378908243,0.13274545202239468,-1.544016135843941,0.6751240392695705,1
2760,train,-0.36416452458218174,0.49651405513044683,-0.29345117624174877,0.5377646537453977,-0.02048549852678704,-0.044317065936431504,-0.5130063155417035,-1.0476841979493907,0.2806199943347767,1
2761,train,-0.47034175854190263,-0.33360575248298063,-0.5185621662703265,0.14511683043544704,-0.10134592019962797,-1.25182722273011,-0.7995551326394296,-1.1709811900719018,-0.417479819492633,1
2762,test,-0.6698107569818892,-1.106780654677115,-0.9022611622050424,0.27768962704127753,0.902572379527676,0.2705945613281955,1.3641102880803808,-0.109441867000276,-2.296592178621537,1
2763,test,-0.49335330239457,0.3518844254720504,0.1744532010589468,1.185876599609973,-0.02048549852678704,-1.126621164897956,-0.0275419360197715,0.026917555800952335,-0.4275732808061519,1
2764,train,-0.5525543993145877,-0.19984271225005534,-0.816287131387121,1.643276651342097,1.7913560431170583,0.2535854797310829,0.7015671736105212,0.5271371619951926,0.8205403843545492,1
2765,train,-0.03567408905656294,-1.0871018412636628,0.18834389498707024,0.8073272213528588,-0.02048549852678704,0.25629337296540966,-0.13083125414553443,0.259152613026544,-0.4739593153317238,1
2766,train,0.2789708731381583,0.01869223277845217,0.5535900908626159,0.06314416724441076,-1.7556501057061442,-0.6469564478169576,-0.3453979301071962,0.22011869831998349,-0.19298422077247393,1
2767,train,0.3752521833272484,0.25579233789045575,-0.45730099373749256,0.03716458595255007,-0.7420848724371799,-0.7078679384239289,0.9859695877329359,-2.1037952597963683,-0.028847578660174084,1
2768,train,1.3708426866922483,2.0565364585108235,1.8891499951693405,0.3347538413391321,-1.6165089887578086,0.11425263241029715,1.2304265535804628,0.5320281161741838,1.9217083739750216,1
2769,train,0.6508998799644644,0.8624872291043975,-1.6997555138393123,0.647884870542165,2.337906344736799,-0.8262309622257784,-0.5684204953268978,0.44998628655844514,0.019944839733441886,1
2770,test,0.14489474258437182,-1.4601084598814489,-0.6695564335816351,-0.34081044052832243,-1.587557315933445,-0.7406063963569413,0.14045812595381796,-0.22073042838298992,0.8958747044297819,1
2771,train,0.7779832915993607,-0.16680561834792895,-0.608010446883358,-0.14527458076698915,-0.02048549852678704,-0.900569711771037,0.281365569687774,-0.1711508943197111,-2.27894074900152,1
2772,train,0.6332251977916281,1.4526558792926176,0.9961385219434485,0.38465135580379683,-0.7094827687330796,-1.4551511629231473,2.562961917848769,-0.28765211499771526,-0.708155274385727,1
2773,test,1.4765567790899579,1.2068220876780718,-1.0196553397150505,-0.817527548835156,-1.5800593320543794,-1.2087419487015705,-0.5062670861007996,-0.6654029999837259,-0.5171628380337318,1
2774,train,0.13890618172198677,0.6096138388121931,-0.3225908656805124,0.3560303028907532,0.6908356787131208,-0.5336646871089115,-0.03069278010897561,-0.8114609657564681,-0.43972775056922414,1
2775,test,-1.5104808980405289,-2.5209926660658377,1.2569660507640812,0.23425904957348126,0.8644644968422657,1.2979593765371102,0.5774898745693022,-1.2972610167115486,1.4058486756284034,1
2776,train,-1.5803430619841943,-1.3308516036491962,0.10962056630836808,-0.15911050572044685,-0.02048549852678704,1.1677193208018979,0.4654924417995226,1.2681784253657302,-1.9169461627583846,1
2777,train,-1.3225335532201707,-2.596688272010693,-1.1979678206077138,-0.782153806109536,1.5214797631768764,-1.3898370996998606,-0.39203390102859964,0.9532515317376855,0.6901620666724296,1
2778,train,-1.4962276878073715,-1.1463239476011569,1.914217138070444,0.79321316424861,1.1555075182053955,0.24720850400745592,0.7821603982118067,-0.4394490245476876,-0.950129717316772,1
2779,validation,1.6135543324027142,0.8610667076974139,-0.04944116208177267,-1.052598756495095,-2.915279369384904,0.04460881621678845,0.46146179165724854,-0.8925284680422696,0.11222746922904454,1
2780,test,-0.05688882466350847,0.6963515375425285,0.4777605998456636,-0.5085445015659281,1.686681613439543,0.6819055662337813,1.6136787568167263,-1.2203257451053666,0.46396413521492097,1
2781,test,0.8441408098290959,2.0073307011438883,-0.05935829738108352,-0.012551929153238236,0.4532103213746188,1.3656128815096324,1.0464942455482011,0.3945865137457537,0.23390916845261728,1
2782,test,-0.30018765764519956,-0.23929141755164166,1.258711594994491,-0.19039525672671836,0.0007221282976171384,-1.1269183176645345,0.1354883350259101,0.10947117889983903,0.7561704550649909,1
2783,train,-0.03567408905656294,0.3519307063807989,-0.45286974776906264,1.1422214714091652,0.47763024784328373,-1.8454874869551832,-1.2407182581860343,-0.8789239589223774,2.223528229493771,1
2784,test,-0.22155514303054694,-0.19565727048533346,-0.13064811940492713,-0.19528574164493798,-0.02048549852678704,0.6977906367461413,-1.3702994815897949,1.30410099791268,-1.5689928107781272,1
2785,validation,1.0517287293599384,-0.3090400722982841,-0.9248798743377147,-0.5034669866768028,-2.182232080320571,-0.434916169032229,-0.5740129108885524,-0.8217452788043208,-1.1502526742291328,1
2786,train,1.8454385609474404,1.7684782165121198,-1.061173031591966,-0.6882394382502988,-1.1705749084310506,1.8247729829407464,-0.7949957012726078,0.9240347313042574,-1.4881251414162675,1
2787,validation,-1.1628340025287398,-0.34266764084215523,1.6175170473306124,1.5905848482140712,0.2653949829517415,-0.9912973594260628,-0.07938370295332924,0.026917555800952335,-0.43683730941044324,1
2788,train,-1.0081205621252056,0.3425113722453001,1.713934647385964,0.33287447359334754,1.945691837245784,1.0284606168518569,-0.2290476744348247,1.2185551641780925,-0.09007695323961423,1
2789,test,1.026895554094934,0.9793327690615846,1.2746067206672433,0.6699572557461205,-0.02048549852678704,-1.2255575101356515,0.8762453100209433,0.026917555800952335,-0.34471909921728583,1
2790,train,0.1243835835213511,-0.5658668347590067,0.64353540632124,-0.6561648745786532,-0.5336390235252993,-0.3373241265722728,-0.18313025798522012,1.3317586071817769,-0.06526190691168174,1
2791,validation,0.6675857115073115,0.5545771037499895,0.6098708060494384,-0.453535282959747,-2.2063319840536177,0.7676946560401681,-0.552231636874953,-0.04550027399610974,-0.8270325924223225,1
2792,validation,-0.03567408905656294,0.782964089949584,-0.38784994376590665,0.6772047311382874,-0.02048549852678704,-0.40112159205240056,-1.4647686160026745,0.8704280272531975,-0.3323540868661376,1
2793,train,-0.5089948779668616,-0.3383915006327268,0.4681018581112031,0.6867563532914088,-0.32967794999205546,0.7762245934945171,-1.1007701434253996,-0.9230456344061343,0.7549200202984537,1
2794,train,-0.6248070101705772,0.409610289429615,1.833364278709627,-0.20989000794223348,-0.02048549852678704,-2.596119217166866,-0.604114808101912,-1.6565442175660428,1.0811096007929717,1
2795,train,-1.7365419545553098,-0.8270604481328951,0.9659881677080787,-0.013821301644904716,2.1771765165074988,-0.5218181144002515,0.8555451120813159,0.2646407026965649,-1.0002674436036427,1
2796,train,1.2714674497225256,0.2810678558420564,-0.7540173836683768,-2.542749380693927,-1.3718593173289273,-0.267265330095399,1.4873887020796708,-0.030300529998239352,-2.7192535374037754,1
2797,train,0.08625268875728634,-1.0320296101756912,-0.86315386813326,0.15941091367654708,-0.26711777963629135,0.16676477703920223,-1.3677806587123766,1.5084467945851263,0.6285643221661334,1
2798,validation,-1.9374615195623581,-1.8949971801436807,0.8570675300124927,0.6752644360799158,0.4782453743104371,-0.3151118481926477,-0.5618538735140434,1.1182391457604053,-0.23457007559111595,1
2799,train,0.8033657348269868,0.607756966372502,0.198326848470765,-0.7890477196594008,-0.0088429932481564,0.2818006793210595,-1.7120382984228486,-1.667565974538466,-0.7165508952156986,1
2800,train,0.5509349394342274,0.7241084551003719,-0.8388125815539798,0.5858711742579584,-0.9246552740393127,-1.0960490279615005,1.2725686229092932,0.05650668034995559,0.1617587629912761,1
2801,train,-1.5171913486680555,-1.560912205091036,-0.7863485220926462,1.702568496090182,1.6159986633730687,0.3857086964765112,-1.1678321824567746,-0.8763277151771972,0.9287448093896081,1
2802,validation,-1.261977109768997,-1.3677160131634711,0.33874848804527924,-0.49119678281418666,1.5152295969169451,-1.4799537831044112,-0.5108193220414292,-0.9184249203071088,-0.35197323873952496,1
2803,train,-0.04547008768433851,-0.8148864942908933,-0.1872256845050727,-1.1718599169340853,1.2194335844719673,1.0448644345956235,0.3799803877539622,-0.09458564953746518,1.1876385826759261,1
2804,train,-1.4583796243680152,-0.9197626928364333,-0.22853225172313504,0.5824224722878303,2.5357015108687544,-0.9361541752413133,0.3771948828636676,0.15786025326710518,1.4133835739802016,1
2805,train,1.7388941468682806,0.911729708400252,1.0158192846870604,-0.1543250153838511,-0.02048549852678704,-1.8456006900633155,-0.16368694681361134,0.19966896926600766,0.8228854789449028,1
2806,validation,0.1724615686473899,-0.6119672476571447,-0.37226832457103604,0.018684507796973716,-1.5230792280922556,-0.0007763862568654187,0.1557391064008495,1.2398012333769073,1.2927809414854043,1
2807,test,-0.03567408905656294,1.3590836448343877,0.09586994344665217,0.12257690052270907,-0.02048549852678704,-1.3852193170635032,0.6549525044546671,-1.2660942174649874,-0.30134831454838495,1
2808,train,-0.03567408905656294,-0.46250973249290744,0.09682869575793712,0.07724613197152733,-0.02048549852678704,1.1570861648228215,-1.0029886150622604,0.6342995055818926,-0.8681696949986908,1
2809,validation,0.7989445335271862,0.3580490327101565,-0.19409066795539803,-0.5398875966719057,-2.692690472499622,1.2334424408256086,0.04492384360747043,0.5619640094497017,0.7131753202548858,1
2810,train,0.8382078340422248,1.0124753795127683,-0.7667049944816694,-0.02715690947898603,-0.02048549852678704,0.2337006494651338,-0.6329160157784548,0.7228373465230461,0.20161136486278822,1
2811,validation,-0.03567408905656294,-2.512728693550286,-0.9260271457263506,1.7969783847415506,2.9660104199573394,1.1832998582281096,-0.8807896954892646,0.3191385417009189,-0.8657330328540882,1
2812,train,0.059578288247214874,1.6397654375520647,0.07018370785167456,0.37420154941047634,-0.02048549852678704,0.42858725746615456,-1.9397474319492516,0.8606326368035394,0.8335840710140969,1
2813,train,-0.0972231970588864,-0.48740867138473803,-0.7262689219763052,0.026811818268861778,-0.2281181623982707,0.6518156397563015,1.8473163990002448,-0.29131351179507203,0.26610444047336546,1
2814,test,-0.03567408905656294,1.8454438274749463,-0.9159732558778256,-1.2543620982667107,-1.1949124571869636,-0.5310571590721227,1.0608326526976146,-0.49194348328604587,0.010785213511586724,1
2815,train,-0.13312341566427174,-0.5237336068931525,1.0138399749341986,-0.322597245771644,-1.343901691423956,-0.4252252609669192,-2.0077819854500727,-0.17895865600232141,-1.3675359792891226,1
2816,validation,-0.17086542935621177,-0.5535966628433563,1.097936394938975,0.526965197089724,-0.8592079127343009,-0.1589485173387451,1.5621890456889975,0.026917555800952335,-1.2139047981375253,1
2817,train,0.7923825269474273,-0.03622071977772812,0.7412424190940832,-1.0709203159729233,-1.444299702539996,1.9807248777456345,1.166504629743881,0.2963083121541655,0.9620916801994699,1
2818,train,1.2515384283317945,2.5099774392906347,0.016970224765317565,0.6283879759951722,0.006347737645163319,-0.5191228902215116,-1.6705070494964893,0.026917555800952335,2.366921979822407,1
2819,train,0.1851634701935883,1.1664750344171289,1.0920029954464945,0.18594653559092078,-1.3816937969964387,0.009360053755383863,2.4175614015870766,1.3486951220370718,0.7404663247591224,1
2820,train,-0.03567408905656294,-0.8676898728611288,0.49328558672103234,1.2045961327521364,2.484748653259401,0.21386900113123233,-1.0980829974413528,-0.9024711551282009,-0.09914909240306002,1
2821,test,1.8168344096024425,2.23479068083319,-1.3225146854511143,0.5488887559602564,-0.9814936082563558,1.8735492795641393,-0.520481047864739,-0.9356727305373338,-0.7017176867094768,1
2822,train,-0.16335553946024836,-0.37783374848945966,2.2300271556647506,-0.3969538690309236,-0.02048549852678704,-0.36910070380754567,-0.3357614678168331,0.17574542915954228,-0.7135554724000803,1
2823,train,-0.11799742000626369,1.3904793126462844,-1.5990679901999507,0.5911484283259835,2.9332958511910516,0.7387546050439279,1.2582414983839423,-1.3188618225948852,0.4722253260211806,1
2824,train,1.1694773368004518,0.2662184480543542,-0.989400861180273,-0.24631053133179118,-1.9316709587397387,-0.353857435153481,1.4210665284634842,0.11698050560454826,0.07753486981670511,1
2825,test,-0.5453182995307315,1.2290240733476727,0.4977953558434519,1.4126495872966962,-0.14607115234533866,0.5278615863366104,0.638770826132515,0.1769949828013379,-1.6712539085854003,1
2826,train,-0.49702506954824865,0.9351040129951511,-0.6418993081357163,0.293043914182761,2.1272795474588198,-0.8931612907844046,-1.3137258436158297,1.037751033100675,1.2331993736819824,1
2827,train,-0.7865554494165673,-0.143214957170478,-0.2929907209646522,1.17744482080175,1.8218723432440742,0.38537498351965377,-1.3369905645670328,-0.8846738048535568,-0.48330462009868713,1
2828,train,-0.1773120678845737,-0.8088879816061038,-0.8833213940794754,0.6377294513504926,-0.02048549852678704,1.429935635195774,-0.22079462154896767,0.704051712158806,-0.7474302412149918,1
2829,train,0.17575085370162846,0.04435998763783349,1.5318810986788909,-1.1391323119370445,-0.9176867489689885,0.24845092559015014,-0.5737327971075227,-0.21382686231116046,0.3716584562246417,1
2830,train,0.04216725545894821,-0.024496007340078323,0.07179374492574721,-0.27729605270262053,-0.02048549852678704,0.6957477832701042,-0.5802917095351716,-0.5441758074230776,1.8191692704900364,1
2831,test,-1.3580169671589413,-1.4933373218136543,2.0310545709059245,0.8272937042502785,-0.02048549852678704,0.8714793141367108,0.2079242805561187,1.1493942766666474,-1.1723816852582076,1
2832,train,1.0281207044413758,0.9635451285554735,0.8981984595332984,-0.7306203209956337,-2.105617286832987,1.1074299610611837,0.5200219420988568,-0.8344669808907604,0.6632654840981052,1
2833,train,0.7253081957192206,0.7196772504012372,0.24626194079594593,0.17884141541568346,0.7302542065441623,0.41672515502693763,-0.2751078399412069,2.361473607481884,1.2511235903950906,1
2834,train,1.4892778850431634,2.369058115853277,1.9430212731345955,0.5912241003884078,-2.4643365252979375,0.944393901113618,0.5253193145938454,-0.24065510366960885,-0.5386795189365344,1
2835,train,-0.04252755287696867,0.1985906302788657,-1.076850480378864,-0.15660374559800186,1.290205401517964,0.09466621331210888,0.07436478341064465,0.1340941330897797,-0.14734597834929822,1
2836,train,0.510118963838126,1.6126348706917113,-0.9582661546263325,0.7754499750201549,1.62891650867098,0.1927097173645378,-1.0036241498569465,0.6672146185465445,0.383766664596926,1
2837,validation,-0.2997957374184776,0.17445386295950147,-0.8767543383536542,1.0324256241553482,0.19643590948567902,-1.6874276715682606,0.5172388020318807,-0.11113572825229683,-0.0642640166029657,1
2838,train,-0.21967797624213264,0.6071627404671125,1.1771074511625248,1.0130821591199652,0.26853860017456255,1.2119541646471388,1.8510961147726364,-0.3546296311860211,0.48508691591839903,1
2839,train,0.10852106740100209,0.007998915569253634,0.9056856655410124,-0.3737675626814024,-0.02048549852678704,-1.3018898641907892,-0.03333971491875946,-0.9799107288287137,1.0136864951578306,1
2840,train,0.6172091573879374,0.4463807702443779,0.5847145656081938,0.25775190590772984,-0.02048549852678704,2.5883685871162263,-0.09824000868640853,0.20767287972924534,-1.0357186316167721,1
2841,test,0.35976511104912146,0.8817740814382774,-0.7968518057115406,0.5517244532893353,0.6279904090265125,-1.071289545920673,0.22355032941381667,-0.6479020421570654,-1.3187369983431247,1
2842,train,-0.6829181473818525,-0.4384868607706449,1.081989532053258,0.3284462404766698,-0.4146703429378715,0.8684375723685135,-0.8767672228020121,0.9614357792777177,-2.402870948489294,1
2843,train,0.5476069861757636,2.2327230449940783,-0.6888543593870512,0.6706540989163646,-0.02048549852678704,0.7752716411593307,-2.2144283605818216,0.7848699636885278,-1.2439652572907025,1
2844,train,-0.2895159903444286,-0.4392356669339957,-0.5674146045196905,-0.016069017727947717,0.6062052786527395,0.0821510733777905,0.7201908914749394,0.2088051162322232,-0.0014350812605278512,1
2845,train,-0.03567408905656294,0.35497406918622626,0.1913128960365928,-0.8079546753011994,-1.6160626875821604,0.4601875463767227,-2.5341833802993485,-0.5649350402813733,-0.9719917992130946,1
2846,train,0.09457486488567687,-0.5259459054337243,-0.0568497356748069,-0.7678440559876137,-0.02048549852678704,0.09342746709898019,-0.7298105579587318,0.8413825591470739,-0.00588760425639941,1
2847,validation,-0.03567408905656294,-0.06152237398453159,2.13938613755847,0.20318193255807632,-1.1943288241228116,1.1047457062952966,0.6351753065402206,0.3787303089975684,-1.0808697566970198,1
2848,test,-0.4468610104767571,-0.9154782747159705,-1.0924886476714544,0.3736261826670899,1.1660377774402328,-0.9274491733529288,1.794741463415076,0.03913889319249622,-1.3636724159582356,1
2849,train,-1.402955474949356,-1.8310243589037691,-0.7709170919593273,0.30588067158418025,2.0897513845048716,0.3314381056664258,-0.005764403505420472,0.3717745148717122,0.6476731793267718,1
2850,train,-0.03567408905656294,-0.14293175515380133,0.4531272491989075,-0.6107411863772593,-0.4090732253985001,0.9991921699826986,-0.09934720795096484,1.1532686922869575,-0.23230660626257751,1
2851,train,0.7352224299878111,-0.046243722337645635,0.637414236642387,-1.0496144646114627,-2.8038224503538056,1.2533247863346684,-0.5624509653982162,0.24542515666054576,-0.38077969540965134,1
2852,train,-0.03567408905656294,0.18882119046216567,-0.49036622628435655,0.004533548630665033,-0.639581631136727,0.01597611091345273,1.1304143849715227,0.7902736796987013,-0.5547503874824244,1
2853,train,-1.2335854623224662,-0.45936138640629437,-0.3185520237894436,1.193740084045628,3.1004983344342985,-0.46813109635398303,-0.9668753645054785,-0.14521695532520826,0.11887677722344542,1
2854,train,-0.12323341293475497,0.31263970432545385,-0.44004537671589516,-0.03057502349205606,-0.02048549852678704,2.144477622433219,-0.7614009202464224,-0.5032620541406425,0.6432430715648643,1
2855,train,0.26039451518981377,0.49326197924862075,-0.5843963311685771,-1.034796338693029,0.9001708180610533,-0.851474048703777,-2.487109873010297,-1.233377829416277,1.305365042320492,1
2856,train,0.2134811778137222,1.941891969432788,0.5595359722507933,0.6105415937292127,0.7494554718181691,-0.6348887551630146,1.096413270396525,2.240215596357814,-1.1411372007369425,1
2857,train,-0.03567408905656294,-1.280928129022848,0.9358692008821667,-0.8103030401120683,-2.2451621498669017,-1.4327243708963175,-0.10991424810267944,0.7233831171079695,0.18250639510652272,1
2858,train,-0.03567408905656294,0.9070824719829015,-0.38117242434439513,-0.6671653265051639,0.6831081648273962,-0.7526666951336128,-1.2220391337043701,-0.31421418042275945,-0.7215987869787645,1
2859,train,-1.0515512461933652,0.12229300781408875,-0.0902483988416215,1.7010945775003254,1.5579625390327487,0.11521552377303987,0.21168890490104172,0.06669195889802342,-0.27519051271506856,1
2860,train,0.19885080400166846,0.07504911229754682,-0.5273377595384316,-0.30818983263249006,1.4886034927576786,-0.8704136323389399,0.8212204480700712,0.6190777063168162,0.05034789941449011,1
2861,validation,1.5213002417813,3.6966111100407244,0.30541821182719553,0.3117563500316468,0.6410909616487322,0.5979772795556827,-0.6826956231257514,0.15731701001985265,0.8591375860676881,1
2862,train,-0.2601679010663601,-0.8573956698763943,-0.5278077921978835,-0.4399583858460932,-0.08644531692638047,-0.284255105525889,-1.0511971659572914,-0.8875306856827831,0.26673078443665194,1
2863,train,-1.0460757482751595,-0.431415106653308,0.6377669347021345,1.5508004246366232,1.2276494026375349,2.0787261273732476,-0.8256053165687932,0.8087195677608822,0.6109977108502733,1
2864,train,1.3056243952261413,2.047037793117596,-0.7323262982079347,-0.3884263312813405,0.581751359740546,1.6477946932595537,2.380585599315543,-0.29171559867051866,0.00768626809452202,1
2865,train,1.3934126782820608,2.146053101930957,-1.3526900524175611,-0.6760997931816809,0.5033965090517084,1.4150925073047649,-1.0064193618421848,-0.02123019140674881,1.0237441859573642,1
2866,train,-2.0466382840519897,-0.3331102393641542,-1.3474083765516398,2.2812615989642433,-0.02048549852678704,-1.4804530035484198,-1.3954453619768146,-0.11130539385490959,1.0462608223524552,1
2867,train,0.02800043782475503,0.3991966436360157,-0.5819046912116597,0.2253313524599042,-0.3658376026543407,-0.28704219915353796,1.4344544020691263,1.662283566026058,-0.08028940891145228,1
2868,train,4.396124212471038,-0.2793401135681902,-0.9490266655075288,-0.21248563033855697,-0.02048549852678704,-0.20619061709020065,0.2688292282708877,0.5279718095573278,-0.5647883663285346,0
2869,validation,0.059326501369297985,0.0747431115469993,-0.9846367149614916,-0.8315173942726671,0.47936505431324017,0.10610451186946426,1.4804522867564551,-0.8580782072091464,-2.25286706215907,0
2870,validation,-0.03567408905656294,-0.6232102629044923,0.47674003557529343,0.4437204473512299,0.6757632952389135,-1.132088688787212,0.056299169968073805,1.527771220203857,0.5624091868160059,0
2871,train,-0.07239717374707334,-0.9156211690521342,-0.36328328994158315,-0.3036697739615523,0.5359857742783882,-1.158876695046343,-0.5290638207542884,-1.1187883425943952,-0.5629575305803892,0
2872,train,-0.4948950674280469,-0.1711933892983851,-0.8002851430689183,-0.587323703035926,-0.02048549852678704,1.2317659435535555,1.4070119368237117,0.22236966768725155,1.5999924683039168,0
2873,train,-0.03567408905656294,1.0599080426614242,-0.7038901144511029,-0.04923604991546745,-0.9906547942288623,-0.2668803172619353,-0.7429150902431099,-1.041719268484594,0.6309116558502558,0
2874,train,0.8546625257594553,-0.6474190581635566,-1.045319445467781,-0.07525089399464262,-0.02048549852678704,0.30004230140167043,0.9988260307776857,2.2645870341868166,0.20822348292910609,0
2875,test,-0.5495033175333099,-0.5656768044466454,0.4297940142647316,-0.2170665745769627,-0.02048549852678704,0.21190014805381682,-1.74255376897077,0.29456529900083966,-0.967472897508808,0
2876,validation,2.6302503939668003,-1.5274245672624591,0.6666213808996203,0.11342685457537872,-0.02048549852678704,-0.629691847921378,0.9430445691508814,1.2152178997044776,-1.09786592211122,0
2877,train,1.8979112146822044,-2.5238260194022826,0.6940942598164185,0.9739567725884984,0.1709165562272499,0.7698082043007518,-1.7579146449583383,-0.08151142123636142,-0.40740875167430307,0
2878,train,-1.8837419913807842,0.8824415948988568,0.6087968997997201,-0.1301912094782784,-0.2166439359176685,0.22613802934673588,0.8838295156138986,-1.4405786481713625,0.13735638637628125,0
2879,train,-1.9447769627949318,0.14484366485820277,-0.9892691064457573,-0.10251332646708758,1.1265178160258882,-0.3122326891456805,2.618547554972792,0.6560413873526113,0.650584771034344,0
2880,train,-2.004321141054084,1.743186970223078,2.1411086425790145,0.4096274361510512,-1.8771308630215338,0.055679238875097736,1.4876548686038933,-0.29135586434686106,-1.027195610059745,0
2881,test,-1.180590314324384,-0.08928439129948709,1.135998818789398,0.6982835856273808,-0.18095134843697105,0.04292074683043388,-0.76106965530641,-0.6528074911372611,-0.16897588629821259,0
2882,train,0.33627530883590495,0.24545954040973472,-0.21280761142322774,-0.5635196262481237,-0.02048549852678704,1.1029729604368221,-0.08814030718286513,-0.7275125970155221,-0.5972334181464948,0
2883,train,0.42622692054802225,-0.6856110196545183,1.0474081811004077,0.694803724975882,-1.7565439328619192,0.11734051966357698,-1.5124754012556718,-0.9234871022470263,-0.09231548180009838,0
2884,train,0.8487439097057311,0.06970540965192301,0.808693190365391,0.21129519735510327,-0.8109166431312185,0.0151824282903107,0.13745208369816564,1.1096945162189071,-1.998450091522184,0
2885,validation,-0.39018202040431127,-0.24022991077447153,-0.19719559613203455,-0.33482809520223006,0.9656510376296614,-0.7402396851876868,0.1663164471477973,2.226363897390093,-0.010661694876482535,0
2886,train,-0.03567408905656294,0.2854795196449461,-1.4962625336730881,-0.47797380891849073,0.5411887876346886,2.114413989268593,2.097137781460531,-0.645467943473841,0.2018936952778643,0
2887,validation,-0.10196732895907379,0.9645741148842311,-0.9005727465197679,-0.655203163613388,-1.4354496965443304,-0.30540062822578423,1.0854222691255402,0.04194593578473702,0.30704430842787644,0
2888,train,1.0447574874058605,1.8656560681269616,-1.1630590005713086,-0.43437124779138064,-0.02048549852678704,-1.0384419152143645,0.32649635351122247,0.6064816214046693,0.21800046732788947,0
2889,train,0.9373999742021163,1.229286606637205,-0.9851127865503285,-1.0086205590806383,-0.02048549852678704,1.4780113104901285,0.7579454670827118,0.5154862893309182,0.9688218986336324,0
2890,validation,-2.096795321205803,0.42185248623533567,1.2527967299846787,-0.1424637329987708,-0.02048549852678704,-0.9065683228649003,0.07346064078642013,-0.4818527378136216,0.6075140210941835,0
2891,validation,-2.2616549479148857,-0.02136524070466592,2.6445220896934982,1.014650983056959,-0.2657305649874733,0.8040060107344905,-1.7137225775984095,1.2066119422991197,1.2981969487037912,0
2892,train,-2.23916407442429,-0.5604970939304326,0.6106118723698114,-0.38384989800802377,-0.02048549852678704,-0.7703485776567386,-0.5855142398080692,0.48747724070375453,-1.0048166964733203,0
2893,validation,-0.9690347805092413,1.1041854272411424,-0.6062093299345128,-0.5197309099284205,-1.0878303996906082,-0.5206850603287452,1.410942202816481,0.6885667231225873,1.3367106773592852,0
2894,train,1.5740868189445587,0.8591305469066045,0.45650674721317075,0.18331075439020117,-0.8844813631513421,0.9342490232810995,0.7993877475623022,-0.45270276036565316,0.8122569841933077,0
2895,test,4.2658492711698965,-1.3468055992130448,-0.3812138830855771,-0.2362131702546061,0.028602311408320532,0.28166359617090075,0.895950061129416,1.2526462299965746,-1.8411307674407698,0
2896,test,-0.03567408905656294,-0.36878191560088963,-0.10885800278661459,-0.3951105298150082,-0.30598043297639066,-0.3969701770848137,1.2787338886216413,0.00793725876612494,-0.24905343049130887,0
2897,train,0.4995937669047515,0.746830199188389,-0.918725808086124,-0.4506928528283545,-1.266658337066753,0.4018691941554082,-0.4769743225168444,0.04183578746330387,0.8334965750044279,0
2898,train,-0.03567408905656294,0.740792528092165,-1.6336889199272369,-1.3143808489012716,-0.02048549852678704,-1.3266691084300104,-0.35168536204153344,-1.6163138626003801,0.3785185497698922,0
2899,train,-3.8481672375803275,0.9626098318751127,-1.0103339631235122,-0.54973757118991,-0.386895682499855,0.8305472976432856,-0.6823998366540839,-0.3153680868816832,1.2500816573293334,0
2900,train,-0.07764448521167103,-0.4239416240730363,1.1635393255207578,0.19668545372436874,1.1844185033545866,-1.2596494629678703,0.026709625646501808,0.24939184989141105,0.38928394253547566,0
2901,train,2.5651561890587606,-0.9187970244054807,-1.0160306709556872,0.37685383924807264,-0.02048549852678704,1.9921738893520364,0.46579462828462287,0.026917555800952335,0.4784448929709423,0
2902,train,-0.3377355289976978,1.477882578715945,0.23725553659654658,-0.19698304023529123,-1.6500780783424815,-1.196514695461265,-1.533710666933997,-1.186905326209155,0.3140508343578405,0
2903,train,1.3073463819910751,0.7897391080794457,-0.5997436021173158,-0.6062353266543058,-0.02048549852678704,-0.20706378112083693,0.542404352364582,0.07270310036456241,-0.5664475284173247,0
2904,test,-0.03567408905656294,-1.077032334067672,-1.1645263261122996,-0.2346551040970625,-0.02048549852678704,-0.42097805960727175,-0.9007882384189474,0.8099813848207487,0.5159376575267665,0
2905,train,-1.8761882475188192,-0.13960149729845134,0.999072778093561,0.20486542161386814,-0.179029646690182,1.4262991404902776,-0.9413388581360755,0.40869272030656045,-0.3354635973275859,0
2906,train,0.2272154224435699,1.4276656351340204,-2.446236161399119,-1.5566690798237222,0.062487952533861954,-0.824455019214837,1.8837632793203587,1.3267332712648061,-0.6394404405426006,0
2907,test,-2.6023533413477553,-0.17665346999499337,0.7905052757770669,0.5186674693350738,-0.02048549852678704,-0.0465998944226772,-0.27267625089888564,-0.5083763272476919,0.39616568534257934,0
2908,train,-0.03567408905656294,1.318965961117956,-1.0807664768341783,-0.429511484165375,-2.05142158361481,0.6653904829006474,0.12405807317715768,0.8038250342430836,0.986301667381808,0
2909,validation,0.5751164917678675,1.0582864516841952,-0.49731319053425577,-0.5017461394779513,-0.02048549852678704,-0.48053423735054723,-0.11754036277021108,1.8654388966651345,-0.7126350680347733,0
2910,train,0.6067734071860368,-0.9502937709970238,-0.5271736920929897,-0.05912702561698381,1.3578333212289047,-0.7905384648291128,1.3446666985143065,0.62836697458343,-0.8500291429534901,0
2911,validation,1.6476211449141411,-0.04940816453264537,-0.2126150895349744,0.23090364358269722,-0.9101730348656124,-0.5610506348301789,0.029195079429027444,0.7724877214556448,0.4759240237653703,0
2912,validation,-1.3108128662918745,-2.379096208938299,1.3746219281129435,0.2960076624833952,2.0226932570182554,-1.2669192244134397,0.8260201705721993,0.4504199226944894,0.1582360099362466,0
2913,test,-2.151787884119895,0.9495893673885399,0.27155645064034584,-0.05994732779570229,-0.02048549852678704,-1.6713382384293995,1.569533223244713,-0.27452000191840026,0.782748913692729,0
2914,validation,-0.03567408905656294,-0.09988583319695324,-0.9061624300917221,0.030288318126756305,0.6902300128993802,0.6448170384989205,-1.2261281212539792,0.026917555800952335,-0.3805860106017871,0
2915,test,-0.8403323198551106,1.0179686760552822,0.6397368730745675,-0.3253203266080591,-1.5595530815495966,2.075678362288128,0.19720869401232324,0.0967733325235147,-0.41821157093698597,0
2916,train,-0.8123562522904458,-0.38817058838582424,1.4915984031433345,0.18958341957262398,0.2737700723846575,-1.8050135186320166,0.1422074833539212,-0.22280681119052093,0.5113904340356227,0
2917,train,-0.7629231187501836,0.8063456335025967,0.29833540353383153,-0.5456757287513316,-0.7655174582028923,-1.768622497652455,0.2828681105086644,-1.6461123721322652,-0.3107997301097061,0
2918,train,-0.6653757664712429,0.45153406561242176,2.0049265749931564,0.7600152493959539,0.41067124164093466,-0.47331461474934666,-0.41819763012935474,1.2193450725400774,-0.0586891002220821,0
2919,train,-0.126053242556074,0.3958146986390162,-0.7275110737547249,-0.13219569482218851,-1.1056339268836115,-0.3843295754153698,0.4306804100349711,0.03041184538641321,-0.36112853510900983,0
2920,train,0.6860763004825009,0.13031103963927068,0.5301785888541926,-0.2314108821806085,-0.02048549852678704,0.05171958526693073,-0.14234174866746258,-2.1198694803729063,0.5104373524560591,0
2921,train,0.35940126079194373,-0.18568075723770094,-1.4427351406409885,-1.1668902639554979,-0.11649009479184043,1.8420113437542758,0.9010905721097097,-0.04969834663844284,3.22742267901967,0
2922,test,1.22743728696354,-0.4951856906502224,0.48348733274306815,1.0666026122043697,-0.18122070930490775,-0.6080599032474825,1.0263040356770436,-1.118002907138449,0.9722761310715875,0
2923,train,-0.3757998619188715,-1.0213348862426255,-1.5448502537570377,-0.2838332429962535,1.8952687817199703,2.132741076633036,1.111189867375761,-0.703132625936334,0.8036458541046725,0
2924,train,0.5105407153007324,0.19761638972012166,-1.2109834957476946,-0.529968065439867,1.6770556443763007,-1.1063399296319139,0.6157284435447137,-1.1524998799907225,0.36267243074055927,0
2925,validation,3.049425260760875,-0.66745890618481,-0.2794047664821731,-0.3747529319139858,-0.03778924233072396,-0.7602296899375736,0.9990361849472547,-1.7545765525497867,1.4531390201536782,0
2926,train,-0.2050712171514867,-0.016513633972832082,0.40431324453537215,0.06434279982829927,-0.5875753702762335,0.08751983680833272,-0.6563559793154362,0.6483457956080757,1.915222032621431,0
2927,train,0.820164787133238,0.45148058865217017,-1.2041812541104517,-0.4433575301294545,0.742043814685126,1.196712806396437,0.2553387403007349,-0.1975642226274076,-0.4991468530023992,0
2928,test,-4.158757103589061,0.7503364691535559,1.0619616276112365,0.323053515048296,-0.003973843467303773,0.13704477244114333,2.1054027257671395,0.026917555800952335,-1.8373950038073872,0
2929,train,0.3028923312989907,0.8771215797668885,-1.5574923745649412,-0.4932262161626704,-0.6753258746089196,-0.5996742024794941,0.8253969524381634,-0.1173467112769477,-0.41745214986900947,0
2930,train,1.8249734800704185,-2.376945659139497,1.931078822503153,1.3941265459370185,1.2744581480308828,1.0394833509121741,0.21531189070777146,-0.4388161279890999,-1.2100716345645834,0
2931,train,2.1156859821468057,0.45497932237770927,-0.9314841173946196,-0.3567732718137456,-1.0098727289270237,0.49766264361565754,0.9630040756697616,0.4184631618521509,-0.7256147084285295,0
2932,train,-2.8314442341558297,1.9533742840401789,1.9824815862194018,0.357051555479882,-0.8354063944398509,-0.3050475795218655,-0.9039325754199246,0.19778831126997032,-0.37374640009707644,0
2933,train,-0.03567408905656294,0.12076811607749581,0.8762974546959897,0.5415716596787232,0.37674744483512523,0.5941712704460477,1.7395432565497129,0.026917555800952335,-1.20575544053831,0
2934,train,-0.29022402417893317,0.27036661929849526,-0.3380631650025406,-0.22608502495599825,0.8121987092502289,1.5764569569153293,-1.9141816036062602,0.05179698153067878,-0.13035207248888983,0
2935,train,-0.05368428736112236,0.7110426904275716,0.5443932509712622,0.15821517147484682,-0.006558573619560139,-0.596475653570813,-0.29957786300149064,2.081690681981139,-0.4872003747182842,0
2936,train,-0.03567408905656294,-0.5712996666933023,1.5057490202859676,0.4130509440073216,0.6387732141566161,-0.5712543296684047,1.0057223511792732,0.3164703214321802,-0.2675525342098226,0
2937,train,-0.5829412265641045,-0.41105556147854094,1.953224347073951,0.7166723254627722,-0.02048549852678704,1.2773455129303124,0.48456411471502403,-1.2341281755644276,0.8039646289357426,0
2938,train,-0.4706623444181781,0.6115467233768289,-0.28347376773806976,-0.7418693850432482,-1.3900440360802286,-0.8605342290876998,0.21987425898324253,-1.554607220661836,0.5762890925186652,0
2939,test,-0.6781322822519027,-1.05559532115924,0.19948757599625005,0.37476658704070775,1.071361596970519,-0.4932913317194606,-0.18365666214932952,0.5797800390818791,0.2585901440859923,0
2940,validation,-2.125974531797833,-0.7260945098067723,0.2519864873414191,0.5660771728459735,1.5702694622932247,0.20707044745379055,1.738082744115312,-0.39817058239648195,0.15613965296068227,0
2941,train,-1.9123550334784445,1.002841711534918,0.4876063173502291,-0.356320706125915,-1.4259832568910829,0.9958553029405237,0.5718618367531503,0.03401506145102197,-0.30435133442629864,0
2942,train,0.14829514332450178,0.850360601253581,0.19926513033653143,0.2847128189938069,-1.474517982472799,0.7313719560149109,-1.755741965522524,0.17888702459039854,-0.6907348576068121,0
2943,train,2.593494658107981,-0.5819063340029541,0.4425227059593203,0.35062194921136863,-0.5883238713600262,-0.5520953996817907,0.9814706689214189,-1.4767867895955635,-0.4295227565552487,0
2944,train,-0.19470315758242365,0.04275333735527021,1.601284841047985,-0.028209730100874904,-0.02048549852678704,0.5238186292817074,-1.0325971483338205,-0.4844053254128333,-0.5105288430878057,0
2945,train,3.004173848720826,-0.022430844760575375,-0.8713782218722264,0.08606626375182891,-0.6002490208681484,-0.8685689443874001,1.547319100903897,1.0287150936788845,-1.072372971283254,0
2946,train,-0.8686131041978186,-0.03698752219935179,2.4237815158823426,0.1693042514041203,-1.4253765942073318,-1.2591692726063854,0.23956762651141855,-0.9393649110426535,1.0846382974846869,0
2947,validation,-0.03567408905656294,-0.4045564665653906,-0.15400264310166417,0.14711889892389024,-0.019307708966299023,-0.8827869919958647,1.809593129003111,0.05719143486096475,1.1710436025079953,0
2948,train,-0.9563756163937535,-0.4467226467079727,-0.44446957878421856,0.2750832350273354,-0.02048549852678704,1.4654823133525843,0.2922900285628834,0.9783701578102224,-0.8680057309317578,0
2949,train,0.47604054480618496,0.002898340166264616,0.33859257873135473,-0.34180660056261475,-0.07650277160648511,-0.6807037934630812,-0.6723538346896333,-3.2811213496486804,1.3743469779278148,0
2950,train,-0.5226016176705353,-0.29701383672134957,1.2334430960230967,0.6555154707975634,-0.5386448433608463,0.43566487547163146,-0.006275517388872114,-0.37062595424706024,1.1916336758222636,0
2951,train,1.0357166873780548,0.622812298306932,0.1316349120395362,0.19493552450804766,-0.02048549852678704,-2.0126309560370172,0.7431027713031776,-1.243122831546427,-0.39070888447714064,0
2952,validation,-0.03567408905656294,-1.0341358037336936,0.5083954228091471,0.8888476659013084,0.9897333327387056,-0.3006562511699855,-0.5738258818153208,0.026917555800952335,1.5534007044106828,0
2953,validation,-0.018062382197401663,-0.5837467915994388,-0.9884928707026683,0.1341219449401667,0.9201408705862733,-0.4221767267903815,0.6401196412005503,-0.7779521103213216,0.6592474335271951,0
2954,train,-1.52092465393663,-0.3078612468920058,1.2512554042270103,0.24870928136647308,-1.1002539292804252,-0.4349949676245853,-1.1114867211758637,1.2066661647191572,-0.10930405910326278,0
2955,test,-0.03567408905656294,0.18060588630175206,1.114456619229153,-0.39409161744478455,-0.02048549852678704,-0.5795178545950502,-0.24580848666846922,0.0596766468572515,1.028446400516598,0
2956,validation,-1.7178077028580752,-0.9484893304351475,0.12801418349380514,0.5552364651591355,0.5209807852585836,-1.2844122654129932,-0.2140833936964708,0.8364759783150536,0.19534084734071447,0
2957,train,1.3934529967799107,0.39908240785078947,-1.1575608546949043,-0.3130306128214344,-0.20398677899321493,1.0065743149117317,-0.914684588808816,0.08940958313032794,-1.1466927146222514,0
2958,validation,-0.03567408905656294,-0.3554930947848119,-0.6492118188196244,-0.4066439547589929,0.5971558931624116,-0.5113111917127551,-0.932554071820621,-1.7792722082568408,-1.4449502844852535,0
2959,train,-1.94067762321722,-0.05352103283076467,0.04226953297501868,0.012286592304331498,1.2089961549809118,-0.8895895698455505,0.1821080734084643,-0.25989945552470606,-0.5820756510164471,0
2960,test,-1.03011511593529,-0.2143231998079301,0.492097347126187,1.081430643554154,0.7698418535099376,0.07466071827225108,0.5821801268607912,1.4328711051661391,-0.0505822201881473,0
2961,test,-0.03567408905656294,-1.2689268467045733,0.12488091810197194,0.7593414339548143,2.080624979134826,-0.03961332131136807,0.6208181735388856,1.1898363405237264,1.0931267364878143,0
2962,train,0.9824552600101406,0.6335895500401956,-2.0943098666180995,-0.8891474511961802,0.10458970566819785,2.3124198755314302,0.2027743439346271,1.0439335715355529,-1.6897917495212373,0
2963,train,-1.7110418550597544,-0.05373859079840565,2.5546311462238522,0.581541965547838,-0.02048549852678704,0.4040858055960846,1.125280004788035,0.8169370731127553,0.656412901938803,0
2964,test,1.2388439497028392,-0.07677545635642202,-0.966828994568425,-0.9534047962181122,-0.28555475867822583,-1.3637128969831658,0.8768580868328737,-0.2971372931266254,0.5042205795781898,0
2965,validation,1.6175105859404266,0.8021475802591974,-0.838142659876627,-0.19076627052097234,-1.1005726640490034,0.06349104091539075,-1.589226208614534,0.1133980494515289,-0.8285963468662945,0
2966,train,-0.7106349152838831,-1.7453952321348236,-0.15267991953131818,-0.17826522487361907,0.6527914172055405,0.7429774567720769,0.49508874407026826,-0.8136159108681681,2.2898827452106705,0
2967,train,-0.03567408905656294,-0.7831907713587364,-0.15957593984638785,-0.12509302327855273,0.916323130316538,-0.9086535774354317,0.6544538387808988,-0.18121965867199769,0.010319478171459508,0
2968,validation,-1.6479727394842183,-0.7897743861647061,2.2350930673897706,1.0147651590724975,0.7852169971167566,-0.6143447802737967,0.614951123366401,-0.34847218551319703,-0.29228324176538745,0
2969,train,-0.9243734335420476,-0.15229064613438661,1.603048968700747,0.6040982583010678,1.234472695006622,-1.4790974786915754,-0.5186131158371817,-0.375494886113098,-0.07490108794045851,0
2970,train,2.6204725948642698,-1.051103566038667,-0.3377674919178992,-0.007370080127654317,-0.02048549852678704,2.0426782813935183,0.21821827998180168,-0.3439203286909859,-0.0970240734927562,0
2971,train,-1.908023410307258,-0.2432745148068399,0.05873862781481981,-0.08686310257006515,-0.23786821568903824,-1.4950591687039416,0.615197566713473,1.044254916056282,0.5118899245774692,0
2972,train,0.5884993130421656,0.02676024467514469,0.2034772926877236,0.0008527718371384051,-0.02048549852678704,-0.4095127085057905,0.18746043645863994,0.8147794891259148,-0.10196552454359314,0
2973,train,-0.17594701430452667,-0.6092836567792729,-1.0215255037292947,-0.812886391935677,1.6470627367058108,0.23781978970856474,0.4764560869901468,2.415387981306366,-1.4915130526896219,0
2974,train,0.13703971869445508,-0.8450209253571134,-0.5051485147577958,1.4377752509970663,1.655130402961266,-0.6754618882108971,0.3048805222922792,0.9302308310477657,-0.35342214723806364,0
2975,train,-0.7483114775408952,-0.4886701349224975,1.3009062046473137,0.6164741240441488,0.8481317154141529,-0.431660677778172,1.8991651380325656,-1.0124466530535046,-0.6165978542421178,0
2976,train,-1.167660939817862,1.6531161205059537,-0.664746953281574,-0.42417481121659745,-1.556287335392495,-1.148383198180669,0.4345487592629879,-1.3991026775970752,-0.29792339748715446,0
2977,train,-2.088392780407392,1.8049948802087614,0.7736904277601245,0.15171886585222963,-1.184487127445963,0.17737712810940548,-1.5168524031765065,0.33110644124511196,0.5706702727646481,0
2978,train,-0.03567408905656294,1.7592938236509588,-1.3492824613174557,-1.9243287734005272,-0.02048549852678704,-0.7787963320234843,-0.90165801921197,-0.42867352266304715,-1.02340984596637,0
2979,train,0.4322609182694279,-0.021878189231072473,-0.8962877539517862,-0.10064863929580851,0.3249059119381547,-0.05903941319681181,0.7871073577342419,1.4716098936284945,-1.3887802260342301,0
2980,test,-0.7491352089408706,0.7611632994750471,-0.3841818336390909,-0.27584008015246714,-0.4680496206015672,0.19165974488647428,1.4906172702325784,-0.7893576968795832,-0.15534262489423803,0
2981,validation,0.441520606871286,-0.911292167898789,-0.38339423819864193,0.04720394561384126,-0.02048549852678704,0.3129604698894168,-0.35259186031123785,0.7043764363916207,-0.1481675812634692,0
2982,train,1.200818390512093,-0.18451462912331987,-1.1505717215093378,-0.2702170911404059,1.2843954618428681,-0.511859028841035,0.6287342559278218,1.240613234396499,0.2206975369729089,0
2983,train,0.3252588091418723,-0.8135775116822013,0.1638500099203981,0.30295565465409907,-0.1406030676829699,-0.3747558675150333,0.574038232908047,0.03988268081066829,0.07837167069172157,0
2984,train,1.1400076200652152,-0.6740228789575253,0.42684480874834024,0.6063416615525711,-0.02048549852678704,-0.6911778683054131,0.20795930013248703,-1.1997811895561528,0.6055053660072698,0
2985,train,-0.03567408905656294,-0.25363667879756846,0.7941026361927316,0.5877131913374212,1.3233086974108987,-0.07097848393871267,-1.1283369439222142,-0.18264823185422438,-0.949451811537987,0
2986,train,-2.2134398474893984,0.6743220670940036,0.19583371869881444,-0.3873495371230269,0.5130818893706661,-0.08393696686747404,1.5325850187366463,-0.4571614016485842,1.0201849629113109,0
2987,test,-2.283420332175655,1.0290866522458753,-0.56012884449471,-0.06225503535299435,-0.28291543959460563,0.3563459989330916,-1.1997847359444156,-1.2054886113234173,1.2431631235645968,0
2988,train,-0.8731523423406883,0.1584814420712779,-0.7382483459699802,-0.14731802676807576,-0.13428802797874753,-1.8106759455698347,1.6974566947943626,-0.679357627756644,0.5812115464381336,0
2989,train,-2.318615839319841,-0.282714056482365,0.14670983250841296,0.029941376935702268,-0.02048549852678704,-0.9546248485224555,-1.2616058431346346,0.08483985559724057,0.6511989067576478,0
2990,train,-1.3211170491492585,-0.5007435401879661,1.2435453735615594,0.5556480894773551,-0.14788596655884895,-0.47761970995849584,-0.09812668378316611,0.026917555800952335,-1.118521583865514,0
2991,train,-0.31033350150120537,0.0657194744309281,-0.6718408606400273,0.2621944314316133,0.22500640448273643,0.12232678583050158,0.2269399013463277,-1.7282918656027826,0.631184666724849,0
2992,validation,-0.03567408905656294,-0.019547836216955917,-0.3667387594174727,0.09242916942011593,-0.3297776122774029,1.5392348550099046,0.42855995893057214,0.9482822193173966,1.0127826698049227,0
2993,train,-2.7110073542263007,0.054162505386333985,2.6557675003719643,0.45144595295376494,-0.2520589047119066,-0.009575606774035145,0.38736265946228815,-0.7315336742690084,0.3544861095522662,0
2994,validation,-1.7609246132768628,-0.08534943219631305,0.6776453599941464,-0.11884384751378788,-0.09314681814358888,1.578107109108759,2.555868445216948,0.9600056959034979,1.2721989422077185,0
2995,train,-1.021193286146823,0.2156070609389756,0.9316314100703837,0.07242409907934451,-0.636081669958535,-0.7572043616155535,-0.024752197086173197,-0.014967755386740243,-0.1510599290406446,0
2996,test,-0.03567408905656294,0.2557386341381206,-0.6578308870442918,0.024248659867701347,1.7478765002867396,0.3858361561237982,1.6440444985609073,0.24984272490391427,1.1346387012120924,0
2997,validation,2.2107331184780215,-0.9274448455864941,-0.6816896647590845,-0.43659482834201435,0.7506357631653803,-0.6395731529483516,-0.12836819123218388,-0.8910369268883871,-1.6590800197029851,0
2998,validation,1.3934310684352829,0.10147310229338023,0.7351461164653883,0.24949674633620428,-0.02048549852678704,0.3189744073483184,-0.42934539807735955,-0.12287879677523161,-1.208618728689048,0
2999,test,-1.6783652011520693,0.07960803465182203,0.6100749949307426,0.07570089901121176,1.0225281344368131,-1.4261752296216925,-0.06826696222149653,0.026917555800952335,0.4491655310013733,0
3000,train,-0.10405498103184656,0.33306475563515237,0.2896660605960601,0.07782954243857307,-0.5493174819968055,0.6047880561170879,0.682573732599177,0.5655748328767475,1.1855233308691089,0
3001,train,-1.0089153282849617,2.079503597762309,0.9157304252931315,-0.051440759803167604,-0.02048549852678704,1.2597702839130827,0.5403441507174213,-2.2983376575020675,0.12299805372546813,0
3002,validation,0.29713163690753874,0.9758565919540434,0.039430541903369,0.23471283459262066,-0.02048549852678704,1.4439318134878307,0.6720319743360885,1.5734064813351962,0.32851542869568,0
3003,train,-1.022319719114804,-0.7474882483339355,0.19330809639105206,0.569619398212884,0.8420084592198782,0.29687775397528116,0.6755229308026134,1.833283351335707,0.09878427248761185,0
3004,train,0.6186329985935036,-0.09538275073125518,-0.8199055620439666,0.07589789173512447,-0.03717778478460316,0.5005172952687837,-1.0361387848302321,0.06742230941974806,0.11770184633558729,0
3005,validation,0.7667838564484647,0.4137646943912845,0.0916048283573195,0.293398507191806,-0.02048549852678704,-0.8181368629619544,0.11816650287672746,0.2693753478849657,-0.32505710277695493,0
3006,train,1.9184305203679648,0.30724465166154735,-0.9826283077211325,-0.7590477257787697,-0.02048549852678704,-0.01798085158467722,0.01772546606364746,0.5888228019351394,0.3274714432338649,0
3007,train,-0.03567408905656294,-0.16741934224295232,-0.8819922298190822,-0.03747108909626052,0.7506020563264848,-0.34701573347545717,-1.0458668878483062,-1.9350776356876924,-0.30501209086954356,0
3008,validation,1.5807088617630842,-1.453096269333513,0.610686120699306,0.4798943468088544,-0.02048549852678704,-0.35974044096104946,0.9486131315075964,-0.5167997979450167,0.08039590224990599,0
3009,train,1.7046306484955542,-0.027100941206955116,-1.1907717362940247,-0.5169004469388042,0.8954359134417249,-1.2842694744705958,-0.3657955346775031,-1.8229008253837178,0.8900804144033888,0
3010,train,-1.6685943810759227,0.37349144356485436,0.8527750030094318,-0.6053069420012869,-0.818113643668023,0.34783083814061894,-1.054465116219625,2.85167443141881,0.9986999157615923,0
3011,validation,-0.1245700629462985,-1.2947771569318458,-0.08092881139388124,0.5181445375763515,1.1583059520230556,0.274349890517928,0.11606073937485772,0.3297908409439966,-0.45314392217775756,0
3012,validation,0.4843818913008732,-1.858184310662677,0.5315242617219607,0.28550602609810377,2.5451073391775934,0.5351554767929039,0.08597024715675444,-0.9269180087639973,-0.4368348030576239,0
3013,train,-0.03567408905656294,0.5734326710959385,-0.21674944803171964,-0.12116141190363548,-0.9539229958502423,-0.6965055531335953,-1.0700089897614466,1.2135864709175093,0.7949681675611724,0
3014,validation,-4.822944454240673,0.5554800733642302,3.146049692746595,0.49872922482988524,-0.02048549852678704,1.9160134259963169,-2.007378756152518,0.7348441713767698,1.2250148350731942,0
3015,train,0.8947109466586368,-0.5937713479916016,-0.43375501458236154,0.18307692253343844,-0.02048549852678704,0.8673440562514941,-1.1969848187867782,-0.6591987142771556,-1.7173634655412289,0
3016,train,-0.5643496701195164,-1.3203249265202175,0.28473714356614466,0.6944054335501949,0.920580281550191,-1.638647697110266,-0.5385167996767578,1.5940566641358966,-1.054177310166064,0
3017,test,3.0042803552945703,-0.32474438203763345,-1.0881757742792835,0.6043012997057925,-0.23104330306290868,-2.063998809725091,-1.4041638130096383,0.12398873374850906,1.3226515827750673,0
3018,validation,-0.03567408905656294,0.12246235101075872,2.135945960026647,-0.2100395433196161,-1.920857992112847,-1.7849535918865567,0.19927883220041606,-0.4586970381272229,0.04805647657950744,0
3019,train,1.5408605137758562,0.15052416600631205,-0.9178778916397549,0.14744909533776734,-0.32344393687098494,1.04089407533352,-0.5596088577122573,-1.4126179447000533,-0.4548667111018673,0
3020,train,3.088892788516129,0.21480844939531432,-0.7639294212736213,0.4481839476166528,-0.02048549852678704,0.23481365416148411,2.254215333320271,-0.27349808231053074,-0.6378351177256206,0
3021,validation,2.215088681799803,-1.0250130768658399,0.0006744344517895739,0.49996406102391844,0.6139700694352502,1.6418691680357351,-0.04515800970430054,-0.628944150845244,1.396711428835472,0
3022,train,-0.03567408905656294,-0.020522882807021615,0.011961778472559581,-0.2285470841558851,0.7106833359228171,-0.32368814805530083,-0.013653701899327587,0.7280527670044518,-0.020330101769383827,0
3023,train,-1.2228106591590637,1.480341777216103,0.6736994818782582,0.023660054937127015,-2.6082991976630323,0.44470704013559004,-0.2483383428386424,-0.6638438100868647,-0.843756882493207,0
3024,test,0.3631741594912441,-0.5248456971965892,0.966713671208924,-0.09001536372791918,-0.1208363574166718,-0.894415687514884,-0.26406901294842855,0.006726300257599709,-0.3485176879088368,0
3025,validation,0.04428108279534175,0.1796303738684875,0.15296713076377674,-0.6413031972860848,-0.8738349177555149,-1.5530893926576563,1.0275083946101482,-1.509855308407908,-0.23507195228314684,0
3026,train,1.067044538059878,-1.2925442662830764,-0.6729872272135745,-0.3651822253878444,2.3450820018198053,0.2076781689486236,0.1201659778189955,-1.0521455528882664,-0.9008202255490317,0
3027,train,-1.2214343503586307,-0.673724475741763,0.7833348142333082,0.9406360473343651,-0.46152834414533234,0.6493733813306324,-0.1577461251669815,-0.8645158926763548,-0.5607839037704087,0
3028,train,-1.1672552855262455,-0.7933490400724538,0.6129151298252404,0.6036195614149196,1.1598044591073522,-0.3224347089915393,-0.055664448581596145,0.9900706361305086,-0.7843583270381438,0
3029,train,1.1323222271610291,0.061014611371156,0.9712676192084534,0.14168958421031866,-0.02048549852678704,-1.1629352003195772,-0.1217165918031168,1.8131603979167625,1.015130200416767,0
3030,train,0.6510687858830702,0.1200218628574592,-1.0032891627545388,-0.24968178177591793,0.6329299136636202,-0.4187597509888984,-0.9678113909442321,-1.425369226396769,-1.2187354504912313,0
3031,train,0.9983082345194503,0.3003825576307936,-1.2930641595925796,-0.38323283474451825,-0.21137665053452287,-0.9881019115334193,-0.0815198909932426,-1.5099967296812054,1.193083961536101,0
3032,test,0.4460984029264803,0.3384395042781025,0.9785663106913445,0.446658486266166,-1.2195567727789212,-1.9017330798764738,1.4835817954280306,-0.8768587602811485,-0.4156929331526734,0
3033,train,0.013964651734301456,0.15034890782693344,-0.4234304621040086,0.8579765504557014,0.7636255176678286,-0.9769031405821307,-1.7381214540466534,-1.060541992226261,1.0130208781803696,0
3034,train,-0.06527445812202957,-1.609360961132048,1.313762575425056,-0.20258536167512078,-0.02048549852678704,-0.23401689306615336,1.10635734939371,-0.7608420038712198,-2.648524007651941,0
3035,train,0.5349148086988113,-0.3878516329037171,-0.3648526035078668,0.19560714241136035,-0.02048549852678704,-0.7816147279183518,1.0146994560628084,-4.143328898516462,0.3180419608172148,0
3036,train,1.2088624342953957,-0.06634895083875701,-0.18014952973247458,-0.35977505178689567,-0.04044045519952085,0.594542562885816,1.109183365267692,-0.8370622987481936,0.7729649677711149,0
3037,train,0.21340856693664678,-0.36410724347099555,-0.22959102878168938,0.8255006685257164,1.4655844872139367,0.005190201546574608,-0.34278923017689594,-0.23951896272144793,-0.03033812714180157,0
3038,train,-1.2998017423067798,0.26962626267262024,-1.0178109987820014,0.0015634937017673528,0.8749897250416744,0.9022067409836249,1.9257365345281452,0.6974896516391288,-0.6724117663512841,0
3039,train,-0.03567408905656294,-0.38319088396887185,1.1966513227810605,0.8000993456055534,-0.02048549852678704,0.3068553840048116,-0.6412337112474054,0.8758474808201359,1.3639540381424313,0
3040,train,-1.0982223314944377,-0.15042861264242507,1.664111262877062,0.16982157062506364,-0.2939121598473859,-0.5438194127626328,0.4948225806053254,-0.8461894587095176,-0.16220043970442583,0
3041,train,-0.25344575337003095,1.0875307575364517,0.24150086639593749,-0.29782441493164746,-0.02048549852678704,0.4377488272703216,-0.1077034319902638,0.7651371119368978,-0.712540747328678,0
3042,validation,-1.4644157360175174,-1.0584754365714215,0.6779523438364635,0.4116019204618138,-0.4362922612496268,0.8049625102573394,-0.000670225318356529,0.6986713455039828,-3.223556793278755,0
3043,train,-0.5604405132658484,-0.26539505453577483,1.3651730124285106,0.6506080130616665,0.21078438133637267,1.1623578489496091,0.06227698136729117,-1.2083626201253688,0.5454175392306377,0
3044,train,0.4149372128380247,0.8480692135711526,0.004754562087947689,-0.034672920629085516,-1.6079149668977792,-0.28557150285683963,-0.4328786399098806,-0.18774727249180204,-1.560290033852654,0
3045,validation,-0.9948575021963495,-0.06920661689946629,-0.6481696823917784,-0.11782252264952797,0.07759824727668124,-0.2407674882240954,0.6426904703056681,0.66629263714546,0.02825300163753631,0
3046,train,-0.6189955236355925,-0.11319443089563279,0.13565080463318294,0.6238233266835573,0.17660274121862513,-1.6131329808546067,-0.2413084236862902,0.7736500572321108,-0.4444491144312485,0
3047,train,-1.3920447519962442,-0.07101692034316788,-0.28200206949321605,0.06085781511922018,0.14855778620522414,1.0823175018024982,-1.0815364173973085,-0.3161033165339811,-1.0791470240379728,0
3048,train,0.4580899048088221,0.7004453001400229,-0.6073413253129326,-0.09130863187332608,-0.02048549852678704,-0.8041498903490664,-0.3699470263735947,1.0129342394627225,-0.12854501128748644,0
3049,train,1.855840406602087,-1.765382651343021,-0.5684909839306517,0.4329606909267054,0.7471167873096171,0.12553899227444545,-1.0134769215879234,-2.0013399470019646,2.004235486750988,0
3050,train,0.9500827496349413,0.12394791270947572,-0.7867409238937431,0.1759628458494787,-0.02048549852678704,0.703761644360199,0.777795344308401,-0.8227969377238435,0.320203550739906,0
3051,train,1.2110219027350706,-0.4614294574410254,-0.49500489456763425,0.021566611990932932,0.6222705309272337,1.2459813930134485,0.3568602321539795,-0.34924225288024807,2.2861684799464697,0
3052,train,-0.6320301758462257,-0.9325587005853769,0.9640121653673526,1.1830731531890328,-0.02048549852678704,-0.9412365704403853,0.9608647610458487,0.5842252103141107,-0.3642994870195699,0
3053,train,0.1383436031609036,0.7040895485697136,-0.4243943849498196,-0.6769692580261901,-1.5514052702406689,-0.264114928281517,0.5729517969757887,-0.788367449477022,-0.5966623993641907,0
3054,train,1.3492450659438544,-0.9821500627240398,-0.17686191654407837,0.3059764230488027,-0.8034005920130214,-0.23531743281668024,-1.2498484922628557,1.179106497389629,0.4202486861133282,0
3055,train,1.5185146741346915,0.2028951869233586,0.14486688009663182,-0.41123244427187716,-0.9956557011155094,-0.677262723161388,0.6543309230353469,0.8267716632794709,-1.1226443002416562,0
3056,train,1.8217597967100443,-0.4281645141142959,-0.2127171071517037,-0.23541318050307775,-0.02048549852678704,-1.0402050240122662,1.71301942573714,1.2411781957636052,1.804168908710794,0
3057,train,0.6136336267257676,0.10460985746569039,-0.48157670569267685,-0.20271976475842785,-1.0230336759439795,-0.6213060078788221,-1.2159553243771353,0.04900634635375895,0.9994581181794471,0
3058,train,0.697335923693731,0.1774130767078128,0.5594855848626025,0.8087586066510334,-0.2710701275657371,-0.7338252125598752,0.9401649516347621,0.026917555800952335,1.0006172360270182,0
3059,validation,0.7890689565697934,0.5458826676016186,0.8702902689556825,0.7589138137793123,-0.02048549852678704,1.0660831380694726,0.6234296696509615,1.51833263051565,-0.5372621239884432,0
3060,train,2.1822113129723713,-1.040213451531707,-0.33519791039253943,-0.11875117771122787,0.2846452129428331,1.9435076985182929,1.4051906710508866,0.5181628394207063,-0.6019028237800744,0
3061,train,-2.107154763709512,0.5931764083403237,2.0897058447187997,0.24320156994264147,-0.6596849072376743,-0.35677087916194855,-0.941400019258706,1.3207056799226597,0.5607983410715643,0
3062,train,-0.03567408905656294,0.39260514933753526,2.6368660873011045,1.122092849223759,-0.02048549852678704,-0.9688634446759878,0.42504562038820454,0.026917555800952335,-0.17695872488512077,0
3063,train,0.977346801282834,-0.17550104747785328,-0.8234851607687178,-0.30803915019892975,-0.02048549852678704,0.8694171668192334,-0.9016714433319232,-0.5662976580622102,-0.6951437125198143,0
3064,validation,-0.03567408905656294,-0.8328164250733197,-0.2059605490023219,-0.41085589893783625,-0.02048549852678704,-0.9629498095561916,-0.8968022170510307,-1.547182369014673,-0.11362822742350637,0
3065,validation,-0.03567408905656294,0.8169204641073889,-0.09356452679383526,0.4132881964715891,0.17968948741923035,-1.177125044211825,1.1690887391827993,-0.32326843860651266,0.8656118534501966,0
3066,validation,-1.7624411037639094,1.1483811544119011,-0.8801786662566381,-0.4712881511748459,-1.0300530606082694,-0.561850911426217,0.9451984153540521,-0.45078278224279084,1.2685686039579223,0
3067,train,-0.03567408905656294,-0.1112544452869886,-0.4594946923123202,-0.6287565815454134,-0.02048549852678704,1.4188907675718592,-1.0849263380877219,0.026917555800952335,-0.11789901170745089,0
3068,validation,-0.9964054687663925,0.9275935479815388,0.6871731846593807,-0.35864586065066784,-0.6754125254063503,-0.17171609181074807,0.816514929972163,0.7808762029754018,-0.6795116910075568,0
3069,validation,1.0000551016393915,0.08821606608127763,-1.293105463547784,-0.317235563135206,-0.02048549852678704,-1.3771686800924272,2.6855710317817394,-1.3222094720941802,-1.1025251488833498,0
3070,test,-0.03567408905656294,0.5981363236156435,-0.10557126596000231,0.14285585685031096,-0.8327537480555013,-1.9495498610047428,0.30251586417437404,2.444007735605488,-0.14132131997252745,0
3071,train,2.1281384551554816,-1.4815697640608387,-0.387109857377347,0.19369589385595415,1.5597436546459589,-0.21477255572406764,0.25688485138515665,1.461459670166499,0.18124391194393213,0
3072,test,-0.03567408905656294,0.2608799309790633,0.0016961664457837023,-0.2617060782272987,-0.058985502640039995,-1.1021908367288002,0.39853890318707647,-0.6026049341164248,-1.8225166349153672,0
3073,train,-0.33759890660773223,-0.5216901489289577,1.5307015578283518,0.21698333305206868,-0.02048549852678704,1.2258092516395314,0.5767909392591397,0.9750666530670632,0.0017815105676202087,0
3074,train,1.0037281691481952,0.0664281935612062,-1.511321989543245,-1.4333054097235924,-0.34105229449144053,0.3152471721806738,0.02682705610329424,0.5202177709110825,-0.03150200705972907,0
3075,train,0.9142130716738383,-1.1349145037418846,-0.2546957391500276,0.3534538327811512,0.28347863885652286,-0.45976357276585644,1.0655786970756085,-0.7912790939365089,0.3499319104720247,0
3076,train,0.08405019081760973,-0.6716788939003568,-0.6849245790128183,-0.0891278450540719,-0.02048549852678704,1.5727245587285343,-0.028380815027095076,-0.3540163816992659,0.4147329797602957,0
3077,train,2.140211939322388,0.8948399257947832,-1.3962879807643664,-0.7460620460924603,-0.5447140406400447,-0.6835660608467719,0.3121559180592728,-0.307958005076986,1.0427797629880737,0
3078,train,2.9318990623846513,-1.5746555999901777,-0.6418096005567234,-0.30107881580344087,-0.02048549852678704,1.5467518559285318,-0.6647033253246295,0.2293347872328233,-2.1655707525447747,0
3079,train,-0.03567408905656294,0.08157492576989658,-1.8480696569431971,-1.307336194973129,0.19953315165648433,-0.4898567456965335,-1.076493115034042,-0.974050399963692,-0.9647523474298768,0
3080,train,-0.34315752989754655,0.731069933099664,0.6662757438119622,-0.5601450773165412,-0.02048549852678704,0.5747727389022693,-0.8546733332183261,-0.7991032877501284,1.0045661419501526,0
3081,validation,2.5419885787625205,-1.6927574363033386,0.24761432295295766,0.5389337781377674,1.5260720769378087,-0.8179191558598385,0.19725980845994845,-0.5673770391128937,-0.4859531214853248,0
3082,train,-1.3550980824753172,1.6731248060690822,0.9596260429257475,-0.2356791716779413,-1.834363123826077,-1.927201849082495,0.18921475906992968,0.29538127861268193,0.7438609008849738,0
3083,train,-1.238945279014742,-1.660708187420186,0.42585299142075367,-0.3092270443182738,2.263972873437033,0.19431331980688268,-2.0719190788395987,0.4285569974194812,1.4441924288064538,0
3084,test,0.6040289402927963,-1.4002404435616735,0.9120335659472678,0.3520698362927442,1.9774646082630232,-0.629588424845942,1.5659858108279565,0.7631874990687599,-1.9586925840013882,0
3085,validation,0.8620931246293949,1.320745843774939,-0.5277042415170979,-0.6156733422700775,-1.6745722235685192,-1.6406990512650055,-1.1198391975973547,-0.20689599680983156,-0.5928740649804243,0
3086,train,-0.03567408905656294,-0.3710359653380645,0.054101911428243096,0.04381070857633672,1.6103611822099315,-0.22804891128451785,-0.6266462236516949,-0.14025824720312488,-0.7916696305859332,0
3087,validation,-2.0778603797789463,0.10256490696440852,-0.8073710846401935,-0.38281580038349905,-0.02048549852678704,1.124299394637559,0.7149057958699628,0.7082937780944594,1.0784636748117304,0
3088,validation,-3.3738100247860525,-0.12335527707072674,0.3517869212764748,0.4116443758708114,1.3647877061237794,0.5614908037314835,0.0069015810133931455,-0.6191358695792463,-0.16464343550490268,0
3089,train,1.8776672465992332,0.6489744507132714,-1.7105244466157505,-0.6655488763719798,-0.02056904337385136,0.05347560585210059,-0.5807723621692218,-1.286194948310521,0.26640877180693995,0
3090,train,0.39524320646734623,-1.4114488730163424,1.3775577252940383,1.0275566311196935,1.9952112424642237,0.10281598172990702,0.29154808283740097,0.026917555800952335,-0.6182198148940627,0
3091,train,-0.03567408905656294,1.1422901197514665,0.6126488581093904,0.12483842364806738,-0.8780628851390023,0.7736826982896247,0.5380803601152354,-0.48118193689359384,-0.9878595675042796,0
3092,train,0.11998429558826662,-0.07581107205902089,-1.5577955348521757,-0.2635910248655424,1.667856585581959,-1.4253416121731712,0.53264747681958,-0.0692985892106337,0.3982697749280908,0
3093,train,1.6705787723669026,0.11756795719415976,-0.20146804306891727,-0.01146436724649056,-0.821201334560869,-1.139326052256796,0.7257346828427621,0.3290081825175576,-1.210090223774243,0
3094,train,-3.471267267220487,0.6055545608703672,0.13941646179349665,-0.2042532193645947,0.27988457095230307,-1.0712469698085811,-0.8461040609307263,0.7995200719479,-0.061085310343682774,0
3095,train,0.11227170279508596,-0.38770254469187776,1.2871219875378292,0.055504645371733316,-0.3146287966099303,-1.0185174126494336,0.2753964313469121,0.17301554134464978,0.3645937215292016,0
3096,train,-0.07888883247616375,-0.5671049662950236,2.069217209571692,1.142445162940401,0.08904283129198853,-0.42295986521948264,-0.006289944952614359,0.586730749380555,-0.43249777944917017,0
3097,train,-0.6355606120989183,0.4933645842776914,-0.7735455171950282,-0.9673989202187813,-0.3934641661062124,-1.8308641836327257,-0.43240721712311847,0.5647432931541155,1.073734958128935,0
3098,train,-0.533300621023141,-0.5292404557950129,0.4386166681606441,1.1429696567142442,0.2106465359087735,0.38012993288077246,-0.061484731543112986,0.026917555800952335,2.221509901930978,0
3099,test,-0.11116579874789734,0.655160330435824,-0.9488594943756125,-0.8954966239664671,-0.02048549852678704,-1.5478125529068285,-0.9818317064126387,-0.26513437034765913,1.208254865279676,0
3100,test,-0.40998149714951937,-0.5149305404017183,1.4663980862568775,0.8980821229713295,0.11505958423929115,0.9416867942259657,0.6563471138826797,-0.3905483639288213,1.3190293479731365,0
3101,validation,-0.03567408905656294,0.37420925583176234,-0.6128229716870197,-0.7625104260710861,-0.6271469245195104,-0.7774008846664442,1.0822603871546606,2.6102866487030645,0.6190456813629455,0
3102,train,0.15353263540586573,-0.09956742017699093,-0.2812575671517699,0.35325778461843677,-0.7452383540045755,-0.017646591389695702,-0.4342856363619796,2.882102486949035,0.09889834350967351,0
3103,train,-0.7603394131952519,-0.29532920060976725,1.0279855057640876,0.11465325576314517,0.14393288330813642,-1.2822009069653038,-0.49318031293591297,0.39013631065266374,-0.07201810573881763,0
3104,train,1.0533467421799576,-0.9914556974069408,-0.7891487950454205,0.11288228576076817,0.4703972830925181,0.19861333827316147,0.7934318895552415,-0.5031598883531371,-0.42188399801162496,0
3105,train,1.4219085869770982,-0.951111880530319,-1.1944997599754377,-0.2979709353145462,1.06366213550123,-0.09323469543307578,-0.27860080635458784,0.4345269809258837,-0.363763211913847,0
3106,train,-0.03567408905656294,-1.2243156425670292,0.14450824553939615,0.10760608902806797,0.031129626791081746,-0.613052246962135,1.5245026033026192,0.9793813856643697,2.0383794736637273,0
3107,train,-2.5506392317339492,0.598722044817916,2.332767791352464,0.6439799629590631,-0.02048549852678704,-0.9333812333887638,-0.07166699689107228,-0.8464485494786398,-0.8576212615959012,0
3108,train,2.972200669234934,-0.30858232619081516,-1.0765621914958532,-0.019634704474749666,-0.32929757405467663,0.9363494698721738,0.6174965237374588,0.6993094507356686,1.5294388819624898,0
3109,train,-0.5449266904361003,0.2652622068186407,-0.21726186928635052,-0.011679297910306514,-1.3625682004725481,0.5412031421150337,1.1512761404204046,-0.11121080374305958,0.652046378813417,0
3110,train,-0.03567408905656294,-0.132198501084666,0.4149551094056412,0.7067916159452002,-0.02048549852678704,0.4670045878286373,0.732195887990769,-0.49160956671799694,-0.5462396393817026,0
3111,train,1.1421919096290616,0.4813376897778126,-0.8701527277964981,-0.4432191070535026,-0.02048549852678704,0.746978424393598,-0.50849285597309,-0.37266066006497806,0.898559663019928,0
3112,train,-0.31818023035088616,-0.04978436969195448,1.4184985685294709,0.33367990952524074,-0.02048549852678704,-0.1297669001511742,-0.2543415126084829,-1.1515938066212859,-0.4456237128437324,0
3113,test,0.4428601047286365,1.0480896988057764,-0.004299364820926864,-0.11744625520090578,-0.02048549852678704,-0.40523620648864095,0.23544935247586782,1.6844639060271869,-0.19105405417009705,0
3114,validation,-0.07659569910341689,-0.33143653524393035,0.6994525417664734,0.07316027674365076,0.4372313821151539,-0.17164449359028958,1.7190042122944011,-1.8973062902851843,-0.9520485925439478,0
3115,train,-1.6168632374907848,-0.5387955832226669,0.05429442534957133,-0.20113262592933695,2.021076528839971,-0.6991932799035273,1.200114731643523,1.293528773700708,-0.14165847301927,0
3116,test,-1.2622840065141148,-0.6131770976074438,0.700807367493291,0.3120858922309739,2.199470215358951,0.15236015697335178,0.048850698503214475,0.4258650424841312,-1.183165517619533,0
3117,train,-1.2322041372829935,0.9383922101133532,-0.4790209809266962,-0.4798259171016247,0.6801607470015153,0.7572704846312106,-0.9375905917604749,0.026917555800952335,0.5032701475716077,1
3118,train,0.918663381865656,0.8622606515543149,-1.0221461420066786,-0.5717172865913048,-0.17271582629803903,-0.19897441349475936,0.959540716966706,0.43093081263515476,-0.1868620985185717,1
3119,train,-0.1608219268526641,1.1713756221094036,0.30067230872924183,-0.9351212347674805,0.02884881017475622,-1.1144495438360753,-1.452742353820797,0.708506693618505,1.2152397393902847,1
3120,test,0.12218018554529948,-1.111842583483234,-0.6469898114829054,0.619276024026505,-0.1476183742426675,0.6226855332059658,-0.44331969891764034,-1.4274991674694024,-0.02600079535425125,1
3121,train,-0.2388407351212994,-0.16597976417147048,-1.777880787173302,0.4004300574694864,-0.02048549852678704,-0.04100411837686896,2.0030355571867604,2.0438208996915406,-0.2623602100292936,1
3122,train,-0.03567408905656294,1.8917488711919876,0.41928328384693614,-1.355110544589994,0.19819406138804888,-0.02707422615140643,1.4469566141600791,0.08132219447568201,-0.35666446882390346,1
3123,validation,-0.03567408905656294,1.1101121970087144,-1.4892771360649864,-0.7545881333549259,-0.02048549852678704,-0.33864694039348314,-1.6799103273586213,0.22855410606153168,-0.7303423573538734,1
3124,train,0.47220058454636965,1.1351923519692426,-0.5729646435331689,-0.6067323477784724,-0.28243253159457343,1.1375085841133499,1.0801726489296284,-0.365891248220039,0.9110747496398861,1
3125,validation,-0.667437497224092,-0.379805920185361,-0.4366836142155042,0.11117972105481672,-0.02048549852678704,-1.1467835767724268,-2.0217411223579536,-0.45101617566607305,-0.7516677063514584,1
3126,validation,-0.28479071155112,-1.2569093855294498,1.0010644035748204,0.6700769645475697,0.09203117845849874,-0.028369151781084616,0.25624496629453297,0.8658738167368765,1.192679353072232,1
3127,train,-0.03567408905656294,0.589025417518933,-1.3250886066745036,-0.2958328817897078,-0.02048549852678704,-0.6122675863729352,-0.32829619172779373,1.0563041137413354,-0.27245537591848007,1
3128,test,-1.4462062211855817,0.5863950614854397,-1.3573978286563104,-0.08900994624621135,1.2545234280939985,1.2261833455933915,0.01918304464867882,-0.8700305770618595,-0.6596028482258132,1
3129,train,-0.4671598583117299,1.6319180330571041,0.02762038661923137,-1.3734598471261787,1.1443938099016981,-1.155162970744283,-0.034744444444494295,1.9590671607068417,-0.01575324704990898,1
3130,test,0.7191176645157003,-1.3170248933070818,3.2982534542713444,0.46505815958434393,-0.7580495122416895,-0.05592887965232074,0.017769865392016533,-0.06596198572327545,0.50118030455587,1
3131,train,-0.1589413777792949,1.1097431296705087,-0.7370895088820583,-0.5946944854095677,-0.02048549852678704,0.12761061396007992,1.188426569444684,0.9781174436889544,-1.760877829700384,1
3132,train,-0.25142899175684574,-0.3313640475905477,1.450439368586299,-0.33784380059937635,0.7328420042000086,-1.5286366831887241,-1.2351730197788466,-1.0078578323335199,0.9130167344630565,1
3133,train,-1.8701719244149093,0.32610631787567734,1.4273598415267588,-0.1794020759276372,1.105351047140958,1.2581044368316434,-0.502303764589321,-1.3541089039444498,0.5508510410474526,1
3134,test,0.9185597074789909,-1.0887889169225184,-0.6726505449499649,0.826600881695742,-0.925566231980571,0.6409369612021569,0.31811035350120653,0.3397486451595158,-0.433905631075277,1
3135,test,0.12944276900160934,0.02879544005209381,0.6127774841185238,0.4366106130928627,-0.7956441798817642,-1.577300109483926,0.10636088268757782,0.031144130069263722,0.9455006398647208,1
3136,train,-0.343741902682861,-0.2983392403027635,-0.5820789517689698,-0.40010814890796087,1.2417804442316271,-0.279988304660264,0.2239685727390596,-0.2512850009920945,-0.2011557480853766,1
3137,train,-0.03567408905656294,1.3451263635475461,-0.20579034360999443,-1.3643739559498824,1.2614949932059272,-1.2409995088075942,-0.29922674333529414,1.0815940803797401,-0.6620571788790401,1
3138,train,1.066795112245614,-0.24547930469060594,-0.9795345036484931,-0.163501461692057,0.03905745113271751,-0.34883485899749295,-1.0935606812575926,-1.4046205338293807,-0.41761940160589056,1
3139,train,0.8670371653653147,-1.0304674479185174,1.499452395011008,0.37374536435852956,-0.45369576070965517,-0.2896549173248801,-1.8331364285344163,0.09383747112460682,0.5055921504684866,1
3140,validation,-0.03567408905656294,1.4130435894744187,0.851744460734177,-0.7746209218315954,0.17921962111529757,0.43287886276253,-2.703572422931966,0.026917555800952335,-0.5732342433687864,1
3141,train,-0.289578634782402,0.6081497150948488,0.3822093357679986,-0.19412667907234987,-0.09076152515615966,2.3720466038546113,1.4779863511793314,1.0220026926907302,-0.7287285743173773,1
3142,test,2.3281825959018336,-2.1681996365935334,1.9110333680628055,1.0052865952389078,-0.02048549852678704,3.037538849191548,-1.3918848356510813,-0.9138188860600897,1.7897341310202435,1
3143,test,-0.5117655439522188,-0.30290087190300513,0.14325600308100514,0.6136621946412071,-0.18789682741050526,-2.392141931349152,-1.4141497230697633,-0.3281119310571094,1.5193345282442188,1
3144,train,-0.03567408905656294,0.5477428132027257,0.025510270195965547,-0.559173975568704,-1.0869770185445484,-1.1773154855441486,1.2866090256091525,-1.2719813729927316,0.3422866008847824,1
3145,train,-0.24077364221086578,-0.39247552199553665,-1.4289935907414426,0.5657917676985683,0.30893106176807505,-1.3228102846787806,-0.6721622534079945,-0.6134541077674197,-0.011407302871421771,1
3146,train,0.8263041925942658,-0.4017058065411959,-0.17048575973001148,0.007302188345291366,-0.3220383803631998,-1.6311112778658503,-0.2327308087425572,-0.24635330078112302,0.3431630251518683,1
3147,train,-0.561546224291966,-2.033378283363695,-1.3748287387487388,1.984599898935855,-0.3697146690476428,-0.3530298410218836,-1.0454007943270316,-1.438406137175621,-0.049514192920538484,1
3148,train,0.675397025763838,-1.963010437193971,-1.2517287862488595,1.505428393216109,-0.5177147363597611,0.6380161171538272,0.1290762955642672,0.41324944104968947,0.4098303298643546,1
3149,train,-0.9211695743306065,0.8269815064421157,-2.3288987883283427,-0.37406551504081803,1.282242107278074,2.3702677767508527,0.12512251288734139,-0.2594402221730507,-0.377302855925017,1
3150,validation,-0.35451807087873816,1.3658075458675656,3.9272636112263775,-1.0788508798301817,-0.02048549852678704,-0.15007709220211377,-0.7990852456111488,0.2864608292699044,1.6906212783342391,1
3151,train,-1.2120663700881904,1.0511323260693126,-1.7229827895773684,-0.6212080416017568,1.509846095164627,0.4663462344821158,0.081778070098024,0.7320005457618669,0.06861544810129132,1
3152,train,0.3838351140182233,-1.1016893900085662,0.8178867865800112,0.07496661109236298,-0.02048549852678704,0.13320173108672162,-0.330840671255619,0.0622655158209692,-1.1408892047979868,1
3153,train,-0.03567408905656294,-1.7638183713381514,1.3623961440260333,1.584713812820727,-1.60626754446022,0.8804427258114891,-0.1833880420826718,0.2693953054872547,0.9052055644204979,1
3154,train,0.5905164279979224,-0.34630716647995247,-1.7875019680416948,0.012940358250223476,0.3013440433913857,-1.7762609878997335,1.4196482585651629,1.2473377790266909,-0.10738993699518377,1
3155,train,1.1901034302362228,-0.6102766904333375,-1.0975401938920084,0.23567090687886402,-0.3450575808870267,-0.4018791236813389,-0.5452806012533647,-0.015860148305249098,-0.07205867540695199,1
3156,train,0.794337793337012,-0.3780764252126867,-0.022504995574876167,0.04339256641201281,-0.7866518329317533,-0.18545164055095562,-0.14458068873947938,0.36006800592322263,-1.7469724755653488,1
3157,train,-0.8329823382372604,1.3535736852032798,-0.39747875376197633,-0.6546532370931424,0.4730943712052243,0.7873541289629251,-1.6112331825282264,-1.3626452530962772,0.3917818325776998,1
3158,test,0.7475476778849509,-0.3080353220748432,-0.247199540759903,0.38508074298164585,-0.02048549852678704,-0.7108214442071603,-0.8389576474612136,-0.67325361613674,0.8112080333396564,1
3159,train,0.548393210840542,-1.322493395958345,2.2075549814655733,0.8477057334249349,-1.086463913347149,-0.9060363938502952,-0.9090218128700411,0.07841305517311913,-0.95075503188515,1
3160,train,1.109318470461203,-0.8318628103351096,0.23040884975926215,0.6639330811878141,-0.02048549852678704,0.6284529460524223,0.07861425772156364,-0.13765902997039406,-1.3409853462926846,1
3161,train,-0.6114789358895105,1.2048605445624985,-2.3463080315706977,-0.5963049790750377,1.1059721246199976,0.10159056520217229,-0.9698293775888328,2.1330035425487233,0.15268508293234676,1
3162,test,1.3586545411590867,0.7760349819230224,3.63309197446719,-0.12596692058240452,-2.190960166093033,-0.5558350869818012,-0.4769561534538543,2.2496278758778314,0.7427778649117333,1
3163,train,0.8819467989507734,-0.9976772386521877,0.29531419863714736,0.6865686740904442,-0.02048549852678704,0.027673020157684223,1.5559644146512872,-0.1908950823341926,-0.28266113334706433,1
3164,test,1.455493916111101,-1.387310196352819,0.5335820559323179,0.623126379462047,-1.088312700780798,1.4002364207163693,-0.09550469434122609,-1.6822541918558858,0.41353452623972886,1
3165,train,1.5567588557011376,-1.1953174061249736,-0.7634660626213149,0.4148170055313886,-0.47867809487520585,-0.03793693496596148,0.42281213501214837,2.667806914857698,0.5242040119313346,1
3166,validation,0.27470182972759627,-1.4389846744226455,0.7993057190233467,0.9120902945160436,-0.02048549852678704,1.2718025934317208,-1.4462430744054975,-0.5176338510631365,-2.774296887962434,1
3167,train,-0.718758987414991,0.887354355809431,-1.1004401490142643,-0.6048802751098433,0.8826052214955467,0.9258488749336208,0.4246141823889967,0.46155752210293105,-1.0598020032254387,1
3168,validation,-0.5451719251581377,0.9746989440247177,-1.1623434113399456,-0.48279190842357395,-0.02048549852678704,-0.16280625031128101,-0.790596817852693,1.4086983732410077,0.2341742971033451,1
3169,train,-0.9651474444315582,-1.672547828278343,0.2924284360232656,1.802181424711006,-0.37233680516800993,1.0348263335208299,2.8574788006185328,0.6915977918918432,-0.17140306394339674,1
3170,validation,-0.06725046551627586,0.7007586655037558,-0.6081515889321536,-0.40597235305527885,0.14366586220121808,0.8000195301330465,0.47128670558597024,0.2841181799047746,-1.1368914646361727,1
3171,train,0.1288679310191923,-0.66524551965519,-0.8658924201775241,0.4622972844618357,0.10496042871827635,-1.3003436453353707,1.1759591321877125,-0.5029165199311244,0.28843305692946514,1
3172,train,0.24888965929898899,-0.1127616809534341,1.1878673767608336,-0.6295975151587977,0.09096781199964175,1.784840122195952,1.1614141379890293,-0.552371365876537,0.5109145620328429,1
3173,train,0.3635795421379944,0.18370523610413403,2.5864473060104656,-0.798062994294092,0.11664542867061269,0.3831251248978842,-0.27909253052239136,0.474317171011098,-0.25723767370851475,1
3174,train,-0.2627461737239605,0.04795998096373448,1.463807889743211,-0.519314261242455,0.7252788942264004,0.03625244075666868,-0.6385498386927907,0.026917555800952335,-0.27196874450109837,1
3175,test,-0.03866095099580443,-0.3335287289879354,1.06270191886359,0.32926026904938305,-0.1812714123655667,-0.3609881143042125,1.5900698047797501,0.9237402616101594,-0.7393693105564926,1
3176,train,1.0395214699680588,-2.193220794964868,1.168338754975474,1.7120681742310822,-1.916014585195591,-1.0573580489563856,-0.402771753011096,-0.7710778183991968,0.8229247762553558,1
3177,train,0.23113833174411677,-0.4985598143851109,1.4383275411227614,0.5193600208578684,-0.8247496150995269,0.023002737171897776,-2.0185160111912688,0.036948191449388074,-0.774239491459833,1
3178,train,-1.107958610462051,0.6987189404146594,-0.09634624363943002,-0.1684181488376024,0.583850886070928,-1.4293987764664975,-0.07178560211132454,-0.5237791448553593,-0.21916539178832684,1
3179,test,1.7216536818660868,-3.1203036995595284,-0.5936261404731291,1.2747566612704075,-0.6186193277058537,1.3274841046335615,-0.5971414427967467,0.08298774232120486,0.058243125625347815,1
3180,train,0.7916757158552289,-2.3811074409733837,-1.6009869674517574,1.2630301296369375,-0.02048549852678704,1.864233166755602,-0.386296851893785,0.42373339032531177,0.1608119127674717,1
3181,train,-0.3015387987870304,-0.1472457727058705,-1.3195115017394818,-0.26293751562097833,1.2781093917853381,-0.08105442948785138,-0.6181829492921121,-0.05941439782405633,-1.0436677814970363,1
3182,test,-0.2982074700517542,0.015344766307604812,-0.5634814325115397,-0.18888751898298797,-0.02048549852678704,0.9527643013994527,0.749044195627937,-1.2964352496867195,-1.1724610701475031,1
3183,test,0.05473411818901444,0.49897504344920673,1.2448387811230284,-0.50152786858156,-0.02048549852678704,0.7757401447823123,-0.4834173433054623,-0.4984229902345905,1.3137134529261099,1
3184,train,0.8176499050859758,-1.383664749602797,-0.8435429889822048,1.2168332358507599,-0.8442008228727373,-1.299960011689883,-0.18700798390595755,3.0367021658119313,0.3884829492582377,1
3185,train,-0.6631545624805545,1.1670467772587096,-0.5862326562366326,-0.6931891931375779,0.3908572171227766,0.12200003783454735,-1.2862469288866474,0.026917555800952335,-1.4745055652101864,1
3186,train,0.8391583201111232,-2.630107305234122,0.3414528278359964,1.4906596835494865,-0.02048549852678704,0.6468086857697419,0.0022372224664996302,0.7438183887511426,-1.6304886387947841,1
3187,train,-0.03567408905656294,-0.3594251055909051,-0.7896831811131315,0.2499227646206509,0.9200873828804585,0.09378629138364383,1.7058463751180302,0.5755604745633114,-2.61950417468055,1
3188,validation,1.3075699906499887,-0.7043442449306485,0.7394355773403369,0.8585748502228479,-0.02048549852678704,1.2759986588396952,-0.4359843718585129,-1.7968087851942796,-0.25044053821158196,1
3189,train,-0.13450887256513538,0.45153186511626375,1.5027846776114866,-0.6414372290247516,-0.02048549852678704,1.5037139746935937,-1.7801357984420179,-2.4369847163463296,-0.4745525856678073,1
3190,train,1.5042851269607482,-0.11215970121060724,3.2268509560228384,-0.49546186354491645,-0.02048549852678704,-0.7709953650515508,-0.011630245262366811,2.06014798014854,-0.395109230578072,1
3191,train,-0.0673264001282842,-1.9396622627247584,0.01482664725574908,0.9224829699103534,0.20369544095955583,1.3346136338447208,0.5851645858971471,1.6218156242084854,0.35209001835454834,1
3192,validation,-1.354765010466579,0.8104980095945489,0.13012075463530764,-0.07456094001514306,0.4470461935098797,0.5993843865358235,-0.3760760029084388,0.7578508101069169,0.9463704261330905,1
3193,train,-0.6359136918754216,-0.25463009248161117,-1.5259674417495794,0.40350958928426883,0.68021113424936,0.26332918395021243,-0.3192784045408998,-0.8340481760695381,-0.6731605878485881,1
3194,train,-0.6089092925519192,0.8492924442543566,-0.7494221692720052,-0.758830140873064,0.8974184022896189,2.7338745491690846,-1.225675699654325,0.35891588343008146,-1.2064907443541586,1
3195,train,0.28179213587337243,-0.33439883213866906,1.0371826165309015,0.3004949312980179,-0.02048549852678704,0.5964583843984164,0.263205969049851,0.431635240834893,2.2609966491797118,1
3196,validation,-0.08088299718517439,-1.0426898433235738,0.2842676025797976,1.2664754795363233,-0.7157509006228028,0.7742907094262578,0.3818363855308499,2.3181044043292975,-0.0019748985077351583,1
3197,train,-1.138296605632122,2.3228812341812706,-2.160068693766726,-0.8218675022404361,-0.02048549852678704,-0.9883473342745062,0.31933140692441797,0.03447680693069246,2.186004989733667,1
3198,test,0.2852628926339408,-0.3067225912672641,1.1592796916760388,0.33937342037356233,-0.49015245042713274,0.5612633523397028,-0.677570261699243,-1.4472606095699978,0.4279353620308505,1
3199,test,-0.03567408905656294,0.38090670800443394,0.5936935578938652,-0.6251419583041363,0.4459222294376064,-0.2475270610453215,-0.98416653043351,0.9911877092411981,0.028468907309145756,1
3200,train,1.0191513653954585,-1.3182225301972288,-0.20986426728760046,0.35177908340868785,-0.5749830648264822,1.1439579222187803,0.15836384919464877,0.5076437311263706,-1.3909200810187226,1
3201,test,-1.0580044586636603,0.3456077890743915,1.946707727676004,-0.3451480805063411,0.7208267738926811,-0.00405962273033208,1.3917112852072855,-0.31068726169119737,-0.822736594996267,1
3202,test,1.1300667040072374,0.031503978059111,2.1657797905957064,-0.4537305348498947,-0.6356171340256541,-1.2539684644443352,-0.5386567005440007,0.019292798588379474,0.1893963717941369,1
3203,train,1.340046922945847,-2.350658746569371,0.04428667879431106,1.4151285021787026,-1.3343508446173533,-0.6867400456657708,0.0839809382014062,-0.125798280544394,0.3693759974372422,1
3204,validation,0.6761694693875412,-2.1888090882553675,0.24093265390149138,1.0442961178812953,-0.44294024455283776,-0.36562519447956465,0.31071543167072774,-0.2185816032562161,0.3951452046109525,1
3205,test,-0.2736776737648863,0.9679058162405423,-1.6057988376017849,-0.71635821763093,0.8160173914660089,-2.1396686839624453,-0.34370803592941007,-0.08450865866303597,-0.6662719819825151,1
3206,test,-1.6017945527722925,1.0486777522887958,-0.7166794435523598,-0.30055516191646753,-0.02048549852678704,-0.5322870385486146,0.721072028314741,-0.13176591922898523,1.9015411530713944,1
3207,validation,1.4687455097671689,-2.1086317489482074,2.0204559937552626,1.098911460075409,-1.423269672364718,0.7314440336849873,-1.4468664139929437,-0.03807393370396485,0.9564909598933112,1
3208,train,-0.991108845929151,-0.1342559557980997,0.11863580582793642,0.415957710843699,0.25311608739191616,0.1363298378771072,0.2863399831875247,-1.0068481159388365,0.11608757353729003,1
3209,validation,-1.5156834378015818,0.7869871669713294,-0.6995070205792479,0.5007548406807035,-0.368759983389606,-0.12558887018345624,0.38749744521363294,1.1477788687162684,-0.00548820542588967,1
3210,train,0.9166403819519383,-0.030772879724093073,1.5296105044791015,-0.2452064726263342,-0.5243786393749712,-1.7920046971909218,-0.6102516194524357,-1.243991615911715,-0.9167909448397701,1
3211,train,-0.18141984615431775,0.6931270781939607,0.6526327780119634,-0.4978063223833903,0.19539386725722882,1.2659977724223976,1.5978181866255055,0.1553499827304882,-1.1797385225872152,1
3212,train,-0.7967758458317522,-0.6557147570526829,-1.1119261688040236,0.7923447330630903,0.38605577760913773,-0.5796103735811027,-0.5302058529791422,-0.058519184782017224,0.06766284349601392,1
3213,train,-0.03567408905656294,1.8546091391535457,0.7209706174768791,-0.6869461813199983,0.061512079955336994,1.5265529380945868,-0.0033760298501686998,0.14489600154508006,-1.6583138672874371,1
3214,train,-1.0782780476109284,2.0522163604791195,-0.21660307854178798,-1.4590712803060075,0.9095463118626069,0.09702405655953662,-0.4597330534430602,-0.9301692601037057,1.5046725714093783,1
3215,train,-1.004514159262237,2.30349767647724,2.488623046274097,-1.8316476379750837,0.9074534285861033,0.2822759519345351,0.6665618259526597,-0.30848297772618305,-0.2472522489890196,1
3216,train,-1.004097360042135,0.5946026087436592,-0.7953763470779402,-0.05937867578584692,0.5873880005669794,-1.2066477916513723,-1.3719083583891254,-1.5759406034200587,-0.9541879219615986,1
3217,train,-0.03567408905656294,-3.0142956316826193,0.751304473902919,2.156951868580072,-1.015525995238439,0.9520783667584549,-0.4225842213628586,1.21756466644996,0.18954243078343025,1
3218,train,-0.8334943452386125,2.796719006138367,-2.068399981560989,-1.8844265750044527,1.589357875291073,0.23575835355414557,-2.417063249512092,-1.0749527144582862,-0.6959331267027783,1
3219,validation,-0.45367222569104976,0.39783754610646654,1.1563549981125625,0.10363735814263642,-0.34163867650016927,-1.7075747299622916,-0.8856195029493733,0.026917555800952335,0.30621540640049544,1
3220,test,-0.6219626256234383,-0.10376855043730211,-0.6382816491324937,0.01674597724870304,-0.02048549852678704,1.233780547710199,1.917661764234447,0.5672093815441958,-0.4074807901365848,1
3221,train,-2.0764967926726907,3.2787161289712574,1.298006124330517,-1.6645275934303645,-0.02048549852678704,0.8174952296001444,-0.259642085110188,0.3735990771252059,1.347650073669346,1
3222,train,-1.4328513698011405,1.3513158842024602,0.2678563146119152,-0.936622867131805,-0.02048549852678704,-0.36932062697756113,-2.5002598270343674,-0.2343506497102217,-0.6800924960746187,1
3223,validation,0.6899170722728448,0.6825538872346337,-0.4213462814370243,-0.5608439149065699,-0.02048549852678704,-0.6338086697978901,1.0653421290838712,-0.3933922081825152,0.39413640015871027,1
3224,train,-0.03567408905656294,0.04588917003545832,1.0547486602446832,0.20063628218440085,-0.02048549852678704,1.1084316496349165,-0.7808855959407949,1.2238278521792119,-0.7996280015428192,1
3225,test,0.9426947336508871,-1.969563539270486,-0.08831080277155179,0.5634271733823639,0.3069752275216414,-0.8309403209716898,-1.0771642629053861,-0.10193762539021835,-1.3987840775619524,1
3226,train,0.535644329710342,0.4261987971411884,3.405001333886214,-0.5645723316036394,-0.02048549852678704,1.2978119870689417,0.234330237316321,1.1545144821728786,0.32064853322293974,1
3227,test,0.4054329519463474,0.1027167841059188,1.159355374052089,0.3343570172232213,-1.1831229259395546,1.9179798904532708,0.7894701864028004,-1.6952679769880619,-0.8610312428403312,1
3228,train,0.09702249474444705,0.34052056375672957,0.03221405087956378,-0.769089826910556,0.5735664802459075,-0.9162495716843067,-1.1817623072961154,0.04732018562331116,0.4683480941161685,1
3229,train,-0.03567408905656294,0.19869674445570903,-1.2714283293116924,-0.16707593049036798,-0.02048549852678704,-0.5348632372027825,0.53457692178695,0.4305675427004479,-1.1572090807752204,1
3230,validation,1.072302670385401,-2.5104597490898146,0.19351281108942664,1.0207153668876408,-0.02184165916434171,-1.3477957242992118,0.702148326646709,-0.8397681888961918,-1.374770853142191,1
3231,validation,-0.03567408905656294,0.8897828025290199,0.7261377330541153,-0.750327751130789,0.889192590708152,-0.11981036097476187,0.9309076411918019,2.395209737622857,-0.14701511803838332,1
3232,test,-0.4928328138098903,0.06712025573240485,-0.9187265455957814,0.2145804678077416,0.12596894517545895,-0.05383676734997913,-0.7183292550850705,-0.5326107121430581,-1.608176111589283,1
3233,train,2.3158034261582747,-1.8432680022752086,1.2585477665568086,0.8114414508003686,-1.5626064175007308,-0.14550041898107297,1.4135986550458575,-0.3827155430721446,0.8930508056596006,1
3234,train,-0.32724470433093467,-0.18033261988742386,-0.26695800720233026,-0.44951242796998864,1.2882239397482635,0.34907114472191364,-2.548179856329575,1.1053536078053634,0.38356649651926994,1
3235,test,-0.9332330695915428,-0.014578325184713277,-1.190234694963921,0.5799019238149142,0.37801522182407304,-1.5760033141239895,1.2745419348903395,-1.3471383013182545,0.7675899547663404,1
3236,train,-1.5771814997166749,1.8305349909671906,2.981166322615961,-0.824877144626356,-0.02048549852678704,2.002051844394277,0.6967899092817238,-1.3421803169222544,-0.09908390676973691,1
3237,test,1.7195672593437628,0.9392124373943441,0.09966348029302328,-1.066462953486103,-0.535647785253079,-0.4099616532958985,0.833477104005106,0.5844462332180016,0.43157208508657874,1
3238,train,1.4313234698995363,-0.8459215013954489,0.5965322029733301,0.21519927252807367,-0.02048549852678704,0.8706711863991136,-1.2287565413021508,-0.9959975081441236,-0.661116074085449,1
3239,train,1.9584346617922699,-0.8212366113234867,-0.6805173760868424,0.029169920907544437,-0.8800273369559475,-0.4818717588126098,-0.21413169054736014,0.34705973555845104,-0.6858253791781894,1
3240,train,-0.6684073245436525,0.2843376950605563,0.1812463080472557,0.6011134978752052,-0.02048549852678704,-0.5877716303019573,0.37582127539178084,0.18969998658780646,0.3962899122085645,1
3241,train,-0.19840839492389659,1.379235157309006,-1.4477106043182155,-0.4120183266654581,0.12903369981944973,-0.8243839386520638,0.07297315678047946,-1.3111582768345251,-2.625415190416991,1
3242,test,-0.7989650597247215,1.3613459694178383,0.44472103104148825,-1.4270167355995962,1.4298060425871402,0.4266836797903285,0.0161798291676021,-0.350271715209521,0.04686042966914797,1
3243,train,-0.6524057868440908,1.3706256977023785,-1.4799672610958918,-0.8453501222976897,0.9666664609572305,-0.7398281707457763,0.7809035450958663,-1.1696051440669166,1.255983267848945,1
3244,train,-0.8496416098564629,2.462359211181847,-0.4669622416390293,-2.267257092155726,1.8219667493057252,0.3542156958187624,1.0060014584572339,0.37659181756388843,-0.29650647823459847,1
3245,test,-0.03567408905656294,-0.2508434891131431,0.3297219992271726,0.020206316761086206,-0.02048549852678704,1.5721369334445534,0.8245784512938775,-0.638726415996382,0.46140959392647324,1
3246,train,2.4395484061233264,-0.7152972206864878,0.8078271195725042,-0.01607192057136599,-1.570500194474872,-1.7493167217382424,1.046799044658287,-0.6952136924492568,0.21061831199915318,1
3247,test,1.051325455194771,-0.3308301575735452,1.1078164863118578,-0.010982876552682569,-0.02048549852678704,-1.0555037855701874,1.218949906930724,-0.2489799448242131,1.4449829388794002,1
3248,train,-0.5609717825434146,0.45581318170175117,-0.36838449286946384,0.036013651839981904,0.19141078662173036,-0.8737973350764452,-1.918695812392507,1.0296888557166444,1.8321339367044494,1
3249,train,2.5354022868593664,0.05747551478433392,0.887740682991776,-0.8191213693755192,-0.801903249316837,-0.5512347876175026,0.19545328841596898,-1.154732679523899,0.5008607688676935,1
3250,validation,0.19595939834086126,-1.4872560300185207,2.3041497898406,0.5418272606804077,-0.2547451673106066,1.440256217139325,0.8879774218340136,-0.2179858828968365,0.4707015427896698,1
3251,train,-1.5376132570740924,1.1665241379678846,-1.214612103582558,-0.40768176022236347,1.004951651940935,-0.7124538789500539,-0.3724915395534989,-1.2548891638704032,-0.6493059119834175,1
3252,test,-1.508177794143795,1.8988497190558804,-0.9576226637927625,-1.3808159053110114,-0.02048549852678704,-1.223017419337547,0.9447504847772075,-0.6431933110520875,-0.914642973619898,1
3253,train,0.21198351183935854,-0.19134785926435824,0.085034206863356,0.7558392571104184,-1.0927714174830223,-0.17358030285213055,-0.29447407255715874,-0.171569702943347,1.3035246146578077,1
3254,train,1.2105077375526982,-1.9947346102735295,-0.4985893326304456,0.33800045456553257,0.17330211559592082,-0.35164776032578693,0.748995094186449,-0.7936493209410769,1.2585715911928923,1
3255,validation,-0.7319498817192603,0.8691301469753488,-1.9023055394242627,0.2212781755603386,0.06306517322479975,-1.2677582920578758,-0.9740692549388821,-1.8870392047065494,0.05303965712603337,1
3256,train,0.3561616213901225,-1.1080978109950725,1.9769898571322693,0.45441211561761996,-0.597750716325055,0.9264149841456704,-0.2743988181854,-0.25952398491175493,-0.5701128648152384,1
3257,train,-0.2728128096132747,2.3105306675369075,-0.32152841017872885,-1.097141214582123,0.07504134709878998,-1.4823333581144718,1.8094974683816847,0.5884112635265873,1.5820692873794744,1
3258,train,-0.30341966171574664,-0.48713451653332396,-1.3705234452031212,0.7469843659764748,-0.02048549852678704,-0.33133216368210955,-0.5085797028092869,-0.32102287120170814,1.5257984518063428,1
3259,train,1.4891260049261186,-0.4738656534205609,-0.6001816065988881,-0.046474400950605205,-0.6751166554854688,0.7358024464031973,-0.3167862081055993,0.026917555800952335,0.4643021232863526,1
3260,train,-0.03567408905656294,-1.8996756525733463,-1.458441791964985,1.2020121628515423,-0.02048549852678704,0.0027153430119192115,-1.7117470916931066,0.5485576662909296,-0.3469312036580471,1
3261,train,-2.3516419606038736,1.4547182682662383,0.3462497590905618,-0.2984579781091699,0.9102364315150749,0.17357133838802716,-0.29401319204873727,-0.4200501299231867,1.0024947103976252,1
3262,train,0.8809904728576504,0.05485397912401973,0.757976973023353,-0.38631856352874405,-0.3939520172633239,0.8858517642424604,0.34421476928435574,-1.958005643670223,0.7082112647148728,1
3263,train,-0.10923472713341936,1.9575151764843537,0.3389534679284533,-0.9943597167923626,-0.04367468323783475,2.215820026324238,0.3729546628742752,-0.9240870965194581,0.054316385579647346,1
3264,train,-0.8108359608177106,1.303996234000636,-0.14655772780976145,-0.4657563384869863,0.20414732515650885,-0.3004401204587729,1.4377920855562125,-0.14392988263323211,0.5368696127105969,1
3265,train,0.757930137355198,0.19564523858859395,0.6700666720593599,-0.38889957575650924,-0.1355443533204586,0.20483277227539776,-0.003995010881622002,-0.20350826479975476,-0.7787971802527489,1
3266,train,0.8774517790095031,-0.84692529847919,-0.8185019423140206,0.2809349586302214,-0.02048549852678704,0.4502620309183933,-0.97312852026845,-1.754326159168376,1.1962662789894467,1
3267,train,1.297507201360916,0.5616467922205158,-0.6706965244943022,-0.4983108900281591,-0.5737227163041476,-0.4632228720131804,-1.3353200812139256,-0.7001606156236662,0.8222117994396222,1
3268,validation,-0.25975557207230815,0.3248552561261633,-0.5198361550204179,0.38070764955950126,-0.8049743531714793,-1.2168366802472814,0.597590303754893,-2.359958741962619,-0.6750268705866054,1
3269,train,3.0002989674581517,-3.1232591041202697,1.7498163166389242,1.349598876837193,-2.056681404830764,0.14666893101297832,0.5839619738128322,-1.5563883466756232,0.509456647287923,1
3270,validation,-0.6906638468080426,-0.3083864268671133,0.49217503375301913,0.4052752645102201,0.3261855058187245,-0.14921758817177605,-0.6719139683744565,-0.36107294549304686,-0.38509725897871544,1
3271,validation,-1.6448345298246378,-0.093157803934911,2.9325821307417916,0.04333352822182229,0.7174725589548226,1.213173830244495,-0.1130450477903491,0.03613820317413891,0.5945659901572337,1
3272,train,0.4934356233944443,-0.09709675028808737,-0.5104031094512028,0.6008009945380713,-0.02048549852678704,-0.438087522424661,1.7252170620454343,0.026917555800952335,-1.4994893197728885,1
3273,validation,1.5899919438217336,-0.6423345022500074,1.2907794026364823,0.15772406258102856,-0.02048549852678704,0.04993060467743193,-0.9865761599651145,0.2362532498942436,-0.8593045895293739,1
3274,train,-1.3325714464955094,1.0384127748352059,-1.1188409261892907,-0.4945444790422627,-0.02048549852678704,-0.30949231289160556,-0.9468432949279905,0.7206055248439376,0.9434574098964162,1
3275,train,0.5382436415692236,-0.04962098438460352,-0.5019382626904257,0.2568360865355041,-0.02048549852678704,-1.2390989347788608,0.5740536363820586,0.7973023160309791,-2.1249187008490105,1
